x y z (flattened over all frames)
0.453317 0.218060 -0.615053
0.453132 0.197511 -0.570832
0.459865 0.196803 -0.571720
0.467143 0.195888 -0.571650
0.423822 0.196970 -0.614864
0.409254 0.195977 -0.615692
0.396814 0.195531 -0.616062
0.455065 0.201297 -0.295488
0.362800 0.203132 -0.497360
0.460872 0.234950 -0.500612
0.427184 0.234746 -0.563681
0.504090 0.301495 -0.059446
0.256999 0.314264 -0.448889
0.529440 0.426574 0.096027
0.232537 0.458507 -0.476791
0.566743 0.535062 -0.053111
0.244852 0.584516 -0.568903
0.580577 0.568646 -0.086632
0.242349 0.623644 -0.643894
0.574901 0.572722 -0.168665
0.277234 0.619634 -0.694677
0.563684 0.561108 -0.087819
0.287061 0.605248 -0.591213
0.483564 0.557073 0.134983
0.344712 0.565405 -0.135604
0.479738 0.709969 0.513639
0.333208 0.742205 0.041267
0.476585 0.830223 0.997139
0.331791 0.866526 0.480052
0.443194 0.853247 1.030497
0.325071 0.874854 0.515190
0.582289 0.870799 0.852745
0.388559 0.940140 0.287578
0.453204 0.218039 -0.374069
0.452990 0.197295 -0.332860
0.459802 0.196659 -0.333855
0.467142 0.195816 -0.333776
0.423719 0.196714 -0.380142
0.409494 0.195871 -0.381027
0.396863 0.195448 -0.381437
0.455086 0.201284 -0.107245
0.362494 0.202111 -0.323693
0.460834 0.234899 -0.279572
0.426763 0.234639 -0.347297
0.503997 0.300597 0.047367
0.257299 0.314147 -0.315568
0.534344 0.426125 0.172109
0.228581 0.458108 -0.376123
0.567615 0.535075 0.037224
0.245942 0.584144 -0.446743
0.581140 0.568582 0.016432
0.244662 0.623600 -0.501692
0.574906 0.572273 -0.052882
0.283300 0.619194 -0.540189
0.563683 0.561099 0.008969
0.293726 0.604395 -0.463007
0.487792 0.562075 0.126562
0.346328 0.570945 -0.127228
0.483282 0.710431 0.497137
0.333234 0.742460 0.016922
0.476752 0.830778 0.887975
0.332085 0.864734 0.384951
0.443954 0.853110 0.913435
0.326419 0.873452 0.416216
0.583856 0.871854 0.786332
0.387972 0.939345 0.248976
0.452952 0.217971 -0.383953
0.452870 0.197094 -0.339029
0.459674 0.196533 -0.340034
0.467066 0.195754 -0.339928
0.423641 0.196496 -0.388427
0.409643 0.195738 -0.389300
0.396866 0.195344 -0.389703
0.454984 0.201284 -0.095893
0.362013 0.201488 -0.322157
0.460607 0.234806 -0.282988
0.426108 0.234377 -0.353620
0.503905 0.299766 0.065801
0.257173 0.314174 -0.304264
0.538306 0.425252 0.184997
0.225267 0.457727 -0.365029
0.570686 0.534894 0.019278
0.246552 0.583385 -0.447327
0.582368 0.568578 -0.008080
0.245366 0.622554 -0.507270
0.575038 0.572175 -0.080296
0.285804 0.617599 -0.546386
0.563781 0.561082 -0.010837
0.297411 0.602822 -0.463965
0.491945 0.564067 0.123750
0.346474 0.573238 -0.124427
0.485101 0.711165 0.497507
0.332508 0.742119 0.019441
0.476983 0.831248 0.923713
0.332626 0.862595 0.413281
0.445889 0.852771 0.952972
0.329167 0.871637 0.446611
0.583852 0.873846 0.797154
0.387556 0.938824 0.265728
0.452560 0.217879 -0.367422
0.452619 0.196790 -0.326492
0.459395 0.196294 -0.327506
0.466872 0.195585 -0.327426
0.423491 0.196172 -0.371911
0.409681 0.195504 -0.372798
0.396866 0.195166 -0.373201
0.454758 0.201223 -0.100060
0.361791 0.200930 -0.308367
0.460233 0.234591 -0.272907
0.425513 0.233916 -0.338270
0.503463 0.299196 0.042628
0.257037 0.314153 -0.278063
0.539321 0.424829 0.166076
0.223236 0.457019 -0.324668
0.573193 0.534588 0.016589
0.247327 0.582303 -0.399185
0.583556 0.568404 -0.010527
0.245933 0.621195 -0.451382
0.575679 0.571944 -0.097154
0.288510 0.615770 -0.492891
0.564284 0.560866 -0.018924
0.300759 0.601195 -0.416400
0.494597 0.564528 0.107275
0.346648 0.573541 -0.107966
0.487214 0.711296 0.472055
0.331936 0.739883 0.008527
0.477449 0.831829 0.866069
0.332834 0.861950 0.373230
0.447072 0.852710 0.891974
0.330026 0.870978 0.404141
0.583770 0.874820 0.758578
0.387004 0.938894 0.238647
0.452446 0.217844 -0.374876
0.452573 0.196571 -0.334519
0.459351 0.196088 -0.335529
0.466871 0.195408 -0.335438
0.423424 0.195968 -0.379748
0.409772 0.195347 -0.380630
0.396866 0.195045 -0.381031
0.454757 0.201153 -0.109984
0.361638 0.200590 -0.317495
0.460148 0.234470 -0.280880
0.425343 0.233729 -0.346075
0.503201 0.298991 0.034622
0.256850 0.314137 -0.289521
0.540587 0.424561 0.157914
0.221879 0.456385 -0.338372
0.575435 0.534562 0.012134
0.247812 0.581487 -0.415863
0.584849 0.568054 -0.014017
0.246239 0.620426 -0.470088
0.576444 0.571059 -0.087671
0.289909 0.614692 -0.511421
0.565042 0.560109 -0.018232
0.302404 0.600229 -0.433392
0.495665 0.564505 0.106596
0.346988 0.573466 -0.107275
0.488636 0.710689 0.472695
0.331942 0.737583 0.009070
0.477653 0.832152 0.859236
0.333137 0.861372 0.375292
0.448208 0.852706 0.883703
0.330731 0.870743 0.405898
0.583747 0.875382 0.739965
0.386947 0.938432 0.229427
0.452385 0.217869 -0.404707
0.452556 0.196566 -0.363011
0.459301 0.196086 -0.364018
0.466861 0.195407 -0.363913
0.423402 0.195945 -0.410808
0.409949 0.195323 -0.411685
0.396871 0.195031 -0.412091
0.454741 0.201162 -0.129794
0.361406 0.200535 -0.346540
0.459990 0.234470 -0.307046
0.425215 0.233696 -0.375446
0.503086 0.298861 0.031380
0.256834 0.314110 -0.318018
0.541359 0.424517 0.155488
0.221139 0.456020 -0.358101
0.577283 0.534575 0.004551
0.248425 0.581119 -0.443781
0.586724 0.567931 -0.022284
0.247048 0.620037 -0.503312
0.577587 0.570689 -0.095643
0.291054 0.614450 -0.545868
0.565996 0.559840 -0.025924
0.303522 0.599950 -0.462314
0.496071 0.564382 0.108280
0.347435 0.573267 -0.108942
0.489036 0.708896 0.479898
0.332209 0.736247 0.004792
0.477606 0.832259 0.880609
0.334641 0.860918 0.373240
0.448509 0.852705 0.905638
0.332906 0.870559 0.403974
0.583556 0.875628 0.756850
0.386945 0.938047 0.220403
0.452318 0.217813 -0.410137
0.452509 0.196389 -0.366066
0.459244 0.195917 -0.367075
0.466857 0.195248 -0.366962
0.423320 0.195813 -0.415361
0.409973 0.195225 -0.416245
0.396848 0.194970 -0.416661
0.454732 0.201131 -0.124441
0.361115 0.200483 -0.349714
0.459947 0.234333 -0.309635
0.425079 0.233535 -0.380094
0.502798 0.298766 0.043583
0.256831 0.314077 -0.327542
0.541543 0.424499 0.170033
0.220624 0.455954 -0.369481
0.578500 0.534578 0.013243
0.248676 0.581032 -0.455234
0.588480 0.567876 -0.012252
0.247834 0.619936 -0.516720
0.579551 0.570448 -0.086110
0.291525 0.614502 -0.559993
0.567585 0.559672 -0.017421
0.303845 0.599974 -0.474349
0.495884 0.564247 0.110806
0.347435 0.573211 -0.111469
0.488996 0.708083 0.493889
0.332221 0.734850 0.006898
0.476646 0.831969 0.893181
0.335157 0.860465 0.381896
0.447917 0.852431 0.920621
0.333990 0.870045 0.412934
0.582682 0.876201 0.768289
0.386778 0.937515 0.224452
0.452279 0.217780 -0.414251
0.452493 0.196317 -0.369079
0.459213 0.195862 -0.370086
0.466855 0.195204 -0.369967
0.423286 0.195748 -0.419267
0.410056 0.195173 -0.420154
0.396846 0.194937 -0.420575
0.454706 0.201129 -0.122463
0.360849 0.200455 -0.352265
0.459911 0.234253 -0.311957
0.425004 0.233383 -0.383623
0.502583 0.298749 0.051368
0.256815 0.314067 -0.332375
0.541773 0.424485 0.173145
0.220289 0.455854 -0.373985
0.579049 0.534580 0.008174
0.248990 0.580974 -0.459696
0.589477 0.567859 -0.018200
0.248738 0.619822 -0.521658
0.580574 0.570316 -0.092115
0.291946 0.614544 -0.566652
0.568417 0.559584 -0.022480
0.304182 0.600002 -0.479672
0.495717 0.564232 0.114183
0.347410 0.573349 -0.114849
0.488947 0.707916 0.500857
0.332208 0.734976 0.008374
0.476265 0.831903 0.894370
0.335356 0.860510 0.389399
0.447632 0.852364 0.922422
0.334548 0.870010 0.421035
0.581726 0.876855 0.769684
0.386518 0.937419 0.229573
0.452245 0.217777 -0.420113
0.452485 0.196311 -0.374756
0.459207 0.195860 -0.375765
0.466877 0.195203 -0.375649
0.423225 0.195692 -0.425008
0.410087 0.195110 -0.425892
0.396832 0.194881 -0.426316
0.454714 0.201146 -0.127197
0.360592 0.200404 -0.357056
0.459898 0.234247 -0.317480
0.424922 0.233302 -0.389199
0.502367 0.298746 0.048359
0.256814 0.314065 -0.335899
0.541861 0.424502 0.171692
0.220225 0.455841 -0.388595
0.579276 0.534702 0.005457
0.249314 0.580977 -0.474711
0.590145 0.567865 -0.021372
0.249207 0.619790 -0.537620
0.581221 0.570275 -0.095768
0.292282 0.614575 -0.577972
0.568902 0.559581 -0.025502
0.304600 0.600029 -0.492617
0.495586 0.564225 0.116771
0.347452 0.573684 -0.117433
0.488880 0.707801 0.505971
0.332223 0.735065 0.007390
0.476191 0.831785 0.898190
0.335539 0.860727 0.391182
0.447626 0.852232 0.924334
0.335017 0.870029 0.422977
0.581176 0.877272 0.776766
0.386241 0.937422 0.232026
0.452236 0.217763 -0.402621
0.452478 0.196297 -0.357951
0.459199 0.195855 -0.358964
0.466894 0.195201 -0.358859
0.423208 0.195665 -0.407431
0.410205 0.195082 -0.408316
0.396835 0.194856 -0.408744
0.454713 0.201155 -0.116504
0.360498 0.200369 -0.343131
0.459899 0.234217 -0.302504
0.424913 0.233229 -0.373270
0.502303 0.298735 0.049939
0.256811 0.314087 -0.325352
0.542146 0.424429 0.169256
0.220253 0.455840 -0.384184
0.579210 0.534690 0.003613
0.249459 0.581059 -0.468011
0.590446 0.567677 -0.023551
0.249469 0.619814 -0.529203
0.581474 0.570048 -0.098064
0.292258 0.614602 -0.569251
0.568984 0.559458 -0.027448
0.304550 0.600054 -0.485557
0.495487 0.564265 0.117301
0.347499 0.573951 -0.117961
0.488821 0.707809 0.502083
0.332558 0.735764 0.003607
0.476053 0.831650 0.895400
0.335972 0.861410 0.377772
0.447616 0.852141 0.921067
0.335517 0.870274 0.408515
0.580760 0.877812 0.774814
0.386167 0.937499 0.221411
0.452228 0.217719 -0.381335
0.452466 0.196251 -0.337905
0.459173 0.195820 -0.338910
0.466890 0.195170 -0.338805
0.423197 0.195619 -0.385824
0.410340 0.195042 -0.386713
0.396846 0.194820 -0.387133
0.454641 0.201153 -0.103783
0.360419 0.200308 -0.323382
0.459892 0.234164 -0.284126
0.424906 0.233145 -0.352803
0.502179 0.298727 0.052585
0.256790 0.314100 -0.306425
0.542123 0.424257 0.169214
0.220275 0.455843 -0.365033
0.579202 0.534559 0.008831
0.249475 0.581232 -0.445646
0.590440 0.567319 -0.016892
0.249533 0.619878 -0.503223
0.581563 0.569914 -0.089195
0.292183 0.614642 -0.543684
0.569098 0.559388 -0.021242
0.304431 0.600097 -0.463105
0.495408 0.564231 0.116250
0.347541 0.573965 -0.116912
0.488789 0.707826 0.479028
0.333039 0.735842 -0.003848
0.476048 0.831647 0.849243
0.336210 0.861423 0.363644
0.447795 0.852049 0.872074
0.335562 0.870287 0.394023
0.580752 0.878204 0.725969
0.386135 0.937503 0.211483
0.452208 0.217529 -0.375659
0.452427 0.196068 -0.332850
0.459114 0.195627 -0.333858
0.466868 0.194981 -0.333757
0.423154 0.195510 -0.379616
0.410375 0.194969 -0.380500
0.396845 0.194768 -0.380915
0.454553 0.201105 -0.101441
0.360337 0.200266 -0.315686
0.459874 0.233936 -0.279462
0.424890 0.232901 -0.346596
0.502108 0.298670 0.050706
0.256790 0.314141 -0.295738
0.542102 0.423448 0.167992
0.220299 0.455904 -0.349155
0.578851 0.533971 0.007782
0.249479 0.581477 -0.426322
0.590144 0.566701 -0.018117
0.249588 0.619932 -0.482399
0.581260 0.569693 -0.091666
0.292122 0.614655 -0.523784
0.568834 0.559090 -0.022886
0.304352 0.600115 -0.444024
0.495338 0.564219 0.114733
0.347559 0.573974 -0.115397
0.488858 0.707840 0.476516
0.333568 0.735918 -0.002383
0.476164 0.831642 0.854375
0.336543 0.861404 0.368194
0.448344 0.851956 0.878022
0.335716 0.870157 0.398907
0.580734 0.878373 0.732140
0.386127 0.937496 0.216006
0.452198 0.217499 -0.378812
0.452409 0.196042 -0.336009
0.459080 0.195610 -0.337018
0.466860 0.194967 -0.336915
0.423132 0.195478 -0.383009
0.410423 0.194941 -0.383892
0.396845 0.194748 -0.384305
0.454535 0.201101 -0.104039
0.360297 0.200258 -0.319012
0.459868 0.233896 -0.282257
0.424882 0.232851 -0.349650
0.502093 0.298605 0.049396
0.256798 0.314183 -0.299556
0.542095 0.423192 0.167785
0.220320 0.456184 -0.352202
0.578448 0.533415 0.005946
0.249483 0.581836 -0.427541
0.589605 0.566280 -0.020204
0.249583 0.620004 -0.484133
0.580495 0.569496 -0.092170
0.292093 0.614714 -0.525340
0.568173 0.558640 -0.023753
0.304298 0.600243 -0.445142
0.495269 0.564209 0.114815
0.347561 0.574039 -0.115479
0.488829 0.708043 0.478746
0.333966 0.735981 -0.001507
0.476197 0.831677 0.864129
0.336925 0.861420 0.371282
0.448555 0.851950 0.888468
0.335803 0.870164 0.402021
0.580766 0.878533 0.742269
0.386160 0.937542 0.218482
0.452190 0.217470 -0.375818
0.452398 0.196012 -0.333539
0.459047 0.195583 -0.334547
0.466844 0.194936 -0.334442
0.423120 0.195448 -0.380279
0.410562 0.194913 -0.381166
0.396877 0.194722 -0.381586
0.454462 0.201081 -0.103586
0.360287 0.200227 -0.317471
0.459862 0.233866 -0.280000
0.424887 0.232806 -0.347059
0.502090 0.298547 0.048369
0.256798 0.314180 -0.298581
0.542213 0.423109 0.167327
0.220549 0.456292 -0.351171
0.578122 0.533513 0.004891
0.249551 0.582083 -0.426310
0.589198 0.566294 -0.021535
0.249470 0.620149 -0.482666
0.578628 0.569540 -0.093169
0.292052 0.615020 -0.524154
0.566712 0.558800 -0.024862
0.304220 0.600555 -0.444020
0.495217 0.564192 0.114335
0.347559 0.574043 -0.114997
0.488817 0.708290 0.478172
0.334365 0.736055 -0.002252
0.476239 0.831749 0.859871
0.337350 0.861432 0.369078
0.448822 0.851953 0.883665
0.335939 0.870177 0.399824
0.580836 0.878700 0.737211
0.386376 0.937600 0.217035
0.452184 0.217412 -0.367243
0.452372 0.195910 -0.324679
0.458986 0.195473 -0.325682
0.466797 0.194818 -0.325573
0.423110 0.195369 -0.371218
0.410676 0.194847 -0.372105
0.396916 0.194657 -0.372525
0.454364 0.200988 -0.095499
0.360264 0.200114 -0.308415
0.459839 0.233820 -0.271794
0.424883 0.232739 -0.338621
0.502089 0.298302 0.051135
0.256781 0.314184 -0.289417
0.542197 0.422527 0.166643
0.220820 0.456300 -0.342558
0.576782 0.533258 0.007756
0.249601 0.582096 -0.418564
0.587399 0.566005 -0.018096
0.249438 0.620158 -0.474360
0.576340 0.569327 -0.087635
0.291681 0.615029 -0.515809
0.564792 0.558546 -0.020993
0.303781 0.600575 -0.436278
0.495185 0.564116 0.113376
0.347638 0.574012 -0.114039
0.488802 0.708334 0.475518
0.334714 0.735481 -0.004310
0.476448 0.831841 0.850367
0.337720 0.860906 0.367074
0.449468 0.851949 0.873328
0.336297 0.869931 0.397891
0.580868 0.878900 0.723436
0.386348 0.937414 0.214859
0.452172 0.217380 -0.363149
0.452354 0.195861 -0.321141
0.458940 0.195408 -0.322138
0.466757 0.194734 -0.322029
0.423103 0.195345 -0.367211
0.410739 0.194820 -0.368108
0.396923 0.194631 -0.368533
0.454351 0.200880 -0.092397
0.360248 0.200031 -0.303212
0.459795 0.233783 -0.267673
0.424880 0.232711 -0.333864
0.502102 0.298113 0.051401
0.256765 0.314190 -0.280760
0.533528 0.422562 0.165904
0.221231 0.456524 -0.332783
0.571016 0.533187 0.012064
0.249730 0.582110 -0.412759
0.583829 0.565805 -0.012497
0.249441 0.620165 -0.467968
0.573443 0.569136 -0.080878
0.291565 0.615166 -0.509906
0.561501 0.558334 -0.015998
0.303595 0.600775 -0.430703
0.495156 0.564180 0.110098
0.347632 0.574053 -0.110758
0.488565 0.708624 0.468940
0.334770 0.735536 -0.005357
0.476795 0.832053 0.838039
0.338060 0.860782 0.367256
0.450186 0.851948 0.860590
0.336524 0.869913 0.398307
0.580970 0.879110 0.710844
0.386294 0.937289 0.215478
0.452193 0.217374 -0.361899
0.452353 0.195856 -0.318924
0.458927 0.195390 -0.319922
0.466754 0.194693 -0.319813
0.423130 0.195341 -0.366119
0.411094 0.194810 -0.367018
0.397129 0.194621 -0.367447
0.454292 0.200822 -0.085647
0.360306 0.200019 -0.301812
0.459788 0.233776 -0.264770
0.424936 0.232703 -0.332493
0.502145 0.297926 0.060546
0.256686 0.314192 -0.282201
0.528505 0.423113 0.169892
0.222378 0.456565 -0.338849
0.566803 0.533305 0.013187
0.249740 0.582083 -0.417453
0.581066 0.565852 -0.011791
0.249430 0.620122 -0.473328
0.572759 0.569134 -0.081128
0.290606 0.615176 -0.515032
0.560872 0.558324 -0.015442
0.302006 0.600821 -0.435184
0.495086 0.564208 0.110369
0.347703 0.574060 -0.111029
0.488019 0.709326 0.470379
0.334872 0.735174 -0.012455
0.476993 0.832355 0.846600
0.338230 0.860561 0.359614
0.450465 0.851955 0.869999
0.336645 0.869887 0.390651
0.581108 0.879231 0.719585
0.386261 0.937128 0.209481
0.452195 0.217373 -0.365946
0.452365 0.195872 -0.323489
0.458916 0.195394 -0.324486
0.466748 0.194687 -0.324367
0.423171 0.195392 -0.371229
0.411423 0.194826 -0.372162
0.397290 0.194627 -0.372631
0.454276 0.200797 -0.086434
0.360454 0.200010 -0.304764
0.459753 0.233819 -0.266564
0.424953 0.232757 -0.334925
0.502329 0.297645 0.059289
0.256660 0.314184 -0.283853
0.521868 0.423706 0.169360
0.223068 0.456631 -0.341712
0.560657 0.533565 0.017887
0.249393 0.582102 -0.427167
0.576250 0.566134 -0.005880
0.248050 0.620201 -0.484447
0.570891 0.569204 -0.076495
0.288511 0.615737 -0.527180
0.558970 0.558409 -0.011156
0.299922 0.601342 -0.445317
0.494760 0.564289 0.110493
0.347718 0.574054 -0.111152
0.487599 0.709648 0.471359
0.334875 0.735205 -0.010038
0.477261 0.832660 0.850122
0.338416 0.860555 0.369153
0.450542 0.852035 0.873739
0.336665 0.869915 0.401038
0.582004 0.879274 0.722992
0.386312 0.937063 0.217122
0.452190 0.217422 -0.372821
0.452376 0.196045 -0.334356
0.458903 0.195552 -0.335351
0.466661 0.194804 -0.335238
0.423244 0.195560 -0.380890
0.411750 0.194902 -0.381847
0.397525 0.194674 -0.382337
0.454061 0.200796 -0.107659
0.360654 0.199992 -0.319708
0.459456 0.233888 -0.276324
0.424908 0.232880 -0.342864
0.502342 0.297152 0.037139
0.256494 0.314191 -0.292017
0.513383 0.423656 0.144637
0.223274 0.456636 -0.344494
0.554386 0.533166 0.001794
0.248968 0.582099 -0.425380
0.570094 0.566135 -0.021097
0.247335 0.620234 -0.480558
0.567301 0.569167 -0.090423
0.287142 0.616265 -0.524000
0.555118 0.558071 -0.026562
0.298318 0.601826 -0.443565
0.494515 0.563972 0.107559
0.347823 0.573540 -0.108217
0.487222 0.709652 0.460572
0.334880 0.734368 -0.008622
0.477495 0.832700 0.826386
0.338523 0.860391 0.367987
0.450600 0.852060 0.848530
0.336830 0.869813 0.399208
0.582400 0.879362 0.694510
0.386241 0.936918 0.213823
0.452187 0.217446 -0.389367
0.452388 0.196297 -0.352992
0.458890 0.195819 -0.353994
0.466561 0.195038 -0.353890
0.423293 0.195722 -0.399006
0.411871 0.194964 -0.399957
0.397644 0.194708 -0.400445
0.453870 0.200831 -0.131187
0.360742 0.199955 -0.341366
0.459166 0.233951 -0.294662
0.424713 0.232918 -0.360469
0.502359 0.296938 0.015919
0.256199 0.314213 -0.310371
0.507638 0.423866 0.126204
0.223608 0.456672 -0.353843
0.550993 0.533415 -0.010237
0.247890 0.581908 -0.427823
0.567210 0.566777 -0.032733
0.246457 0.620218 -0.480739
0.565074 0.569318 -0.102382
0.285309 0.616336 -0.525516
0.552695 0.558097 -0.038581
0.295745 0.601878 -0.446359
0.494492 0.563622 0.106196
0.347878 0.572947 -0.106847
0.487069 0.709647 0.462555
0.334913 0.733426 -0.005544
0.477722 0.832750 0.832416
0.338677 0.860302 0.367634
0.450677 0.852076 0.854946
0.337118 0.869743 0.398444
0.582860 0.879436 0.701167
0.386123 0.936834 0.211544
0.452161 0.217598 -0.389710
0.452386 0.196802 -0.353027
0.458873 0.196328 -0.354029
0.466478 0.195492 -0.353924
0.423301 0.196096 -0.399047
0.411893 0.195200 -0.399996
0.397652 0.194890 -0.400482
0.453848 0.201060 -0.129656
0.360738 0.200017 -0.340477
0.458991 0.234134 -0.295179
0.424530 0.233172 -0.360898
0.502487 0.296981 0.018830
0.255900 0.314255 -0.311525
0.507998 0.424426 0.130549
0.223621 0.456594 -0.356682
0.550515 0.533688 -0.007239
0.246550 0.581684 -0.433062
0.566633 0.567414 -0.027570
0.245425 0.620140 -0.486382
0.564100 0.569868 -0.097030
0.283672 0.616346 -0.530992
0.551673 0.558600 -0.035168
0.293823 0.601888 -0.451744
0.494469 0.563333 0.106041
0.347932 0.572578 -0.106692
0.486804 0.709700 0.464867
0.334963 0.732913 -0.005147
0.478142 0.832811 0.836728
0.338823 0.860251 0.360874
0.450982 0.852093 0.859731
0.337353 0.869714 0.390666
0.583167 0.879540 0.707043
0.386064 0.936795 0.201002
0.452170 0.217630 -0.387619
0.452391 0.197194 -0.350801
0.458859 0.196736 -0.351804
0.466395 0.195887 -0.351702
0.423394 0.196461 -0.396347
0.412151 0.195478 -0.397297
0.397846 0.195117 -0.397784
0.453733 0.201366 -0.128646
0.360779 0.200195 -0.338732
0.458954 0.234203 -0.293678
0.424525 0.233291 -0.358993
0.502458 0.297019 0.021081
0.255801 0.314262 -0.311331
0.506536 0.424899 0.132600
0.223596 0.456531 -0.355888
0.549598 0.534418 -0.007030
0.245283 0.581518 -0.429026
0.566128 0.568243 -0.026440
0.244507 0.620063 -0.481958
0.563543 0.570476 -0.095572
0.282413 0.616354 -0.525878
0.550781 0.559335 -0.034664
0.292459 0.601897 -0.447463
0.494181 0.563390 0.105900
0.347939 0.572580 -0.106552
0.486649 0.709708 0.465550
0.334995 0.732590 -0.003795
0.478415 0.832976 0.838501
0.338878 0.860122 0.360540
0.451194 0.852165 0.861320
0.337410 0.869700 0.390226
0.584152 0.879620 0.709077
0.385994 0.936741 0.201136
0.452328 0.217718 -0.381825
0.452423 0.197550 -0.343854
0.458849 0.197070 -0.344860
0.466376 0.196176 -0.344762
0.423549 0.196863 -0.389761
0.412620 0.195818 -0.390703
0.398176 0.195417 -0.391181
0.453650 0.201615 -0.121855
0.360895 0.200492 -0.332685
0.459003 0.234297 -0.287737
0.424705 0.233481 -0.353624
0.502421 0.297239 0.022153
0.255692 0.314271 -0.306703
0.507958 0.426338 0.134383
0.223500 0.456532 -0.353878
0.550366 0.535449 -0.006310
0.243780 0.581383 -0.428067
0.566610 0.568878 -0.026456
0.243829 0.619980 -0.481518
0.563727 0.570878 -0.095704
0.281442 0.616289 -0.525182
0.551003 0.559843 -0.034162
0.291292 0.601855 -0.446513
0.494135 0.564374 0.105438
0.347845 0.572956 -0.106093
0.486520 0.710092 0.466379
0.334975 0.732617 -0.001408
0.478925 0.833204 0.840121
0.338942 0.860387 0.361218
0.451555 0.852315 0.863014
0.337596 0.869920 0.390973
0.584582 0.879777 0.710330
0.385932 0.936856 0.202305
0.452380 0.217827 -0.368799
0.452458 0.197929 -0.330454
0.458847 0.197450 -0.331468
0.466366 0.196537 -0.331382
0.423640 0.197208 -0.376745
0.412854 0.196120 -0.377671
0.398305 0.195704 -0.378127
0.453638 0.201853 -0.111088
0.360917 0.200841 -0.323104
0.459011 0.234401 -0.275670
0.424752 0.233652 -0.342158
0.502258 0.297380 0.026007
0.255562 0.314274 -0.297654
0.508823 0.426713 0.137955
0.222942 0.456478 -0.346588
0.550479 0.535463 -0.001407
0.242721 0.581341 -0.420009
0.566877 0.568925 -0.022462
0.243002 0.619949 -0.472773
0.563924 0.570889 -0.091564
0.280720 0.616293 -0.516685
0.551614 0.559852 -0.029288
0.290683 0.601866 -0.438671
0.493882 0.565054 0.104916
0.347427 0.573370 -0.105575
0.486451 0.711156 0.463619
0.334676 0.733054 0.000325
0.479228 0.833700 0.837057
0.339054 0.861187 0.362860
0.451772 0.852702 0.860028
0.337937 0.870393 0.392620
0.584617 0.880043 0.710984
0.385909 0.937204 0.209587
0.452409 0.218024 -0.368250
0.452502 0.198267 -0.328682
0.458866 0.197774 -0.329697
0.466373 0.196839 -0.329606
0.423708 0.197556 -0.375453
0.413041 0.196453 -0.376371
0.398387 0.196037 -0.376819
0.453621 0.202044 -0.105345
0.360947 0.201172 -0.319855
0.459044 0.234596 -0.273962
0.424798 0.233900 -0.341112
0.502256 0.297657 0.033087
0.255342 0.314277 -0.294818
0.511289 0.426820 0.144873
0.222212 0.456387 -0.347036
0.553873 0.535460 0.000242
0.242173 0.581344 -0.422011
0.568777 0.568919 -0.021870
0.242606 0.619949 -0.476140
0.564491 0.570879 -0.091160
0.280465 0.616352 -0.520295
0.552635 0.559787 -0.027906
0.290562 0.601964 -0.441054
0.493860 0.565697 0.104987
0.347116 0.574065 -0.105645
0.486426 0.711665 0.464234
0.334403 0.733485 0.000248
0.479781 0.833785 0.841746
0.339066 0.861516 0.363024
0.452386 0.852750 0.865512
0.337972 0.870507 0.392805
0.584604 0.880080 0.718140
0.385905 0.937471 0.209737
0.452411 0.218222 -0.367670
0.452510 0.198487 -0.327245
0.458863 0.197985 -0.328261
0.466367 0.197034 -0.328160
0.423719 0.197756 -0.374571
0.413054 0.196632 -0.375484
0.398396 0.196207 -0.375922
0.453609 0.202131 -0.100850
0.360947 0.201327 -0.318156
0.459066 0.234781 -0.272468
0.424800 0.234086 -0.340365
0.502247 0.297756 0.042459
0.255210 0.314277 -0.294637
0.516649 0.426813 0.154725
0.221107 0.456328 -0.347211
0.556798 0.535462 0.001678
0.241845 0.581356 -0.422941
0.570899 0.568669 -0.021412
0.242534 0.619949 -0.477472
0.564819 0.570570 -0.090874
0.280483 0.616357 -0.521285
0.553122 0.559529 -0.026763
0.290603 0.601969 -0.441782
0.493869 0.566039 0.105875
0.346781 0.574444 -0.106533
0.486485 0.711984 0.470735
0.334305 0.733539 0.002151
0.480103 0.833782 0.862791
0.339077 0.861537 0.376487
0.452922 0.852754 0.887953
0.337942 0.870519 0.407777
0.584783 0.880022 0.743116
0.385899 0.937519 0.226708
0.452210 0.218320 -0.368599
0.452476 0.198576 -0.327670
0.458841 0.198087 -0.328684
0.466356 0.197141 -0.328579
0.423621 0.197809 -0.374871
0.412713 0.196696 -0.375782
0.398019 0.196282 -0.376214
0.453680 0.202185 -0.098054
0.360824 0.201493 -0.314293
0.459051 0.234881 -0.272698
0.424617 0.234160 -0.340441
0.502193 0.297948 0.049882
0.254987 0.314279 -0.291184
0.519754 0.426806 0.161740
0.220370 0.456183 -0.344569
0.558300 0.535473 0.002488
0.241667 0.581418 -0.422587
0.572008 0.568551 -0.021358
0.242478 0.619990 -0.477813
0.564869 0.570413 -0.090860
0.280493 0.616450 -0.521254
0.553180 0.559408 -0.026119
0.290625 0.602067 -0.441255
0.493855 0.566156 0.106442
0.346414 0.574630 -0.107105
0.486630 0.712163 0.471101
0.334277 0.733596 0.007101
0.480537 0.833784 0.864389
0.339091 0.861685 0.391833
0.453457 0.852774 0.889458
0.337934 0.870688 0.424075
0.585028 0.880022 0.743512
0.385892 0.937667 0.243748
0.451811 0.218333 -0.369032
0.452373 0.198592 -0.327999
0.458765 0.198107 -0.329014
0.466304 0.197161 -0.328906
0.423412 0.197822 -0.374873
0.412051 0.196728 -0.375782
0.397440 0.196322 -0.376209
0.453753 0.202193 -0.098473
0.360661 0.201595 -0.312710
0.458975 0.234892 -0.273074
0.424371 0.234163 -0.340411
0.502102 0.298213 0.049241
0.254700 0.314297 -0.288814
0.521341 0.426852 0.160297
0.219946 0.456177 -0.338966
0.559064 0.535502 -0.006784
0.241409 0.581439 -0.415361
0.572690 0.568544 -0.033891
0.242421 0.619997 -0.470314
0.564918 0.570387 -0.103289
0.280506 0.616462 -0.514247
0.553258 0.559368 -0.035634
0.290657 0.602102 -0.434176
0.493864 0.566286 0.106478
0.346312 0.574847 -0.107141
0.486766 0.712233 0.471126
0.334275 0.733611 0.006885
0.480936 0.833769 0.863992
0.339102 0.861817 0.391015
0.454077 0.852776 0.888876
0.337935 0.870854 0.423056
0.585207 0.880021 0.742681
0.385908 0.937843 0.241014
0.451361 0.218350 -0.364860
0.452214 0.198603 -0.324678
0.458657 0.198116 -0.325695
0.466193 0.197167 -0.325593
0.423190 0.197842 -0.370011
0.411390 0.196778 -0.370917
0.396873 0.196373 -0.371335
0.453766 0.202197 -0.098451
0.360319 0.201677 -0.306720
0.458897 0.234905 -0.270361
0.424091 0.234168 -0.335702
0.501861 0.298395 0.046585
0.254532 0.314341 -0.277295
0.521615 0.426855 0.147637
0.219645 0.456185 -0.317832
0.559286 0.535283 -0.022588
0.241212 0.581475 -0.387390
0.572766 0.568218 -0.051860
0.242390 0.620007 -0.438424
0.564991 0.569944 -0.119041
0.280530 0.616493 -0.484020
0.553330 0.558819 -0.050589
0.290683 0.602179 -0.406617
0.493851 0.566403 0.104597
0.346077 0.575020 -0.105266
0.486826 0.712373 0.462146
0.334296 0.734021 0.006823
0.481420 0.833773 0.843565
0.339212 0.862155 0.385504
0.454717 0.852818 0.867288
0.337949 0.871209 0.416683
0.585454 0.880024 0.724756
0.386140 0.938234 0.240710
0.450706 0.218354 -0.360564
0.452039 0.198608 -0.320633
0.458548 0.198122 -0.321648
0.466109 0.197173 -0.321545
0.422925 0.197856 -0.364962
0.410618 0.196833 -0.365869
0.396263 0.196433 -0.366280
0.453856 0.202203 -0.096364
0.359885 0.201817 -0.299812
0.458804 0.234912 -0.266649
0.423773 0.234171 -0.330678
0.501533 0.298580 0.046501
0.254297 0.314383 -0.268906
0.521137 0.427062 0.146381
0.219433 0.456283 -0.309409
0.558981 0.535319 -0.019713
0.240916 0.581509 -0.379177
0.572643 0.568291 -0.048058
0.242354 0.620013 -0.429832
0.565052 0.570012 -0.115851
0.280572 0.616491 -0.474897
0.553316 0.558962 -0.047855
0.290691 0.602187 -0.398205
0.493652 0.566491 0.103133
0.345811 0.575104 -0.103810
0.487046 0.712362 0.459414
0.334317 0.734043 0.006749
0.481972 0.833718 0.840148
0.339255 0.862172 0.380398
0.455337 0.852819 0.863919
0.337953 0.871265 0.411052
0.585850 0.879972 0.722253
0.386293 0.938288 0.237746
0.450195 0.218358 -0.356770
0.451792 0.198607 -0.317457
0.458352 0.198121 -0.318465
0.465878 0.197174 -0.318358
0.422673 0.197861 -0.360471
0.410015 0.196867 -0.361379
0.395777 0.196470 -0.361787
0.453833 0.202208 -0.095669
0.359543 0.201888 -0.293536
0.458621 0.234917 -0.263820
0.423500 0.234174 -0.326173
0.501116 0.298581 0.045019
0.254058 0.314386 -0.261804
0.519972 0.427056 0.144807
0.219149 0.456288 -0.303230
0.558377 0.535488 -0.017734
0.240784 0.581522 -0.374475
0.572238 0.568553 -0.045306
0.242274 0.620033 -0.424458
0.564988 0.570374 -0.110317
0.280764 0.616494 -0.468877
0.553050 0.559457 -0.044333
0.290804 0.602195 -0.393295
0.493458 0.566481 0.101952
0.345558 0.575104 -0.102632
0.487153 0.712168 0.456530
0.334325 0.733935 -0.000925
0.482389 0.833339 0.829768
0.339271 0.862117 0.357325
0.456182 0.852591 0.852698
0.337947 0.871155 0.386869
0.586341 0.879524 0.709482
0.386337 0.938262 0.209975
0.449848 0.218360 -0.357218
0.451575 0.198606 -0.317948
0.458115 0.198120 -0.318954
0.465533 0.197174 -0.318846
0.422533 0.197875 -0.361109
0.409725 0.196912 -0.362016
0.395514 0.196517 -0.362425
0.453638 0.202216 -0.095947
0.359204 0.201962 -0.294997
0.458437 0.234921 -0.264278
0.423352 0.234180 -0.326811
0.500803 0.298585 0.042348
0.253879 0.314389 -0.264221
0.519661 0.427057 0.144036
0.218850 0.456281 -0.306446
0.558257 0.536101 -0.012944
0.240651 0.581544 -0.376894
0.572264 0.569386 -0.038895
0.242189 0.620089 -0.426891
0.564887 0.571174 -0.102948
0.281036 0.616494 -0.471046
0.552569 0.560324 -0.038675
0.291011 0.602202 -0.395551
0.492830 0.566470 0.101618
0.345177 0.575022 -0.102297
0.487323 0.711841 0.454365
0.334296 0.733824 -0.006986
0.482481 0.833263 0.820423
0.339202 0.862149 0.346149
0.456260 0.852584 0.842491
0.337814 0.871156 0.375408
0.586963 0.879451 0.697141
0.386387 0.938256 0.196560
0.449578 0.218336 -0.367555
0.451348 0.198573 -0.329270
0.457854 0.198084 -0.330253
0.465126 0.197152 -0.330133
0.422418 0.197875 -0.371275
0.409546 0.196916 -0.372197
0.395317 0.196522 -0.372622
0.453375 0.202217 -0.108987
0.358955 0.201982 -0.302012
0.458267 0.234905 -0.274715
0.423247 0.234178 -0.335658
0.500761 0.298567 0.029784
0.253859 0.314392 -0.266743
0.519563 0.427056 0.133632
0.218793 0.456277 -0.309640
0.557525 0.536835 -0.012498
0.240608 0.581574 -0.381077
0.571290 0.569913 -0.037662
0.242164 0.620174 -0.431544
0.563293 0.572043 -0.100620
0.281262 0.616498 -0.475430
0.550260 0.561473 -0.038222
0.291151 0.602209 -0.399625
0.492854 0.565543 0.100365
0.345169 0.574378 -0.101038
0.487421 0.711591 0.442416
0.334272 0.733756 -0.018316
0.482499 0.833288 0.792412
0.339153 0.862151 0.325051
0.456265 0.852616 0.812960
0.337758 0.871155 0.353631
0.587472 0.879443 0.662453
0.386394 0.938264 0.169838
0.449530 0.218309 -0.374594
0.451269 0.198530 -0.336569
0.457759 0.198034 -0.337535
0.465018 0.197103 -0.337405
0.422367 0.197869 -0.378309
0.409515 0.196920 -0.379243
0.395250 0.196528 -0.379679
0.453360 0.202193 -0.115161
0.358912 0.201987 -0.306326
0.458239 0.234878 -0.280933
0.423236 0.234165 -0.341414
0.500708 0.298481 0.026431
0.253859 0.314344 -0.268345
0.519534 0.427031 0.129648
0.218770 0.456196 -0.311761
0.556447 0.537395 -0.012398
0.240563 0.581587 -0.382461
0.569944 0.570123 -0.035823
0.242127 0.620221 -0.432317
0.561059 0.572417 -0.097859
0.281630 0.616501 -0.475636
0.547512 0.562070 -0.037355
0.291362 0.602216 -0.400652
0.492881 0.564344 0.099432
0.345212 0.573684 -0.100100
0.487409 0.711432 0.425146
0.334407 0.733738 -0.030588
0.482647 0.833288 0.757409
0.339178 0.861882 0.305226
0.456482 0.852605 0.776236
0.337771 0.870920 0.333292
0.588031 0.879379 0.622438
0.386394 0.938187 0.148107
0.449525 0.218306 -0.374503
0.451251 0.198506 -0.336440
0.457716 0.198011 -0.337408
0.464954 0.197085 -0.337281
0.422360 0.197861 -0.378306
0.409529 0.196912 -0.379238
0.395243 0.196520 -0.379673
0.453269 0.202181 -0.116457
0.358869 0.201962 -0.307099
0.458194 0.234871 -0.281186
0.423209 0.234164 -0.341701
0.500567 0.298481 0.021090
0.253847 0.314307 -0.269768
0.520060 0.427041 0.128845
0.218478 0.456073 -0.310961
0.556540 0.537917 -0.001964
0.239744 0.581648 -0.377181
0.569841 0.570517 -0.022312
0.240339 0.620499 -0.424469
0.560505 0.572884 -0.084298
0.280662 0.616730 -0.468066
0.546944 0.562569 -0.025973
0.290832 0.602300 -0.395289
0.492924 0.563727 0.098612
0.345208 0.573065 -0.099275
0.487402 0.710989 0.426507
0.334409 0.733781 -0.046550
0.482625 0.832996 0.762686
0.339171 0.861448 0.285575
0.456482 0.852427 0.782024
0.337743 0.870438 0.313619
0.588130 0.879100 0.631695
0.386395 0.938054 0.131883
0.449527 0.218304 -0.376530
0.451244 0.198464 -0.337815
0.457699 0.197979 -0.338787
0.464939 0.197060 -0.338666
0.422353 0.197823 -0.379872
0.409540 0.196868 -0.380800
0.395237 0.196477 -0.381235
0.453263 0.202155 -0.116713
0.358863 0.201893 -0.308302
0.458169 0.234858 -0.283049
0.423140 0.234153 -0.343895
0.500554 0.298560 0.022116
0.253886 0.314268 -0.273441
0.523419 0.427059 0.128965
0.217964 0.456083 -0.317660
0.557642 0.538319 0.003478
0.237181 0.581922 -0.389709
0.570292 0.571067 -0.017247
0.238379 0.620736 -0.439196
0.560571 0.573479 -0.080891
0.278109 0.617045 -0.481793
0.547056 0.563218 -0.021277
0.288208 0.602512 -0.407710
0.492694 0.563760 0.099161
0.344993 0.573076 -0.099821
0.486950 0.711543 0.428309
0.334168 0.735693 -0.042841
0.481044 0.832857 0.772218
0.339128 0.861567 0.297028
0.454695 0.852374 0.792836
0.337506 0.870467 0.325647
0.587920 0.878754 0.647718
0.386470 0.938286 0.142738
0.449621 0.218327 -0.376626
0.451337 0.198462 -0.337599
0.457778 0.197983 -0.338573
0.465124 0.197068 -0.338455
0.422352 0.197801 -0.379762
0.409618 0.196826 -0.380689
0.395266 0.196436 -0.381124
0.453336 0.202164 -0.116295
0.358883 0.201863 -0.306734
0.458156 0.234885 -0.283116
0.423110 0.234182 -0.343895
0.500502 0.298564 0.022780
0.253896 0.314266 -0.272622
0.535388 0.425905 0.141425
0.214733 0.456104 -0.316358
0.565859 0.538001 0.038152
0.232039 0.582655 -0.389839
0.575861 0.570352 0.019955
0.233255 0.621179 -0.439252
0.568870 0.572823 -0.046604
0.266589 0.617860 -0.482128
0.557802 0.562493 0.012467
0.276041 0.603539 -0.407796
0.491466 0.563776 0.099058
0.343719 0.573007 -0.099722
0.485955 0.715275 0.429929
0.334031 0.739091 -0.041432
0.480858 0.832875 0.800558
0.339021 0.862497 0.298276
0.454570 0.852374 0.824375
0.337180 0.871341 0.326547
0.587925 0.878791 0.682099
0.386670 0.939298 0.140548
0.449841 0.218353 -0.376574
0.451459 0.198462 -0.336981
0.457869 0.197992 -0.337965
0.465241 0.197084 -0.337860
0.422359 0.197764 -0.379596
0.409755 0.196749 -0.380518
0.395289 0.196344 -0.380951
0.453339 0.202182 -0.114211
0.358872 0.201795 -0.306984
0.458161 0.234930 -0.283067
0.423076 0.234217 -0.343901
0.501325 0.298743 0.026047
0.253793 0.314357 -0.278845
0.546441 0.424699 0.140825
0.211288 0.456112 -0.340006
0.588413 0.537670 0.008806
0.217841 0.583187 -0.427281
0.600219 0.569912 -0.014717
0.211730 0.622316 -0.481488
0.597881 0.572124 -0.088390
0.237763 0.619770 -0.529691
0.586509 0.562003 -0.021435
0.249769 0.604879 -0.448705
0.491264 0.564699 0.101653
0.342407 0.573386 -0.102331
0.485665 0.718038 0.452275
0.334032 0.743185 -0.048706
0.480868 0.833151 0.865143
0.339224 0.863218 0.288991
0.454750 0.852392 0.892296
0.337202 0.871747 0.316752
0.588027 0.879448 0.762763
0.386848 0.940273 0.136114
0.450942 0.218368 -0.422618
0.451865 0.198395 -0.381921
0.458308 0.197921 -0.382954
0.465765 0.197006 -0.382894
0.422520 0.197649 -0.429174
0.410475 0.196568 -0.430057
0.395727 0.196119 -0.430457
0.453343 0.202171 -0.152085
0.358958 0.201609 -0.366513
0.458741 0.234965 -0.326366
0.423352 0.234321 -0.393692
0.502181 0.298832 0.008012
0.253784 0.315086 -0.336395
0.559486 0.420807 0.118552
0.205770 0.458277 -0.393944
0.624107 0.531689 -0.053152
0.198287 0.586592 -0.487223
0.637066 0.564740 -0.082592
0.188898 0.626382 -0.544934
0.637123 0.567549 -0.164421
0.216111 0.624910 -0.599454
0.623377 0.558345 -0.088269
0.227624 0.610623 -0.511822
0.489374 0.565216 0.107389
0.339602 0.573844 -0.108066
0.485581 0.719497 0.459303
0.334627 0.746721 -0.026672
0.480869 0.833226 0.870252
0.339619 0.863440 0.344678
0.454710 0.852478 0.896082
0.337199 0.871815 0.374735
0.588135 0.879459 0.755488
0.387167 0.940645 0.191949
0.452070 0.218414 -0.433690
0.452448 0.198394 -0.393346
0.458891 0.197919 -0.394371
0.466439 0.197003 -0.394319
0.422878 0.197646 -0.438856
0.411427 0.196549 -0.439739
0.396389 0.196087 -0.440132
0.453396 0.202178 -0.164734
0.359041 0.201570 -0.372227
0.459364 0.235068 -0.338361
0.423695 0.234445 -0.403683
0.502877 0.298863 -0.006463
0.253788 0.315157 -0.334779
0.576003 0.414121 0.114059
0.195432 0.457888 -0.398224
0.665146 0.521854 -0.043531
0.179944 0.586498 -0.517027
0.688251 0.552653 -0.069628
0.166893 0.626255 -0.576067
0.689664 0.555829 -0.152564
0.192514 0.625450 -0.633152
0.675626 0.547932 -0.078709
0.205802 0.611335 -0.544007
0.486123 0.565384 0.107845
0.336650 0.573996 -0.108521
0.485206 0.719598 0.467584
0.335553 0.748209 -0.019575
0.480763 0.832449 0.893374
0.339758 0.864389 0.355508
0.454388 0.852295 0.920637
0.337189 0.872389 0.385335
0.587355 0.878840 0.774612
0.387443 0.940918 0.194333
0.452413 0.218444 -0.452007
0.452922 0.198412 -0.411552
0.459414 0.197965 -0.412594
0.466957 0.197077 -0.412571
0.423329 0.197614 -0.453782
0.412456 0.196482 -0.454658
0.397233 0.195984 -0.455046
0.453478 0.202238 -0.182603
0.359084 0.201545 -0.376508
0.459422 0.235191 -0.357379
0.423741 0.234493 -0.418573
0.504954 0.298843 -0.033580
0.253832 0.315193 -0.338150
0.602316 0.407416 0.074950
0.189234 0.456571 -0.429574
0.709525 0.510893 -0.064340
0.158658 0.585753 -0.566244
0.740685 0.541290 -0.084719
0.146977 0.626218 -0.622849
0.741270 0.545146 -0.170521
0.168581 0.626069 -0.681991
0.722802 0.537667 -0.100767
0.184342 0.611711 -0.595240
0.481227 0.566521 0.107736
0.330608 0.575033 -0.108408
0.485194 0.719194 0.482629
0.335749 0.747463 -0.009766
0.480232 0.829111 0.915967
0.339772 0.864425 0.351247
0.453037 0.850696 0.944481
0.337189 0.872390 0.380459
0.584284 0.877988 0.809140
0.387445 0.941171 0.191459
0.453785 0.218711 -0.471756
0.453781 0.198871 -0.429439
0.460035 0.198432 -0.430482
0.467419 0.197583 -0.430446
0.424828 0.197976 -0.471179
0.414783 0.196866 -0.472041
0.399960 0.196336 -0.472417
0.453399 0.202731 -0.195230
0.359791 0.201810 -0.386779
0.459554 0.235639 -0.376119
0.424796 0.234882 -0.436725
0.508134 0.298845 -0.044273
0.253756 0.315298 -0.352350
0.623836 0.400935 0.035200
0.181355 0.454579 -0.466024
0.749051 0.501234 -0.141368
0.136124 0.582961 -0.631533
0.791652 0.531184 -0.166538
0.122704 0.625624 -0.693601
0.794681 0.533583 -0.257270
0.147126 0.625927 -0.758219
0.773251 0.525786 -0.181618
0.163119 0.611542 -0.664322
0.477308 0.566638 0.111312
0.324778 0.575182 -0.112019
0.486442 0.717129 0.511124
0.335938 0.743781 -0.016006
0.480238 0.828869 0.954356
0.339461 0.864549 0.331525
0.452947 0.850660 0.982991
0.336360 0.872677 0.357531
0.584140 0.877483 0.837219
0.387640 0.940595 0.149536
0.454651 0.224885 -0.479443
0.454897 0.203820 -0.437611
0.461580 0.203382 -0.438643
0.468740 0.202788 -0.438623
0.425804 0.202705 -0.474571
0.415355 0.201841 -0.475420
0.400804 0.201429 -0.475776
0.454133 0.208170 -0.203805
0.360448 0.206041 -0.378040
0.460045 0.240324 -0.384331
0.426609 0.240444 -0.438877
0.512308 0.300677 -0.064785
0.253796 0.317336 -0.344059
0.652083 0.397445 -0.009620
0.179500 0.453300 -0.460932
0.789101 0.490260 -0.194259
0.134769 0.575075 -0.665607
0.840282 0.517328 -0.222497
0.122588 0.618527 -0.730726
0.841455 0.522645 -0.311228
0.145729 0.619879 -0.794896
0.816948 0.516667 -0.233884
0.161505 0.606690 -0.699587
0.475035 0.567507 0.109802
0.321070 0.577195 -0.110540
0.488453 0.714663 0.505500
0.335985 0.743575 -0.059987
0.480476 0.827940 0.945833
0.339333 0.866359 0.245484
0.452916 0.850121 0.977208
0.336254 0.874996 0.267260
0.583800 0.876748 0.836233
0.387981 0.940736 0.053073
0.455113 0.233237 -0.544509
0.456346 0.213808 -0.501468
0.463623 0.213303 -0.502488
0.470703 0.212587 -0.502459
0.427156 0.212821 -0.532053
0.415633 0.211870 -0.532889
0.401363 0.211138 -0.533241
0.456777 0.218128 -0.256648
0.362403 0.216037 -0.399301
0.460817 0.248833 -0.445856
0.427141 0.249706 -0.492001
0.516878 0.306234 -0.114615
0.254622 0.324028 -0.346754
0.678444 0.395979 -0.108368
0.179185 0.453296 -0.505573
0.839297 0.480736 -0.335450
0.136008 0.568811 -0.770211
0.892185 0.506047 -0.373217
0.115796 0.613076 -0.846722
0.885618 0.509343 -0.461678
0.146492 0.613773 -0.910795
0.859257 0.504123 -0.376426
0.166583 0.600480 -0.806227
0.472139 0.568166 0.106017
0.313749 0.577848 -0.106771
0.493095 0.711378 0.474945
0.335519 0.740175 -0.078712
0.482160 0.827884 0.932500
0.339325 0.868687 0.213338
0.452942 0.850141 0.963455
0.336279 0.879938 0.232695
0.583079 0.876645 0.812887
0.388110 0.940876 -0.006241
0.461808 0.243113 -0.567875
0.460944 0.225557 -0.524676
0.468044 0.225200 -0.525689
0.474433 0.224559 -0.525635
0.433679 0.225373 -0.558512
0.423192 0.224904 -0.559319
0.410583 0.224756 -0.559672
0.457429 0.230937 -0.283201
0.369078 0.230357 -0.437476
0.464917 0.259807 -0.471009
0.433103 0.259884 -0.521062
0.521644 0.316786 -0.132818
0.258770 0.333550 -0.396448
0.693509 0.393780 -0.153912
0.180860 0.453385 -0.593856
0.864466 0.468571 -0.416654
0.142263 0.564364 -0.890617
0.923844 0.492359 -0.459971
0.120711 0.609675 -0.979687
0.915634 0.497307 -0.550358
0.158378 0.609252 -1.040309
0.883289 0.491965 -0.460130
0.177606 0.595557 -0.926793
0.466505 0.568485 0.108055
0.307746 0.578273 -0.108763
0.502934 0.706365 0.474465
0.335840 0.738921 -0.100869
0.484777 0.827951 0.923607
0.339835 0.869389 0.184147
0.453358 0.850647 0.955334
0.337467 0.880474 0.201059
0.584266 0.875884 0.774238
0.388037 0.939898 -0.053976
0.462880 0.262016 -0.730338
0.462660 0.244969 -0.680649
0.470169 0.244446 -0.681581
0.476811 0.243974 -0.681519
0.436292 0.244005 -0.713489
0.424735 0.243490 -0.714269
0.412400 0.243127 -0.714678
0.460530 0.249528 -0.392524
0.372385 0.248626 -0.542633
0.466434 0.278325 -0.614862
0.435533 0.278716 -0.663565
0.526457 0.329630 -0.204767
0.260375 0.347410 -0.474161
0.714252 0.395778 -0.277497
0.181241 0.458753 -0.732870
0.895813 0.465643 -0.601082
0.143889 0.565074 -1.131467
0.955278 0.483118 -0.656236
0.122092 0.610213 -1.246884
0.949419 0.486243 -0.745886
0.170944 0.607110 -1.294660
0.923178 0.483705 -0.646200
0.182613 0.592497 -1.164142
0.464569 0.573806 0.105336
0.303979 0.585899 -0.106015
0.515601 0.706376 0.389131
0.334891 0.739233 -0.100833
0.485139 0.828000 0.938663
0.339832 0.869432 0.252900
0.452244 0.851214 0.978476
0.339157 0.880294 0.278785
0.583432 0.875708 0.774103
0.384816 0.939246 0.009562
0.465846 0.279758 -0.713367
0.464616 0.261430 -0.656310
0.472370 0.260909 -0.657208
0.478891 0.260293 -0.657120
0.438918 0.261924 -0.692124
0.426160 0.261781 -0.692863
0.414075 0.261848 -0.693249
0.461630 0.266276 -0.349442
0.375875 0.266267 -0.514382
0.471163 0.296589 -0.591960
0.439898 0.296982 -0.644913
0.526525 0.345102 -0.151906
0.268077 0.364614 -0.467931
0.713796 0.397081 -0.166807
0.192530 0.464288 -0.793446
0.898484 0.457109 -0.421955
0.175948 0.566237 -1.262970
0.958950 0.474518 -0.462285
0.167365 0.611144 -1.390910
0.956684 0.478278 -0.552124
0.214990 0.608060 -1.431592
0.930373 0.477051 -0.465111
0.226051 0.593544 -1.294682
0.460900 0.581720 0.115570
0.302525 0.593143 -0.116153
0.532375 0.708260 0.296607
0.333217 0.742738 -0.288389
0.487053 0.828965 0.876058
0.341906 0.873709 0.133172
0.451505 0.852211 0.920158
0.342709 0.882545 0.162817
0.587350 0.875102 0.681012
0.384859 0.939287 -0.155995
0.467861 0.303128 -0.918068
0.467058 0.282628 -0.857191
0.475122 0.281826 -0.858040
0.481407 0.280656 -0.857934
0.441863 0.283592 -0.889365
0.428419 0.283881 -0.890062
0.416831 0.284280 -0.890403
0.462064 0.286215 -0.510882
0.376311 0.290906 -0.660146
0.474302 0.319880 -0.782522
0.442664 0.319324 -0.830671
0.525786 0.360709 -0.261452
0.274350 0.381513 -0.590549
0.711275 0.401497 -0.347457
0.218132 0.473296 -0.976810
0.906508 0.452023 -0.720953
0.229397 0.566544 -1.541487
0.970388 0.467683 -0.789943
0.219887 0.611617 -1.696676
0.965168 0.472589 -0.881636
0.265594 0.607317 -1.736439
0.938644 0.472755 -0.768232
0.274199 0.593855 -1.575683
0.451221 0.584750 0.120371
0.296473 0.594860 -0.120854
0.547273 0.710700 0.097594
0.331717 0.746500 -0.441743
0.492469 0.830865 0.667668
0.342067 0.873970 0.072622
0.451750 0.852785 0.707347
0.343182 0.882242 0.111326
0.596385 0.874951 0.430397
0.382370 0.939240 -0.221309
0.468738 0.324808 -0.875807
0.468750 0.304023 -0.821803
0.476593 0.303010 -0.822639
0.482759 0.302062 -0.822568
0.442417 0.304161 -0.853866
0.428767 0.304342 -0.854535
0.417277 0.304706 -0.854858
0.463500 0.307551 -0.513428
0.377364 0.311405 -0.661663
0.474697 0.338749 -0.754755
0.443354 0.340041 -0.802428
0.525496 0.379604 -0.284854
0.280357 0.398084 -0.618907
0.712691 0.414208 -0.339271
0.257870 0.488046 -1.003575
0.914197 0.454760 -0.628372
0.280132 0.569966 -1.517095
0.975534 0.470435 -0.677865
0.276193 0.611822 -1.659769
0.973817 0.473800 -0.767240
0.316464 0.607459 -1.693170
0.947954 0.473601 -0.672129
0.322721 0.594134 -1.547634
0.439163 0.588826 0.124902
0.290566 0.596957 -0.125326
0.554392 0.712692 0.021561
0.328110 0.747292 -0.466597
0.495167 0.832091 0.488434
0.342061 0.873799 -0.043061
0.453531 0.853226 0.519035
0.342602 0.882100 -0.011702
0.597713 0.874569 0.267342
0.381948 0.939200 -0.317581
0.472355 0.343853 -0.950257
0.472208 0.324012 -0.904462
0.480093 0.323089 -0.905295
0.486371 0.322073 -0.905277
0.443875 0.324558 -0.937063
0.429818 0.324422 -0.937719
0.418352 0.324366 -0.938067
0.466232 0.328226 -0.618338
0.380411 0.330735 -0.766806
0.478009 0.359258 -0.835461
0.445033 0.360784 -0.882828
0.525247 0.398555 -0.390764
0.283841 0.423748 -0.716067
0.709993 0.428881 -0.395770
0.292638 0.510128 -1.107268
0.916576 0.460228 -0.577452
0.339403 0.575853 -1.585653
0.975764 0.475052 -0.609323
0.346252 0.611813 -1.720544
0.974917 0.479617 -0.696306
0.373063 0.605686 -1.742797
0.948882 0.479509 -0.617710
0.377332 0.594366 -1.611683
0.426862 0.597802 0.123880
0.282329 0.606401 -0.124315
0.569600 0.715552 -0.043373
0.320468 0.749696 -0.385570
0.494857 0.832770 0.365801
0.341682 0.873470 -0.021809
0.453850 0.853091 0.393926
0.342562 0.880905 0.005673
0.599331 0.874888 0.179565
0.382011 0.938221 -0.263096
0.475674 0.364317 -0.914971
0.476171 0.344418 -0.878020
0.484013 0.343367 -0.878827
0.490497 0.341982 -0.878868
0.446441 0.345405 -0.904271
0.431890 0.345505 -0.904923
0.420884 0.345576 -0.905276
0.471813 0.347606 -0.625980
0.383720 0.351649 -0.743604
0.481676 0.380431 -0.811067
0.447031 0.382033 -0.849810
0.525915 0.415019 -0.434527
0.289442 0.441077 -0.680427
0.708946 0.446321 -0.474994
0.331613 0.535385 -1.006195
0.911318 0.468074 -0.647817
0.397664 0.587238 -1.387509
0.969381 0.479735 -0.681978
0.413720 0.616416 -1.502326
0.969366 0.484012 -0.755586
0.436915 0.606955 -1.523872
0.945198 0.480635 -0.682338
0.435632 0.598036 -1.411079
0.416630 0.609014 0.111544
0.277127 0.615612 -0.111797
0.572440 0.718733 -0.070357
0.320648 0.754958 -0.397072
0.497139 0.833094 0.313227
0.340027 0.873423 -0.076552
0.455972 0.852879 0.340604
0.340975 0.880824 -0.051079
0.599210 0.875164 0.148485
0.379801 0.936806 -0.294207
0.478364 0.385004 -0.849478
0.478780 0.364993 -0.795033
0.486047 0.363947 -0.795980
0.491906 0.362704 -0.795928
0.450004 0.366668 -0.833894
0.434900 0.367373 -0.834781
0.423583 0.368326 -0.835216
0.474019 0.367713 -0.536255
0.386966 0.373027 -0.668909
0.484160 0.400823 -0.728323
0.450509 0.402253 -0.782935
0.527966 0.431502 -0.376812
0.292142 0.455991 -0.611752
0.704354 0.464506 -0.499709
0.343103 0.529816 -0.917863
0.900608 0.485057 -0.754096
0.416835 0.586240 -1.292214
0.956370 0.494250 -0.803969
0.437144 0.610861 -1.407771
0.956523 0.496875 -0.868888
0.471143 0.603339 -1.476534
0.930676 0.497223 -0.787525
0.468475 0.596838 -1.323980
0.413317 0.618347 0.097560
0.274531 0.623953 -0.097764
0.569045 0.719268 -0.196224
0.317534 0.756546 -0.458309
0.497179 0.833277 0.144029
0.339166 0.873317 -0.184030
0.455660 0.853539 0.168976
0.340530 0.880380 -0.161223
0.596874 0.875116 0.009092
0.374184 0.935618 -0.368910
0.479740 0.406477 -0.660387
0.480893 0.386534 -0.637737
0.488159 0.385487 -0.638409
0.493820 0.384422 -0.638461
0.452760 0.388354 -0.655502
0.438186 0.389091 -0.656102
0.426464 0.390086 -0.656383
0.477506 0.389271 -0.491016
0.391545 0.395019 -0.544725
0.486129 0.421824 -0.587191
0.453120 0.422350 -0.613724
0.530989 0.450501 -0.344350
0.298801 0.469913 -0.530662
0.701639 0.482378 -0.458958
0.350182 0.531025 -0.805924
0.892231 0.508749 -0.664733
0.452246 0.586125 -1.087125
0.947123 0.517206 -0.705501
0.479625 0.610254 -1.184061
0.947173 0.519094 -0.766518
0.513622 0.603131 -1.193719
0.921176 0.520578 -0.694288
0.505976 0.596755 -1.103346
0.413582 0.627808 0.081643
0.273830 0.633652 -0.081829
0.572134 0.721496 -0.215018
0.317622 0.758784 -0.442793
0.498889 0.837024 0.048284
0.339297 0.873236 -0.199752
0.455600 0.856526 0.067884
0.342005 0.880391 -0.177922
0.596761 0.875179 -0.066076
0.370196 0.934429 -0.351005
0.482844 0.425634 -0.689509
0.484896 0.403565 -0.664542
0.492073 0.402352 -0.665270
0.497449 0.400938 -0.665306
0.455982 0.404845 -0.686077
0.442057 0.405700 -0.686687
0.429087 0.406828 -0.686993
0.480431 0.404730 -0.506550
0.395287 0.411641 -0.560311
0.488500 0.440897 -0.608915
0.454418 0.441443 -0.641101
0.533439 0.465457 -0.375417
0.304700 0.482858 -0.549994
0.692428 0.499634 -0.477946
0.364846 0.541914 -0.789705
0.890552 0.528539 -0.683498
0.492112 0.588760 -1.014022
0.942855 0.536736 -0.722700
0.524390 0.612471 -1.103029
0.941980 0.538483 -0.779742
0.554565 0.603498 -1.111482
0.916688 0.540328 -0.711508
0.544227 0.596769 -1.028481
0.416277 0.635615 0.081103
0.274929 0.641558 -0.081241
0.575733 0.723792 -0.183134
0.317843 0.760569 -0.460554
0.498800 0.837437 0.072147
0.340633 0.873039 -0.199220
0.454579 0.856748 0.091440
0.344804 0.879951 -0.173620
0.595156 0.875586 -0.032726
0.367213 0.934454 -0.327710
0.485692 0.439600 -0.704099
0.487763 0.417978 -0.685196
0.494993 0.416748 -0.685731
0.500421 0.415370 -0.685811
0.459014 0.418867 -0.690112
0.446459 0.419349 -0.690380
0.432912 0.420295 -0.690383
0.483901 0.418593 -0.543511
0.398837 0.425355 -0.606914
0.491182 0.453913 -0.634997
0.457240 0.454383 -0.648005
0.536158 0.478507 -0.423911
0.309289 0.489017 -0.587324
0.685132 0.514500 -0.559144
0.363422 0.545182 -0.830751
0.874390 0.545821 -0.787314
0.506853 0.593604 -1.086447
0.929222 0.556223 -0.839977
0.545593 0.619560 -1.185958
0.927862 0.557998 -0.892693
0.574627 0.608358 -1.195449
0.901729 0.558728 -0.814488
0.560392 0.600069 -1.102835
0.418369 0.644590 0.079262
0.276149 0.648805 -0.079376
0.584650 0.730240 -0.174611
0.317948 0.762733 -0.517852
0.498933 0.836924 0.110695
0.341123 0.872989 -0.258259
0.455948 0.855947 0.132731
0.345026 0.879922 -0.232008
0.594423 0.875473 0.011616
0.367634 0.934279 -0.384240
0.488792 0.449246 -0.798157
0.489786 0.428768 -0.781902
0.497010 0.427483 -0.782489
0.502721 0.426215 -0.782532
0.460891 0.430070 -0.798959
0.448995 0.430278 -0.799401
0.435363 0.430977 -0.799533
0.488016 0.429019 -0.610921
0.401485 0.436801 -0.693019
0.495913 0.462022 -0.723469
0.461624 0.463952 -0.749168
0.538595 0.487383 -0.478966
0.311917 0.502577 -0.660616
0.676237 0.526586 -0.641182
0.384513 0.557354 -0.897710
0.856922 0.560142 -0.921397
0.540142 0.607095 -1.107320
0.911634 0.574223 -0.986704
0.581814 0.632644 -1.207591
0.908652 0.576834 -1.040962
0.610674 0.622552 -1.228985
0.881787 0.575763 -0.950366
0.597475 0.614329 -1.129849
0.419831 0.651272 0.080795
0.277040 0.657262 -0.080909
0.588642 0.735980 -0.212695
0.319313 0.766007 -0.553295
0.498849 0.836857 0.140151
0.341441 0.872994 -0.250361
0.456189 0.854896 0.169399
0.344551 0.880211 -0.219904
0.592363 0.875294 0.056023
0.367459 0.933526 -0.369917
0.490759 0.456810 -0.787600
0.490492 0.436109 -0.755893
0.497490 0.434912 -0.756579
0.503559 0.433752 -0.756608
0.463094 0.437942 -0.778089
0.451803 0.438313 -0.778679
0.438211 0.438519 -0.778952
0.489971 0.436583 -0.580820
0.403903 0.444460 -0.664035
0.499484 0.468679 -0.697448
0.465605 0.470736 -0.728795
0.543751 0.495568 -0.463092
0.316629 0.511016 -0.641788
0.675418 0.537115 -0.660994
0.400751 0.568418 -0.897063
0.851617 0.573456 -0.992350
0.572958 0.619217 -1.031579
0.910242 0.586775 -1.069577
0.610278 0.644645 -1.132235
0.903591 0.591410 -1.120924
0.639971 0.635085 -1.139614
0.870243 0.590181 -1.021325
0.627056 0.627738 -1.045262
0.420302 0.658182 0.082035
0.277622 0.663936 -0.082154
0.591703 0.736135 -0.258672
0.321477 0.765871 -0.593712
0.498095 0.837081 0.059122
0.341863 0.873006 -0.291851
0.454614 0.854881 0.085984
0.343541 0.880272 -0.260545
0.592353 0.875484 -0.017952
0.367042 0.933719 -0.396147
0.490680 0.462395 -0.817823
0.490253 0.441574 -0.795819
0.497391 0.440741 -0.796410
0.503653 0.439735 -0.796414
0.463310 0.442710 -0.812714
0.451258 0.443024 -0.813207
0.438135 0.443631 -0.813351
0.492144 0.441679 -0.608471
0.405081 0.450485 -0.678506
0.500052 0.475531 -0.734841
0.466199 0.476367 -0.759337
0.545322 0.499787 -0.467662
0.321402 0.517721 -0.648686
0.676428 0.544655 -0.680702
0.415296 0.578104 -0.876023
0.850818 0.584169 -1.055106
0.592500 0.626854 -1.053229
0.906481 0.596484 -1.139133
0.633582 0.650225 -1.158700
0.896765 0.600687 -1.189433
0.659114 0.639701 -1.163789
0.863807 0.600043 -1.084605
0.648489 0.633286 -1.066110
0.417648 0.661637 0.083066
0.277248 0.669139 -0.083192
0.594005 0.736691 -0.287841
0.321894 0.769317 -0.623013
0.493381 0.837015 0.086556
0.342069 0.872991 -0.253384
0.446920 0.853307 0.119949
0.342129 0.879584 -0.215247
0.588344 0.875485 0.019127
0.366933 0.933851 -0.355885
0.492132 0.466768 -0.836924
0.491946 0.446074 -0.814718
0.499691 0.445285 -0.815322
0.506019 0.444119 -0.815338
0.465168 0.446354 -0.833513
0.453109 0.446969 -0.833968
0.440418 0.448010 -0.834110
0.496801 0.445749 -0.619051
0.406848 0.453978 -0.698859
0.501181 0.480443 -0.752695
0.469658 0.480672 -0.779725
0.548300 0.502235 -0.471052
0.323262 0.520586 -0.670675
0.676934 0.546743 -0.672506
0.419464 0.583631 -0.901975
0.847327 0.586702 -1.037107
0.599210 0.631183 -1.082529
0.903447 0.600224 -1.119069
0.641557 0.655908 -1.198573
0.893199 0.604298 -1.172127
0.667331 0.642688 -1.186494
0.861233 0.604257 -1.067236
0.654281 0.636083 -1.085418
0.415930 0.664793 0.086943
0.276005 0.672742 -0.086955
0.593308 0.735357 -0.292774
0.322128 0.769188 -0.694186
0.492218 0.836990 0.077442
0.342310 0.872968 -0.320603
0.443558 0.853310 0.109973
0.339247 0.879893 -0.280833
0.586723 0.875575 0.009139
0.367713 0.933884 -0.410885
0.493435 0.463298 -0.843352
0.494072 0.444135 -0.821098
0.502359 0.443142 -0.821696
0.508728 0.442478 -0.821728
0.466042 0.445383 -0.839687
0.454259 0.445580 -0.840131
0.442215 0.446548 -0.840249
0.499902 0.445099 -0.629002
0.409059 0.452073 -0.707454
0.503078 0.476973 -0.761136
0.473090 0.477883 -0.787861
0.550621 0.500078 -0.486689
0.322529 0.521711 -0.681504
0.677183 0.546982 -0.688945
0.420171 0.587432 -0.918260
0.846676 0.587978 -1.044724
0.601974 0.632428 -1.113817
0.904124 0.601932 -1.126590
0.644954 0.657376 -1.229239
0.893902 0.606275 -1.178524
0.671820 0.644302 -1.218498
0.861402 0.605906 -1.074410
0.658614 0.638205 -1.118650
0.413683 0.663897 0.087752
0.275166 0.671987 -0.087710
0.591820 0.735317 -0.293024
0.323686 0.772820 -0.655517
0.492970 0.835593 0.091010
0.342220 0.874819 -0.260395
0.444274 0.852793 0.124956
0.334269 0.881267 -0.221336
0.586776 0.874012 0.023297
0.369108 0.934920 -0.401694
0.494448 0.459585 -0.821851
0.495214 0.441772 -0.797513
0.503282 0.441011 -0.798148
0.510038 0.440382 -0.798174
0.466723 0.443198 -0.817607
0.455072 0.443691 -0.818108
0.443691 0.444481 -0.818285
0.501688 0.442270 -0.607611
0.411494 0.448831 -0.687715
0.504373 0.473167 -0.738208
0.474426 0.474450 -0.767017
0.550518 0.496969 -0.466634
0.322311 0.519483 -0.663553
0.676978 0.543746 -0.643994
0.425792 0.584230 -0.900738
0.845479 0.585728 -0.970172
0.606656 0.629428 -1.073300
0.903427 0.600277 -1.042864
0.649137 0.654542 -1.177760
0.894504 0.603898 -1.095773
0.674087 0.642343 -1.173831
0.861985 0.602813 -0.999372
0.660498 0.635856 -1.081949
0.412384 0.661376 0.088417
0.274052 0.671442 -0.088353
0.591040 0.738211 -0.253137
0.328684 0.778289 -0.608828
0.493534 0.834483 0.112583
0.342247 0.877049 -0.241603
0.446064 0.852238 0.145332
0.334144 0.882847 -0.216856
0.586830 0.873539 0.102657
0.371425 0.936293 -0.315554
0.495017 0.454291 -0.822803
0.496397 0.435930 -0.798581
0.504121 0.434128 -0.799207
0.511128 0.432887 -0.799240
0.467424 0.437296 -0.817717
0.456383 0.437917 -0.818179
0.444968 0.439338 -0.818304
0.503578 0.434971 -0.604505
0.412625 0.444899 -0.683515
0.506915 0.468011 -0.739614
0.474267 0.469479 -0.766897
0.551752 0.493680 -0.461352
0.325975 0.513958 -0.665502
0.676555 0.537414 -0.660578
0.426811 0.578601 -0.910921
0.842441 0.579903 -1.012640
0.608122 0.625146 -1.089769
0.901037 0.595410 -1.091398
0.647281 0.650958 -1.197193
0.892104 0.599473 -1.142807
0.672522 0.639590 -1.175875
0.859776 0.598324 -1.042343
0.660667 0.632753 -1.092222
0.412889 0.658534 0.089729
0.273792 0.668509 -0.089653
0.590092 0.738931 -0.258658
0.330843 0.776109 -0.590334
0.496549 0.834978 0.121336
0.342519 0.878069 -0.207769
0.448964 0.852583 0.154731
0.334088 0.883955 -0.170328
0.586879 0.873571 0.072463
0.373907 0.937312 -0.279432
0.495912 0.448894 -0.794378
0.497057 0.429843 -0.772041
0.504783 0.428488 -0.772665
0.511302 0.427258 -0.772726
0.468642 0.431512 -0.790415
0.457948 0.432189 -0.790842
0.447449 0.433192 -0.790909
0.502903 0.429395 -0.590851
0.413696 0.438422 -0.664276
0.508169 0.462750 -0.716258
0.474286 0.464151 -0.742197
0.551750 0.490157 -0.445257
0.326535 0.510217 -0.658152
0.676510 0.532389 -0.622473
0.430271 0.574343 -0.880539
0.843466 0.574406 -0.985344
0.605660 0.623648 -1.039322
0.901106 0.590282 -1.063898
0.641359 0.646940 -1.139558
0.892885 0.593824 -1.111470
0.668954 0.639029 -1.138470
0.861510 0.592597 -1.013415
0.658254 0.631902 -1.049231
0.413242 0.656318 0.094572
0.273962 0.666266 -0.094545
0.589546 0.739278 -0.246897
0.338943 0.774897 -0.584446
0.497057 0.834964 0.137017
0.342533 0.878002 -0.174737
0.449866 0.852415 0.170087
0.331805 0.884152 -0.132624
0.586895 0.873520 0.075286
0.376866 0.937276 -0.244025
0.497079 0.447666 -0.770864
0.498022 0.426992 -0.750920
0.506253 0.425041 -0.751550
0.512538 0.423314 -0.751615
0.469255 0.430893 -0.768807
0.458919 0.432009 -0.769281
0.448344 0.432617 -0.769399
0.503010 0.426393 -0.578801
0.414703 0.435681 -0.649565
0.509364 0.461609 -0.695512
0.474285 0.462840 -0.720961
0.552768 0.488428 -0.422725
0.328678 0.509076 -0.657495
0.678837 0.527467 -0.559127
0.424676 0.570260 -0.866818
0.851969 0.573285 -0.864580
0.592555 0.615807 -1.049347
0.909976 0.588979 -0.929193
0.630477 0.636452 -1.152459
0.900654 0.593081 -0.987495
0.658656 0.631346 -1.154518
0.868272 0.592080 -0.895182
0.647702 0.625414 -1.061109
0.413029 0.656123 0.098709
0.274103 0.666083 -0.098735
0.589185 0.739091 -0.205951
0.344143 0.774210 -0.525242
0.498388 0.835425 0.177746
0.342765 0.880037 -0.124126
0.451661 0.852628 0.210666
0.331270 0.886942 -0.082525
0.587087 0.873672 0.116051
0.380134 0.937323 -0.201363
0.499276 0.430745 -0.698665
0.498798 0.410048 -0.677369
0.506570 0.408044 -0.678000
0.512720 0.406701 -0.678074
0.470611 0.414061 -0.697099
0.459642 0.415018 -0.697609
0.448117 0.416352 -0.697753
0.502972 0.409279 -0.507276
0.414927 0.420233 -0.589913
0.509487 0.443964 -0.625753
0.476852 0.445236 -0.654068
0.552585 0.477182 -0.361778
0.327731 0.495238 -0.614939
0.682149 0.513621 -0.500934
0.421070 0.551588 -0.833142
0.863511 0.558011 -0.793232
0.581767 0.606933 -1.017797
0.925357 0.571480 -0.855537
0.620386 0.626918 -1.118611
0.915888 0.576275 -0.911721
0.647066 0.621118 -1.122291
0.884321 0.578048 -0.823365
0.636127 0.615374 -1.029987
0.412992 0.651981 0.105407
0.274200 0.660884 -0.105495
0.589061 0.738717 -0.160229
0.348477 0.773981 -0.492140
0.501675 0.836203 0.198829
0.342807 0.881700 -0.104675
0.455069 0.853353 0.228968
0.330328 0.889539 -0.064099
0.588625 0.873923 0.131778
0.383611 0.937151 -0.181187
0.498933 0.411179 -0.689656
0.498524 0.391829 -0.666878
0.506271 0.390213 -0.667538
0.512467 0.389033 -0.667610
0.472104 0.393188 -0.692904
0.461626 0.393431 -0.693465
0.450295 0.394163 -0.693658
0.502606 0.391746 -0.486752
0.414610 0.400089 -0.597884
0.509094 0.425994 -0.612034
0.477375 0.425251 -0.648945
0.552267 0.462098 -0.311571
0.327389 0.477964 -0.616646
0.690843 0.497330 -0.332095
0.399374 0.530070 -0.840365
0.879251 0.538098 -0.518758
0.547885 0.585680 -1.058641
0.930623 0.548960 -0.554543
0.589103 0.609598 -1.162935
0.928682 0.553308 -0.625441
0.615822 0.600458 -1.163756
0.904532 0.553547 -0.552042
0.602676 0.592567 -1.070971
0.413084 0.640957 0.118468
0.274587 0.647280 -0.118569
0.587567 0.738482 -0.124242
0.349541 0.771590 -0.471721
0.501737 0.836284 0.233738
0.343585 0.882027 -0.110724
0.455917 0.853384 0.263212
0.330753 0.889663 -0.073633
0.588817 0.874057 0.172486
0.384551 0.936748 -0.193346
0.498735 0.390440 -0.626428
0.498259 0.370503 -0.603539
0.505825 0.369465 -0.604208
0.512168 0.368248 -0.604315
0.471833 0.372054 -0.627691
0.461371 0.372447 -0.628282
0.449966 0.372728 -0.628504
0.501739 0.371681 -0.424414
0.414276 0.377740 -0.529701
0.508797 0.406067 -0.549815
0.477085 0.405925 -0.584498
0.551484 0.445756 -0.269394
0.326142 0.461527 -0.546190
0.697428 0.479911 -0.329751
0.372882 0.512398 -0.796458
0.895483 0.517742 -0.556065
0.503300 0.568402 -1.058039
0.945703 0.528749 -0.598190
0.541814 0.592225 -1.161523
0.949552 0.529988 -0.666557
0.565748 0.581247 -1.168676
0.927817 0.530423 -0.590034
0.553992 0.574985 -1.073354
0.415162 0.633421 0.116072
0.276501 0.637520 -0.116184
0.584750 0.737220 -0.143007
0.350486 0.767909 -0.475975
0.500954 0.836907 0.221329
0.344345 0.882481 -0.117061
0.455107 0.853936 0.242246
0.332246 0.889679 -0.093812
0.590503 0.874705 0.153074
0.387452 0.936810 -0.222594
0.497796 0.368156 -0.546844
0.496893 0.349755 -0.520443
0.504350 0.348138 -0.521131
0.510839 0.346964 -0.521219
0.470160 0.351190 -0.541984
0.459254 0.351752 -0.542565
0.447478 0.352931 -0.542728
0.500940 0.351772 -0.338654
0.413824 0.360224 -0.433020
0.508136 0.384989 -0.471257
0.473608 0.385351 -0.502897
0.551233 0.428682 -0.204790
0.324350 0.441436 -0.453594
0.702054 0.461204 -0.269868
0.361995 0.501425 -0.752800
0.905075 0.493617 -0.500964
0.463128 0.553814 -1.071403
0.961036 0.502886 -0.545371
0.496393 0.579302 -1.179050
0.964422 0.505161 -0.615064
0.517780 0.568841 -1.196295
0.940673 0.506720 -0.535875
0.514187 0.561513 -1.093579
0.416556 0.622496 0.114651
0.277864 0.624122 -0.114744
0.573362 0.732906 -0.128111
0.353990 0.760270 -0.449173
0.503200 0.836977 0.218738
0.344741 0.882133 -0.133624
0.460339 0.854410 0.228741
0.333237 0.889470 -0.120133
0.592405 0.874704 0.111367
0.388264 0.936536 -0.276976
0.497417 0.346728 -0.608739
0.495720 0.327812 -0.580418
0.502630 0.326501 -0.581151
0.508740 0.325641 -0.581244
0.470127 0.330583 -0.605283
0.458855 0.331157 -0.605904
0.446833 0.331777 -0.606116
0.497842 0.331713 -0.381368
0.412538 0.338517 -0.492317
0.506946 0.363598 -0.526301
0.472214 0.364915 -0.562504
0.550919 0.412121 -0.229225
0.315178 0.424754 -0.496998
0.712467 0.442486 -0.262746
0.349099 0.497943 -0.778604
0.926601 0.470462 -0.464773
0.418878 0.533446 -1.215695
0.979344 0.476781 -0.501473
0.432386 0.557500 -1.329773
0.982333 0.479297 -0.576588
0.460236 0.549831 -1.350905
0.959071 0.482286 -0.501901
0.461168 0.540599 -1.241029
0.418891 0.611036 0.113813
0.279160 0.613812 -0.113937
0.559080 0.731660 -0.031351
0.353715 0.756679 -0.357839
0.502231 0.836996 0.303282
0.344744 0.880750 -0.051086
0.460133 0.855265 0.325108
0.334264 0.887898 -0.025949
0.593275 0.875344 0.197650
0.388058 0.936442 -0.190141
0.495351 0.321337 -0.607262
0.491741 0.303562 -0.572751
0.498352 0.303172 -0.573515
0.504443 0.302833 -0.573603
0.468333 0.305173 -0.600143
0.456191 0.306365 -0.600795
0.444238 0.307593 -0.601067
0.493259 0.308756 -0.356519
0.408609 0.317272 -0.478966
0.503969 0.338988 -0.519549
0.469801 0.341571 -0.559302
0.544280 0.390065 -0.204490
0.307231 0.406372 -0.482941
0.720737 0.423058 -0.232315
0.314035 0.480295 -0.822646
0.944746 0.451186 -0.395052
0.354508 0.520267 -1.272769
1.004876 0.455235 -0.417208
0.369241 0.542582 -1.382294
1.009105 0.458346 -0.490807
0.379159 0.525744 -1.404661
0.981001 0.462744 -0.431110
0.376579 0.518190 -1.299432
0.421136 0.600653 0.113205
0.281670 0.606041 -0.113357
0.549969 0.725922 -0.000963
0.353320 0.752898 -0.336336
0.501780 0.836956 0.323844
0.345119 0.878132 -0.001845
0.460299 0.855301 0.345205
0.336359 0.886671 0.026834
0.594890 0.875706 0.195314
0.387035 0.935830 -0.155094
0.493161 0.298956 -0.535456
0.487723 0.281101 -0.493289
0.493407 0.280647 -0.494039
0.499220 0.280187 -0.494063
0.466404 0.283617 -0.523049
0.454671 0.285606 -0.523743
0.441921 0.287250 -0.524049
0.485352 0.287270 -0.262596
0.405508 0.296718 -0.395632
0.500970 0.316829 -0.443648
0.468413 0.319997 -0.486847
0.538134 0.369378 -0.109682
0.303255 0.379159 -0.404589
0.724772 0.405389 -0.135148
0.271650 0.471798 -0.767282
0.949942 0.433755 -0.299820
0.293488 0.510911 -1.206081
1.011627 0.437499 -0.316961
0.293855 0.534649 -1.312881
1.016839 0.439722 -0.390897
0.308754 0.514618 -1.334087
0.987121 0.442913 -0.336533
0.310700 0.507165 -1.230927
0.429301 0.589560 0.113002
0.285979 0.596357 -0.113184
0.538180 0.721843 0.083573
0.352658 0.745754 -0.352841
0.498922 0.836771 0.412733
0.344902 0.877908 -0.024338
0.459794 0.855226 0.433152
0.336397 0.886783 0.003257
0.594809 0.877702 0.264974
0.385224 0.935835 -0.188223
0.490085 0.276930 -0.590832
0.486029 0.258400 -0.550384
0.492549 0.257910 -0.551157
0.498993 0.257469 -0.551193
0.461665 0.260820 -0.578871
0.450577 0.263062 -0.579541
0.436736 0.264420 -0.579815
0.485427 0.261947 -0.310101
0.400743 0.271509 -0.441183
0.498973 0.295459 -0.498039
0.464888 0.298383 -0.539365
0.537109 0.350964 -0.146741
0.299506 0.362558 -0.417242
0.731413 0.388351 -0.130351
0.217665 0.472328 -0.743681
0.960706 0.419048 -0.260134
0.236579 0.500951 -1.180057
1.021332 0.423726 -0.270786
0.234274 0.527277 -1.293404
1.027457 0.426357 -0.345891
0.254427 0.505519 -1.302441
0.996786 0.429072 -0.295766
0.261472 0.495613 -1.200862
0.438090 0.581559 0.112841
0.288802 0.584269 -0.112998
0.525398 0.720256 0.154849
0.352743 0.739666 -0.379933
0.498348 0.835655 0.540398
0.345904 0.877781 -0.049430
0.459314 0.853206 0.567041
0.342581 0.886558 -0.020595
0.595275 0.878830 0.431142
0.385066 0.936352 -0.201424
0.484358 0.258847 -0.567130
0.481164 0.239084 -0.523704
0.488661 0.238673 -0.524580
0.495840 0.238352 -0.524597
0.454051 0.240298 -0.552878
0.443380 0.241476 -0.553591
0.430630 0.242101 -0.553944
0.482428 0.243919 -0.282505
0.396334 0.250294 -0.414732
0.492889 0.275954 -0.471266
0.458907 0.278180 -0.514321
0.534569 0.332872 -0.121168
0.294896 0.340841 -0.387082
0.730002 0.374239 -0.113260
0.189305 0.453095 -0.752999
0.947564 0.403738 -0.264733
0.175137 0.464920 -1.241621
1.008072 0.411490 -0.276119
0.155119 0.480737 -1.352179
1.012550 0.414938 -0.353734
0.177972 0.456914 -1.378248
0.983751 0.416971 -0.301760
0.187756 0.456023 -1.271562
0.450022 0.575015 0.113423
0.295290 0.576425 -0.113642
0.517221 0.713015 0.291207
0.352635 0.731057 -0.376864
0.498652 0.833528 0.686308
0.347720 0.877779 -0.058843
0.460653 0.852307 0.711021
0.350002 0.886538 -0.033323
0.595235 0.879082 0.536055
0.383823 0.938517 -0.291659
0.478816 0.239649 -0.477147
0.476048 0.220058 -0.424382
0.484186 0.219699 -0.425244
0.491278 0.219362 -0.425232
0.444986 0.220108 -0.462829
0.432609 0.221110 -0.463657
0.420314 0.222126 -0.464140
0.478056 0.225383 -0.163051
0.388310 0.229888 -0.338792
0.487151 0.256388 -0.376019
0.451936 0.259680 -0.431572
0.533875 0.317223 -0.008684
0.289973 0.323712 -0.367327
0.731076 0.367062 -0.028677
0.186815 0.402856 -0.765656
0.939883 0.396380 -0.185927
0.119768 0.464344 -1.248480
1.002811 0.406684 -0.194062
0.074710 0.498137 -1.363904
1.004266 0.410810 -0.278069
0.116489 0.491046 -1.393583
0.974521 0.412729 -0.227301
0.148500 0.482748 -1.279171
0.461132 0.572830 0.117859
0.304935 0.575681 -0.118272
0.508529 0.714183 0.506491
0.352317 0.731560 -0.210398
0.498245 0.833686 0.897772
0.348188 0.877504 0.100838
0.460411 0.852402 0.920801
0.352620 0.885642 0.123030
0.595267 0.879240 0.754077
0.382278 0.939509 -0.115527
0.467975 0.226799 -0.498988
0.469659 0.207489 -0.442596
0.478741 0.207101 -0.443434
0.485581 0.206456 -0.443403
0.433587 0.206456 -0.477195
0.419106 0.206776 -0.478038
0.407168 0.207535 -0.478527
0.475294 0.211536 -0.161502
0.379478 0.215658 -0.320631
0.478841 0.244423 -0.391211
0.438645 0.246545 -0.442070
0.533709 0.305784 -0.005077
0.277953 0.313386 -0.342392
0.729886 0.365298 -0.045892
0.170385 0.396024 -0.727748
0.940005 0.402082 -0.211559
0.088579 0.466118 -1.229222
1.000506 0.409848 -0.221460
0.041181 0.502744 -1.338496
1.004322 0.413005 -0.305765
0.073802 0.502377 -1.351930
0.974991 0.414870 -0.253437
0.106641 0.492472 -1.246315
0.467118 0.568388 0.118908
0.310215 0.571817 -0.119366
0.507809 0.711408 0.523692
0.352049 0.729240 -0.202525
0.496882 0.833445 0.980298
0.348133 0.873067 0.133833
0.460317 0.852333 1.009702
0.351662 0.881608 0.158496
0.595252 0.879144 0.832804
0.382064 0.939415 -0.091087
0.462954 0.214301 -0.523349
0.465594 0.195178 -0.465724
0.473395 0.194757 -0.466613
0.480479 0.194204 -0.466591
0.431194 0.195316 -0.504042
0.416992 0.195903 -0.504891
0.404895 0.196652 -0.505411
0.469126 0.199658 -0.175878
0.374278 0.205629 -0.355354
0.474282 0.231909 -0.412726
0.434916 0.232239 -0.468566
0.530692 0.296836 -0.015973
0.269814 0.302670 -0.369523
0.728250 0.362563 -0.030111
0.155904 0.394749 -0.745510
0.933080 0.406487 -0.192867
0.064508 0.470199 -1.213643
0.994007 0.417027 -0.200493
0.019432 0.506745 -1.323259
1.003108 0.422174 -0.292884
0.046864 0.508626 -1.352970
0.974625 0.423255 -0.237707
0.074736 0.499098 -1.240773
0.469864 0.562328 0.119624
0.313649 0.566524 -0.120092
0.498481 0.710517 0.600776
0.349364 0.725149 -0.157465
0.496712 0.833427 1.084799
0.347287 0.871368 0.168469
0.463092 0.852558 1.115764
0.351237 0.881344 0.190910
0.595560 0.879108 0.935346
0.380540 0.939437 -0.066147
0.457316 0.205680 -0.542568
0.459358 0.187568 -0.488938
0.466968 0.187374 -0.489846
0.475127 0.187350 -0.489845
0.426847 0.187028 -0.525183
0.414643 0.187582 -0.526012
0.402156 0.188006 -0.526493
0.462946 0.193026 -0.205153
0.370897 0.197027 -0.376795
0.469209 0.222422 -0.434802
0.431935 0.223295 -0.488096
0.527473 0.290230 -0.043498
0.264195 0.297268 -0.369579
0.723654 0.366563 -0.046123
0.147512 0.394897 -0.703894
0.919551 0.418132 -0.214822
0.045340 0.477623 -1.119306
0.983814 0.431306 -0.225290
0.007750 0.511997 -1.215989
0.989867 0.434303 -0.314672
0.034006 0.514230 -1.265671
0.964348 0.434291 -0.257701
0.056904 0.505114 -1.155663
0.473904 0.560662 0.120185
0.315693 0.565067 -0.120683
0.489801 0.710562 0.594807
0.347512 0.724050 -0.176563
0.490470 0.833430 1.089396
0.345172 0.870551 0.144000
0.462020 0.853170 1.121673
0.350482 0.881344 0.165932
0.596729 0.878484 0.938056
0.379221 0.940463 -0.094854
0.456216 0.202323 -0.546177
0.456221 0.182906 -0.500324
0.464706 0.182936 -0.501102
0.472767 0.182818 -0.501104
0.426418 0.182938 -0.528602
0.414514 0.183799 -0.529259
0.402962 0.185000 -0.529617
0.457502 0.190603 -0.218403
0.370243 0.196388 -0.392009
0.468015 0.219319 -0.447621
0.432473 0.220362 -0.495231
0.523723 0.289516 -0.055218
0.255234 0.297780 -0.359167
0.706832 0.371515 -0.063828
0.144892 0.397070 -0.657017
0.889704 0.425091 -0.276824
0.039061 0.486173 -1.036435
0.947314 0.441632 -0.281949
0.003726 0.518474 -1.128700
0.952247 0.444311 -0.319842
0.024271 0.522494 -1.188501
0.928493 0.436393 -0.312265
0.047692 0.511254 -1.076179
0.475143 0.561057 0.120068
0.317510 0.566471 -0.120610
0.484627 0.711150 0.581244
0.346574 0.727049 -0.038390
0.487849 0.833450 1.118920
0.342668 0.870508 0.361293
0.461763 0.853183 1.155122
0.349297 0.881334 0.389183
0.596711 0.878218 0.947351
0.376540 0.942529 0.112015
0.450615 0.202099 -0.721490
0.449509 0.182512 -0.655215
0.458503 0.182472 -0.656285
0.466107 0.182440 -0.656195
0.422444 0.182520 -0.702165
0.410141 0.183365 -0.702974
0.399031 0.184592 -0.703438
0.449927 0.191964 -0.289169
0.364526 0.195701 -0.516663
0.462475 0.219284 -0.581490
0.429346 0.219179 -0.650362
0.519628 0.290581 -0.066807
0.252159 0.299902 -0.456487
0.688955 0.378714 -0.066262
0.149305 0.402888 -0.733039
0.857048 0.445730 -0.378430
0.038691 0.496671 -1.105624
0.903924 0.474997 -0.431542
0.013193 0.534003 -1.224249
0.907339 0.477227 -0.527894
0.029435 0.543931 -1.298958
0.884692 0.469378 -0.430238
0.049000 0.530977 -1.154701
0.475083 0.560771 0.149285
0.321176 0.567149 -0.149837
0.480942 0.707481 0.725464
0.342413 0.727739 -0.023749
0.479569 0.829797 1.364687
0.341511 0.870764 0.458572
0.456940 0.852066 1.408298
0.347206 0.882591 0.492840
0.593799 0.875994 1.158186
0.375517 0.942687 0.169177
0.449930 0.204737 -0.807299
0.448632 0.185052 -0.735501
0.456540 0.184707 -0.736571
0.462896 0.184476 -0.736449
0.422574 0.185715 -0.783316
0.409442 0.186024 -0.784131
0.397493 0.186685 -0.784639
0.445178 0.194549 -0.350432
0.360704 0.197197 -0.575213
0.459510 0.223134 -0.658916
0.427604 0.222160 -0.728295
0.516913 0.297570 -0.068610
0.246006 0.305181 -0.499679
0.660447 0.379391 -0.076941
0.149760 0.411070 -0.759026
0.801091 0.468588 -0.422480
0.050828 0.523577 -1.160615
0.846008 0.497844 -0.485536
0.030065 0.568022 -1.293774
0.846540 0.500450 -0.593956
0.046002 0.571237 -1.362306
0.823816 0.492253 -0.477558
0.062605 0.556790 -1.206162
0.476691 0.563745 0.147266
0.323504 0.569228 -0.147815
0.478006 0.708300 0.683625
0.340828 0.728402 0.038594
0.477950 0.829493 1.400636
0.341289 0.867677 0.642991
0.454926 0.852017 1.451745
0.347020 0.880076 0.688656
0.590368 0.874223 1.173687
0.373237 0.942652 0.347625
0.447735 0.204230 -0.808824
0.447239 0.185361 -0.739254
0.454528 0.185123 -0.740333
0.461924 0.185043 -0.740228
0.419344 0.186042 -0.780697
0.406714 0.186123 -0.781494
0.393597 0.187093 -0.781959
0.444486 0.195140 -0.367223
0.355936 0.197573 -0.561494
0.456354 0.222560 -0.665446
0.423413 0.221719 -0.726274
0.516201 0.301357 -0.117184
0.242891 0.308315 -0.479682
0.630188 0.391576 -0.149855
0.153610 0.422608 -0.673988
0.742477 0.486175 -0.606013
0.071288 0.544700 -1.044258
0.782085 0.517902 -0.693340
0.055702 0.590589 -1.170204
0.782374 0.519286 -0.796341
0.071418 0.592405 -1.248253
0.760057 0.509921 -0.659463
0.087299 0.580331 -1.088466
0.480097 0.565654 0.146821
0.324353 0.570344 -0.147489
0.477242 0.708804 0.634635
0.339352 0.729093 0.026321
0.477552 0.829622 1.352332
0.341200 0.866856 0.609766
0.451601 0.852790 1.403972
0.347100 0.878556 0.653811
0.589610 0.873686 1.139488
0.372301 0.942627 0.330027
0.445293 0.204227 -0.807408
0.445097 0.185227 -0.743164
0.453438 0.184962 -0.744276
0.462191 0.185130 -0.744176
0.415420 0.185474 -0.785003
0.404246 0.185447 -0.785838
0.389906 0.186303 -0.786326
0.444131 0.194488 -0.391572
0.352107 0.197341 -0.585540
0.454939 0.223060 -0.670447
0.420553 0.222181 -0.731675
0.515803 0.302349 -0.150145
0.239876 0.313050 -0.489749
0.599040 0.408915 -0.147297
0.159627 0.444508 -0.653637
0.699575 0.506806 -0.509351
0.090339 0.561395 -0.973305
0.726095 0.540824 -0.576483
0.075648 0.602733 -1.088224
0.727783 0.542326 -0.678129
0.091634 0.604657 -1.161495
0.711372 0.531817 -0.559237
0.105628 0.593279 -1.014317
0.479865 0.566440 0.144965
0.324662 0.571350 -0.145588
0.475512 0.709266 0.654840
0.338030 0.729961 0.030580
0.475863 0.829688 1.339136
0.340671 0.866956 0.566792
0.447231 0.853637 1.387789
0.346470 0.878155 0.606768
0.589550 0.872741 1.147673
0.372523 0.942601 0.299695
0.443463 0.203806 -0.755514
0.443464 0.184703 -0.695210
0.452571 0.184360 -0.696253
0.461745 0.184481 -0.696182
0.413669 0.185298 -0.735971
0.402737 0.185603 -0.736800
0.388150 0.186104 -0.737261
0.441940 0.193218 -0.370404
0.349829 0.196325 -0.565636
0.454226 0.222433 -0.627196
0.419717 0.221485 -0.686207
0.516055 0.302364 -0.143364
0.241087 0.312603 -0.479906
0.573800 0.418472 -0.038151
0.164864 0.448103 -0.544462
0.651585 0.521996 -0.321671
0.098317 0.568853 -0.756423
0.664270 0.557073 -0.379145
0.094257 0.609201 -0.850403
0.665325 0.558550 -0.482805
0.108877 0.610982 -0.918789
0.651742 0.548261 -0.368370
0.118012 0.598923 -0.791369
0.481101 0.566849 0.134974
0.325175 0.571909 -0.135622
0.476515 0.708062 0.607439
0.334085 0.731080 0.094733
0.476333 0.829753 1.258036
0.339832 0.867174 0.637399
0.447507 0.853660 1.305287
0.345946 0.878091 0.680012
0.588866 0.872670 1.100487
0.372554 0.942559 0.420777
0.441871 0.203385 -0.701807
0.442695 0.184553 -0.653408
0.452845 0.184459 -0.654603
0.461907 0.184672 -0.654479
0.411489 0.184940 -0.698809
0.400419 0.185290 -0.699759
0.385959 0.185837 -0.700231
0.443178 0.193178 -0.368695
0.349451 0.196613 -0.547520
0.453745 0.221820 -0.583224
0.417972 0.220999 -0.648138
0.515922 0.302307 -0.127792
0.242796 0.312125 -0.460888
0.557739 0.422861 0.030745
0.165288 0.446939 -0.484574
0.605731 0.529601 -0.197499
0.132626 0.572291 -0.656592
0.612655 0.564497 -0.246818
0.127114 0.611020 -0.742527
0.607391 0.565991 -0.342363
0.149995 0.611936 -0.805069
0.594977 0.554474 -0.238960
0.159878 0.599248 -0.687090
0.481307 0.567134 0.127540
0.324991 0.572277 -0.128206
0.476785 0.706546 0.646565
0.331624 0.731273 0.149137
0.476275 0.829759 1.279452
0.339692 0.866612 0.668334
0.447073 0.853310 1.325721
0.345842 0.876505 0.710344
0.588214 0.872699 1.151706
0.372589 0.942475 0.482881
0.439621 0.202967 -0.667224
0.441481 0.184215 -0.620164
0.452510 0.184336 -0.621352
0.461613 0.184703 -0.621232
0.408895 0.184385 -0.663677
0.398030 0.184790 -0.664625
0.383363 0.185402 -0.665109
0.444201 0.193028 -0.347032
0.348530 0.196715 -0.536348
0.451934 0.221306 -0.551072
0.415192 0.220537 -0.613774
0.515938 0.302479 -0.116159
0.243857 0.311996 -0.433031
0.548801 0.427488 0.040715
0.190383 0.447120 -0.463775
0.580496 0.540526 -0.174027
0.154322 0.570319 -0.625447
0.583671 0.576079 -0.220264
0.147744 0.610326 -0.707127
0.569593 0.575816 -0.311019
0.170824 0.609744 -0.768180
0.560497 0.562935 -0.212992
0.179494 0.597121 -0.655067
0.481372 0.568477 0.119339
0.325129 0.572852 -0.120020
0.476093 0.706855 0.628915
0.331255 0.731734 0.154481
0.476437 0.829750 1.231423
0.339662 0.866035 0.662396
0.447016 0.852455 1.274954
0.345761 0.875060 0.703860
0.587663 0.872722 1.099265
0.372503 0.942324 0.483958
0.438417 0.203122 -0.558974
0.440666 0.184389 -0.517968
0.451975 0.184508 -0.519030
0.461026 0.184842 -0.518969
0.407668 0.184499 -0.550032
0.396726 0.184914 -0.551033
0.382157 0.185466 -0.551580
0.444540 0.192958 -0.277059
0.348133 0.196626 -0.420019
0.451405 0.221329 -0.457103
0.414261 0.220776 -0.504654
0.516028 0.302124 -0.107621
0.244495 0.312053 -0.332350
0.529337 0.426601 0.055413
0.208962 0.448608 -0.325538
0.526781 0.535589 -0.037528
0.185927 0.572281 -0.413849
0.525370 0.567708 -0.058623
0.181980 0.612186 -0.468529
0.517216 0.568784 -0.129909
0.208958 0.610128 -0.521334
0.511341 0.557366 -0.064050
0.218302 0.597268 -0.437031
0.484369 0.567988 0.087604
0.326263 0.573190 -0.088285
0.475198 0.707265 0.451717
0.330525 0.733001 0.092129
0.476518 0.829870 0.959445
0.339682 0.866066 0.616552
0.447133 0.852452 0.997006
0.346086 0.875114 0.634779
0.587387 0.873161 0.857489
0.372426 0.942287 0.359412
0.438200 0.203592 -0.522778
0.440406 0.184669 -0.483545
0.451803 0.184638 -0.484524
0.460555 0.184805 -0.484454
0.407675 0.184973 -0.513553
0.396415 0.185408 -0.514634
0.382169 0.185924 -0.515240
0.444002 0.193046 -0.249257
0.347600 0.196717 -0.383421
0.451675 0.221717 -0.423677
0.414694 0.221475 -0.468286
0.516092 0.301016 -0.091832
0.244986 0.313098 -0.305783
0.508167 0.424749 0.072599
0.220819 0.452124 -0.278091
0.500858 0.525313 0.019702
0.204792 0.575990 -0.332446
0.499134 0.556486 0.009532
0.204020 0.614447 -0.378240
0.497985 0.557185 -0.055059
0.232197 0.612248 -0.426080
0.495386 0.547391 -0.003069
0.240158 0.599767 -0.352119
0.485100 0.566455 0.075733
0.327307 0.573003 -0.076410
0.474810 0.707350 0.362248
0.330686 0.733138 0.064298
0.476720 0.829887 0.822768
0.339673 0.864877 0.470343
0.446938 0.852447 0.856418
0.346053 0.872901 0.495884
0.587107 0.873565 0.708300
0.372438 0.941946 0.319830
0.437825 0.203688 -0.514493
0.440128 0.184599 -0.478021
0.451554 0.184446 -0.479016
0.460119 0.184498 -0.478973
0.407662 0.185250 -0.505636
0.396206 0.185717 -0.506722
0.382226 0.186204 -0.507335
0.443815 0.192871 -0.251878
0.347272 0.196591 -0.376764
0.451714 0.221646 -0.418810
0.414966 0.221589 -0.460212
0.516131 0.300325 -0.093221
0.245278 0.313766 -0.298177
0.498928 0.423525 0.074699
0.233489 0.454644 -0.253549
0.498616 0.522172 0.068463
0.225641 0.578099 -0.266293
0.496509 0.553835 0.065101
0.228824 0.615815 -0.300973
0.496510 0.553952 0.002122
0.259166 0.613715 -0.350216
0.494875 0.544761 0.047836
0.264865 0.601467 -0.285581
0.487315 0.566057 0.068037
0.328545 0.572926 -0.068736
0.475518 0.707560 0.313748
0.330796 0.732813 0.069355
0.477193 0.829942 0.764124
0.339676 0.862671 0.454826
0.447315 0.852420 0.797380
0.346206 0.870383 0.483658
0.586961 0.873784 0.646810
0.371718 0.940906 0.304149
0.437370 0.203858 -0.515963
0.440001 0.184765 -0.479520
0.451549 0.184525 -0.480518
0.459929 0.184496 -0.480485
0.407410 0.185570 -0.506702
0.395884 0.186017 -0.507785
0.381967 0.186526 -0.508390
0.443946 0.192901 -0.254039
0.346948 0.196504 -0.376578
0.451615 0.221573 -0.420403
0.414944 0.221708 -0.461258
0.516327 0.299592 -0.094755
0.245578 0.314222 -0.299494
0.497221 0.422847 0.077897
0.241136 0.455002 -0.256732
0.499165 0.521125 0.073113
0.233835 0.575927 -0.264033
0.496939 0.553302 0.070817
0.237531 0.614577 -0.296769
0.497428 0.555024 0.007223
0.268180 0.611770 -0.345237
0.495020 0.544474 0.052464
0.273686 0.599379 -0.282740
0.488489 0.565534 0.068667
0.329545 0.572700 -0.069367
0.475879 0.707732 0.273133
0.331716 0.732900 0.061621
0.478305 0.830036 0.716721
0.339822 0.862036 0.407329
0.448393 0.852376 0.749269
0.346649 0.869628 0.438210
0.587274 0.874138 0.597552
0.371512 0.940554 0.262632
0.437202 0.204174 -0.528461
0.439964 0.185084 -0.491477
0.451534 0.184686 -0.492460
0.459736 0.184545 -0.492402
0.407496 0.186060 -0.520080
0.395854 0.186463 -0.521172
0.382040 0.186968 -0.521790
0.443920 0.192876 -0.260942
0.346875 0.196651 -0.390708
0.451498 0.221622 -0.431283
0.415102 0.222037 -0.474016
0.516606 0.299055 -0.095722
0.245815 0.314517 -0.316273
0.498171 0.422522 0.067871
0.240204 0.455441 -0.281420
0.494147 0.521422 0.038666
0.226726 0.577197 -0.309189
0.490474 0.552729 0.032572
0.228844 0.615993 -0.349622
0.491829 0.554900 -0.032529
0.260852 0.613832 -0.398135
0.489209 0.544066 0.016588
0.266451 0.601170 -0.328341
0.489043 0.564797 0.070827
0.330607 0.572410 -0.071515
0.476205 0.708072 0.307186
0.332637 0.733053 0.058842
0.478830 0.830068 0.768612
0.340110 0.862141 0.396339
0.448834 0.852341 0.802527
0.347013 0.869914 0.427373
0.587426 0.874165 0.651031
0.371916 0.940549 0.240150
0.437313 0.204513 -0.534382
0.439934 0.185541 -0.496172
0.451469 0.185008 -0.497135
0.459488 0.184772 -0.497059
0.407765 0.186623 -0.525712
0.396080 0.187021 -0.526803
0.382315 0.187531 -0.527418
0.443424 0.193128 -0.262647
0.346869 0.196997 -0.395783
0.451539 0.221736 -0.435786
0.415290 0.222297 -0.479812
0.516684 0.298983 -0.097112
0.246006 0.314650 -0.322794
0.504702 0.422302 0.053247
0.235857 0.455394 -0.299220
0.498427 0.522341 -0.012704
0.220855 0.578735 -0.352749
0.494950 0.554152 -0.024742
0.222763 0.618092 -0.399725
0.495683 0.557632 -0.090780
0.254291 0.616306 -0.446836
0.492650 0.546207 -0.036456
0.260413 0.603123 -0.372009
0.489418 0.564182 0.072785
0.331341 0.572144 -0.073462
0.476547 0.708964 0.310067
0.333444 0.734017 0.021749
0.479125 0.830104 0.776167
0.340069 0.864908 0.362843
0.449054 0.852245 0.810620
0.346217 0.872515 0.392900
0.587413 0.874030 0.659430
0.373197 0.940774 0.193824
0.437495 0.204799 -0.503248
0.439942 0.185968 -0.463010
0.451333 0.185365 -0.463990
0.459181 0.185062 -0.463903
0.407954 0.187055 -0.494108
0.396231 0.187456 -0.495152
0.382657 0.187971 -0.495736
0.442282 0.193447 -0.232156
0.346933 0.197312 -0.371794
0.451536 0.221878 -0.406729
0.415420 0.222349 -0.452823
0.516712 0.299217 -0.081770
0.245937 0.314741 -0.305622
0.513154 0.422032 0.053453
0.233617 0.454927 -0.302920
0.519448 0.526687 -0.033241
0.216698 0.577118 -0.387755
0.518021 0.557745 -0.049870
0.217705 0.616386 -0.440857
0.511491 0.561148 -0.116971
0.248421 0.614712 -0.488826
0.505440 0.550339 -0.058007
0.255111 0.601448 -0.408560
0.489655 0.564121 0.074365
0.331823 0.572069 -0.075029
0.476812 0.709872 0.345912
0.334691 0.734538 0.007560
0.479662 0.830133 0.826209
0.340024 0.867641 0.325158
0.450007 0.852206 0.861024
0.345236 0.876243 0.351458
0.587397 0.874004 0.710665
0.374106 0.941388 0.152631
0.437583 0.204871 -0.493247
0.440029 0.186196 -0.451841
0.451341 0.185535 -0.452869
0.459019 0.185195 -0.452795
0.408437 0.187295 -0.486285
0.396320 0.187694 -0.487266
0.383214 0.188166 -0.487799
0.441538 0.193561 -0.217898
0.347054 0.197304 -0.372502
0.451583 0.221748 -0.395952
0.415591 0.222131 -0.446545
0.516774 0.299269 -0.070955
0.245956 0.314631 -0.304948
0.522499 0.422412 0.056734
0.230524 0.454604 -0.318166
0.533513 0.531830 -0.034723
0.213460 0.576701 -0.422553
0.534589 0.564477 -0.070350
0.214670 0.616216 -0.480532
0.524413 0.567559 -0.133054
0.244595 0.614053 -0.531340
0.517455 0.556210 -0.060850
0.250694 0.600769 -0.445380
0.490074 0.564807 0.075176
0.332124 0.572524 -0.075832
0.477008 0.710362 0.429766
0.335507 0.735083 0.017608
0.480209 0.830107 0.931123
0.339890 0.868528 0.359236
0.450572 0.852063 0.967576
0.344488 0.877224 0.389231
0.587297 0.873652 0.829020
0.374156 0.941612 0.181224
0.437711 0.205045 -0.494348
0.440097 0.186416 -0.457433
0.451365 0.185768 -0.458262
0.458948 0.185440 -0.458248
0.408502 0.187479 -0.503685
0.396470 0.187841 -0.504516
0.383279 0.188250 -0.504917
0.441408 0.193744 -0.227704
0.347150 0.197274 -0.418408
0.451535 0.221936 -0.400653
0.415751 0.222224 -0.468175
0.516840 0.299431 -0.072413
0.246004 0.314683 -0.352849
0.534155 0.423471 0.061403
0.225386 0.455688 -0.376369
0.537573 0.536842 -0.079021
0.207979 0.579108 -0.494315
0.538241 0.568775 -0.122278
0.204369 0.617999 -0.564213
0.535024 0.570530 -0.196961
0.231347 0.615229 -0.618584
0.527807 0.558710 -0.110737
0.240353 0.601719 -0.519083
0.490143 0.567252 0.089683
0.333035 0.574193 -0.090313
0.477154 0.710444 0.556257
0.337251 0.735093 0.075195
0.480420 0.830119 1.082840
0.339950 0.868464 0.477026
0.450833 0.851971 1.120064
0.344466 0.877154 0.509624
0.587298 0.873085 0.964788
0.374167 0.941661 0.297193
0.437813 0.205173 -0.566148
0.440303 0.186585 -0.522619
0.451501 0.185938 -0.523718
0.458967 0.185616 -0.523663
0.408587 0.187597 -0.568878
0.396578 0.187932 -0.569728
0.383432 0.188307 -0.570162
0.441644 0.193881 -0.267933
0.347177 0.197365 -0.468518
0.451533 0.222100 -0.461265
0.415646 0.222322 -0.527874
0.517095 0.299549 -0.085111
0.246070 0.314742 -0.394018
0.541900 0.424469 0.057824
0.220609 0.457480 -0.431949
0.564446 0.540188 -0.120210
0.190570 0.581393 -0.569032
0.562680 0.578110 -0.162368
0.184433 0.619032 -0.642769
0.553411 0.577526 -0.247100
0.205104 0.616958 -0.703491
0.545948 0.564426 -0.156264
0.215800 0.603940 -0.597776
0.490041 0.568489 0.097039
0.333368 0.574882 -0.097665
0.478395 0.710473 0.597148
0.339314 0.735456 0.114151
0.480593 0.830139 1.140980
0.340036 0.867794 0.567974
0.451115 0.851822 1.179291
0.344485 0.876387 0.604786
0.587300 0.872846 1.017687
0.374153 0.941799 0.394142
0.438097 0.205260 -0.618399
0.441288 0.186716 -0.570510
0.452119 0.186067 -0.571646
0.459241 0.185738 -0.571575
0.409127 0.187563 -0.614307
0.396663 0.187854 -0.615187
0.383525 0.188157 -0.615642
0.442315 0.193991 -0.295390
0.347234 0.197333 -0.492952
0.451563 0.222235 -0.506053
0.415646 0.222417 -0.569455
0.517467 0.299652 -0.093286
0.245926 0.314687 -0.412933
0.552316 0.424344 0.042228
0.208633 0.456832 -0.476494
0.598831 0.537301 -0.180204
0.168322 0.580375 -0.659786
0.603171 0.573292 -0.225546
0.157624 0.618347 -0.741948
0.597906 0.573615 -0.317113
0.174192 0.617375 -0.806036
0.586032 0.561319 -0.219960
0.187475 0.604652 -0.691688
0.489538 0.568474 0.104943
0.332875 0.574508 -0.105551
0.479005 0.710328 0.586879
0.339202 0.735567 0.091724
0.480670 0.830140 1.158682
0.339876 0.867050 0.537141
0.451198 0.851661 1.199391
0.344419 0.875497 0.572663
0.587322 0.872615 1.032377
0.373733 0.942161 0.350992
0.438382 0.205302 -0.606857
0.442463 0.186804 -0.560183
0.452900 0.186176 -0.561291
0.459690 0.185837 -0.561222
0.409708 0.187348 -0.600289
0.396735 0.187565 -0.601194
0.383609 0.187758 -0.601663
0.443238 0.194068 -0.293193
0.347276 0.196991 -0.476212
0.451599 0.222332 -0.498295
0.415424 0.222457 -0.556620
0.517466 0.299747 -0.103153
0.244871 0.314733 -0.399274
0.568157 0.424232 0.013585
0.195104 0.456754 -0.448562
0.639814 0.536592 -0.200412
0.147186 0.580684 -0.612422
0.648443 0.571584 -0.241812
0.138151 0.620692 -0.686115
0.649090 0.571738 -0.333118
0.153548 0.620770 -0.751637
0.634714 0.559535 -0.240141
0.167207 0.607067 -0.644472
0.487807 0.568446 0.104053
0.332172 0.574197 -0.104663
0.479096 0.710347 0.545710
0.339200 0.736425 0.085553
0.480738 0.830199 1.104321
0.339745 0.866931 0.509752
0.451226 0.851638 1.144567
0.344250 0.875337 0.544032
0.587332 0.872414 0.981448
0.373201 0.942403 0.327340
0.438449 0.205279 -0.614581
0.442862 0.186851 -0.565890
0.453226 0.186266 -0.566985
0.459927 0.185934 -0.566920
0.409826 0.187148 -0.602293
0.396798 0.187320 -0.603181
0.383658 0.187448 -0.603622
0.443831 0.194116 -0.293295
0.347305 0.196641 -0.468780
0.451595 0.222414 -0.504520
0.414777 0.222422 -0.558180
0.517500 0.298980 -0.110235
0.244486 0.313959 -0.395179
0.589704 0.421633 -0.027883
0.182488 0.456030 -0.453639
0.684804 0.526507 -0.261481
0.119198 0.580569 -0.670359
0.701169 0.559134 -0.305394
0.108716 0.620025 -0.748876
0.703352 0.560206 -0.399632
0.118960 0.620322 -0.821216
0.691230 0.551150 -0.303527
0.132964 0.606977 -0.707768
0.487022 0.568201 0.103336
0.331688 0.572915 -0.103944
0.479171 0.710359 0.536225
0.339399 0.736370 0.047369
0.480784 0.830210 1.097135
0.339733 0.866885 0.461124
0.451246 0.851623 1.136956
0.344246 0.875316 0.492011
0.587343 0.871961 0.966671
0.372839 0.942781 0.250416
0.439080 0.205243 -0.626608
0.443875 0.186860 -0.573418
0.453873 0.186333 -0.574497
0.460459 0.186018 -0.574432
0.410604 0.186950 -0.608652
0.396872 0.187088 -0.609515
0.383996 0.187172 -0.609937
0.444882 0.194105 -0.291251
0.347534 0.196352 -0.465854
0.451742 0.222473 -0.511910
0.414766 0.222414 -0.564142
0.517745 0.298409 -0.109553
0.244506 0.312769 -0.381610
0.613949 0.411759 -0.056963
0.170899 0.448908 -0.490015
0.733668 0.508245 -0.324384
0.083274 0.566653 -0.770465
0.763135 0.541910 -0.371152
0.070640 0.611288 -0.856998
0.767563 0.542915 -0.469364
0.081707 0.613389 -0.931744
0.750870 0.533627 -0.369620
0.096597 0.600785 -0.811313
0.486934 0.567928 0.103074
0.331398 0.571918 -0.103700
0.479171 0.710428 0.542638
0.339761 0.736372 -0.002517
0.480224 0.829856 1.129564
0.339819 0.866846 0.404206
0.450974 0.850841 1.171386
0.344677 0.875053 0.433945
0.587179 0.871415 0.998639
0.372659 0.943277 0.185289
0.440129 0.205101 -0.624893
0.444823 0.186681 -0.570243
0.454432 0.186252 -0.571317
0.460897 0.185985 -0.571256
0.411844 0.186694 -0.604066
0.397276 0.186862 -0.604928
0.384749 0.186980 -0.605353
0.445594 0.194063 -0.286698
0.347934 0.196257 -0.438668
0.452072 0.222507 -0.510469
0.414864 0.222395 -0.560517
0.518317 0.297703 -0.113511
0.245295 0.311546 -0.355717
0.631140 0.402146 -0.115985
0.166127 0.439112 -0.520166
0.767030 0.490440 -0.408120
0.069898 0.549745 -0.853967
0.810045 0.523818 -0.459639
0.051689 0.594079 -0.945198
0.815297 0.526728 -0.555502
0.061944 0.597913 -1.020256
0.794976 0.518880 -0.454009
0.078886 0.583624 -0.897320
0.485782 0.566406 0.102733
0.328388 0.569736 -0.103360
0.479169 0.710477 0.533386
0.340195 0.735840 -0.061027
0.479653 0.829781 1.110619
0.340311 0.866839 0.296283
0.450808 0.850661 1.151386
0.344934 0.875071 0.320537
0.587115 0.870863 0.978337
0.372492 0.943409 0.060522
0.440235 0.205115 -0.642553
0.444908 0.186709 -0.588403
0.454481 0.186289 -0.589487
0.460969 0.186029 -0.589440
0.412437 0.186717 -0.617047
0.397596 0.186884 -0.617856
0.385179 0.186995 -0.618244
0.445636 0.194085 -0.302029
0.347961 0.196358 -0.438667
0.452069 0.222543 -0.530602
0.414937 0.222414 -0.574284
0.520044 0.296930 -0.154699
0.246984 0.310128 -0.355987
0.659567 0.393533 -0.222739
0.162826 0.433153 -0.589652
0.819143 0.474301 -0.553516
0.060595 0.539074 -0.959961
0.865093 0.505214 -0.614178
0.033446 0.579930 -1.056038
0.865739 0.506351 -0.706426
0.046384 0.586290 -1.131233
0.841491 0.498487 -0.599771
0.068191 0.572265 -1.005039
0.483077 0.563346 0.102376
0.322723 0.568150 -0.103004
0.480833 0.710268 0.529006
0.340103 0.734705 -0.094519
0.479310 0.829648 1.101239
0.342226 0.867549 0.212825
0.450779 0.850639 1.140656
0.347113 0.876700 0.230731
0.586971 0.870702 0.966391
0.372617 0.943976 -0.051325
0.440905 0.207496 -0.680787
0.445024 0.189350 -0.620910
0.454617 0.188890 -0.621978
0.461257 0.188380 -0.621904
0.414076 0.189995 -0.653156
0.399774 0.190176 -0.653959
0.387618 0.190275 -0.654357
0.445708 0.195516 -0.307410
0.348983 0.198849 -0.454953
0.452263 0.224941 -0.558647
0.416810 0.225470 -0.607552
0.521834 0.297137 -0.144136
0.252427 0.310152 -0.389429
0.681906 0.386859 -0.168320
0.165023 0.423943 -0.695022
0.855749 0.461460 -0.472609
0.066448 0.529665 -1.126994
0.903066 0.485777 -0.525017
0.035266 0.568147 -1.239402
0.901834 0.490408 -0.623596
0.052559 0.574944 -1.305403
0.876921 0.484682 -0.521123
0.075500 0.562496 -1.170404
0.478460 0.562779 0.111996
0.318961 0.568172 -0.112594
0.483165 0.709584 0.597452
0.340025 0.731882 -0.108551
0.478547 0.829550 1.203201
0.344921 0.867047 0.237445
0.449856 0.850654 1.244208
0.350766 0.876402 0.259075
0.586781 0.870531 1.042808
0.372658 0.943146 -0.035134
0.441642 0.217223 -0.766164
0.446080 0.198758 -0.701044
0.455775 0.198502 -0.702046
0.463011 0.198256 -0.701925
0.414111 0.198008 -0.734126
0.400002 0.198026 -0.734946
0.387635 0.198512 -0.735372
0.448532 0.204730 -0.350348
0.349106 0.207764 -0.505225
0.452679 0.233979 -0.631131
0.416817 0.235538 -0.681499
0.524198 0.301056 -0.142715
0.257113 0.312957 -0.449690
0.706450 0.385374 -0.210535
0.167721 0.419629 -0.834655
0.887767 0.449825 -0.585644
0.075511 0.521702 -1.385603
0.944989 0.474599 -0.650633
0.040392 0.559635 -1.530631
0.938554 0.476047 -0.753964
0.065802 0.569343 -1.586711
0.914815 0.470964 -0.638774
0.091232 0.555853 -1.428454
0.474286 0.562840 0.120628
0.316122 0.568254 -0.121199
0.489224 0.709595 0.614082
0.343739 0.730058 -0.096969
0.478811 0.829770 1.274733
0.349485 0.866023 0.293058
0.449774 0.850745 1.320661
0.354161 0.875078 0.318460
0.586709 0.870993 1.087700
0.373284 0.942100 0.010625
0.445880 0.229549 -0.747481
0.449032 0.212173 -0.682768
0.457795 0.212094 -0.683743
0.465607 0.212040 -0.683634
0.417443 0.211623 -0.719059
0.403253 0.211378 -0.719908
0.390071 0.211168 -0.720408
0.452161 0.219045 -0.342575
0.354397 0.218942 -0.510721
0.455284 0.246212 -0.616563
0.420886 0.247793 -0.670849
0.526000 0.310889 -0.140870
0.262703 0.324683 -0.478895
0.720252 0.385086 -0.165482
0.168166 0.422981 -0.896609
0.910960 0.439954 -0.460536
0.076258 0.518335 -1.461210
0.971285 0.460949 -0.516766
0.054659 0.557149 -1.609271
0.969520 0.463436 -0.608547
0.067236 0.564102 -1.653677
0.944220 0.461098 -0.506871
0.110044 0.550235 -1.499788
0.472079 0.565935 0.124117
0.312917 0.570657 -0.124629
0.494154 0.709400 0.665534
0.344323 0.730241 -0.148894
0.478827 0.829750 1.322754
0.351171 0.865661 0.250605
0.449183 0.850754 1.368755
0.355727 0.874382 0.277073
0.586518 0.871234 1.152112
0.375128 0.939693 -0.040906
0.447331 0.248553 -0.743135
0.449617 0.231386 -0.678656
0.458359 0.230801 -0.679611
0.466415 0.230296 -0.679483
0.418858 0.231873 -0.712777
0.406333 0.232191 -0.713599
0.392355 0.232432 -0.714106
0.456253 0.234992 -0.342597
0.359153 0.239912 -0.503050
0.456844 0.264645 -0.614184
0.425167 0.266540 -0.665174
0.527291 0.325564 -0.124205
0.269901 0.341564 -0.480245
0.723690 0.386561 -0.147379
0.174521 0.427571 -0.913872
0.918328 0.431140 -0.441837
0.115083 0.518157 -1.514542
0.976582 0.447683 -0.458627
0.087628 0.557603 -1.667993
0.976994 0.451095 -0.566502
0.126965 0.557410 -1.704073
0.952466 0.450333 -0.502588
0.153023 0.545369 -1.549933
0.465959 0.569706 0.129026
0.307447 0.576988 -0.129516
0.508350 0.709275 0.519674
0.343665 0.733712 -0.297968
0.479415 0.830292 1.118788
0.353150 0.865636 0.099177
0.448644 0.851970 1.158085
0.358708 0.873763 0.125610
0.588094 0.871525 0.908304
0.375123 0.938931 -0.204511
0.451412 0.272004 -0.769809
0.453015 0.253795 -0.705881
0.460802 0.252832 -0.706789
0.468462 0.252039 -0.706704
0.424110 0.254358 -0.740080
0.412390 0.254534 -0.740831
0.398281 0.254596 -0.741302
0.456209 0.257348 -0.369935
0.364937 0.260549 -0.529617
0.459914 0.287734 -0.640004
0.428539 0.289538 -0.691124
0.526092 0.342484 -0.133529
0.276738 0.361742 -0.495906
0.726196 0.388414 -0.143669
0.194991 0.445736 -0.943109
0.930255 0.429631 -0.417260
0.165218 0.523849 -1.570590
0.988335 0.444293 -0.449378
0.156930 0.563112 -1.731639
0.991584 0.446676 -0.551031
0.196556 0.553840 -1.760666
0.967270 0.446081 -0.468889
0.211271 0.543217 -1.603315
0.458475 0.581279 0.130486
0.302242 0.590434 -0.130936
0.524575 0.710166 0.253105
0.343639 0.741525 -0.392074
0.483852 0.833468 0.911143
0.353597 0.867893 0.131794
0.448720 0.856560 0.957842
0.358395 0.877274 0.169648
0.593320 0.872683 0.678064
0.375044 0.937880 -0.177254
0.454451 0.295346 -0.807368
0.455542 0.274730 -0.749071
0.462925 0.273968 -0.749952
0.470470 0.273162 -0.749897
0.426821 0.275954 -0.778229
0.416018 0.276598 -0.778940
0.401195 0.277264 -0.779363
0.456286 0.280676 -0.433636
0.367205 0.286629 -0.569888
0.463355 0.312774 -0.684147
0.431577 0.313190 -0.728683
0.521720 0.358433 -0.211028
0.282343 0.378964 -0.525050
0.719438 0.391397 -0.212368
0.224286 0.474522 -0.987549
0.933540 0.431408 -0.428804
0.234066 0.526819 -1.604742
0.990813 0.444854 -0.460189
0.226595 0.562776 -1.758267
0.992693 0.447271 -0.555779
0.256569 0.546871 -1.783557
0.967146 0.446996 -0.474143
0.266878 0.537379 -1.636101
0.446797 0.585059 0.128829
0.292877 0.596058 -0.129342
0.537606 0.714441 0.098936
0.343385 0.744660 -0.529244
0.486485 0.834299 0.682480
0.354581 0.868080 -0.024185
0.448851 0.856935 0.722255
0.358792 0.877269 0.014073
0.595485 0.872787 0.451783
0.375036 0.936992 -0.314362
0.457821 0.319984 -0.868120
0.457338 0.297561 -0.816423
0.464675 0.296801 -0.817348
0.472334 0.295994 -0.817377
0.428799 0.298329 -0.846405
0.418324 0.298778 -0.847073
0.403750 0.299453 -0.847445
0.456865 0.302999 -0.522179
0.368795 0.308430 -0.660364
0.466048 0.335410 -0.752039
0.434543 0.335304 -0.796882
0.518973 0.377292 -0.319558
0.280443 0.404411 -0.612630
0.711276 0.406935 -0.370022
0.261962 0.507366 -1.071063
0.923534 0.434675 -0.611162
0.294237 0.528029 -1.639672
0.985423 0.443681 -0.648757
0.296285 0.551404 -1.782934
0.985681 0.446757 -0.730859
0.313343 0.535036 -1.804841
0.958453 0.448517 -0.651645
0.318539 0.528423 -1.669504
0.440991 0.594846 0.126822
0.287848 0.606740 -0.127161
0.549662 0.718960 0.069588
0.343352 0.750604 -0.427847
0.492890 0.834236 0.598321
0.354496 0.868056 0.022481
0.452373 0.856754 0.636561
0.355576 0.877201 0.057803
0.599265 0.873333 0.424136
0.375701 0.937005 -0.217193
0.463173 0.340420 -0.769871
0.462136 0.320788 -0.738318
0.468972 0.320195 -0.739073
0.475747 0.319551 -0.739361
0.432260 0.320135 -0.765696
0.420883 0.320428 -0.766141
0.407077 0.321088 -0.766354
0.458003 0.326050 -0.451790
0.371908 0.328980 -0.599219
0.468955 0.355167 -0.696135
0.436273 0.356234 -0.732895
0.516393 0.395846 -0.264951
0.281208 0.422387 -0.560984
0.709275 0.424255 -0.297524
0.318074 0.517337 -0.956436
0.908814 0.438986 -0.513691
0.363231 0.528834 -1.461368
0.969971 0.449547 -0.561826
0.381225 0.542726 -1.628514
0.969136 0.452128 -0.699804
0.383164 0.528568 -1.702293
0.943578 0.453218 -0.557978
0.380751 0.525378 -1.512833
0.433969 0.608973 0.124280
0.284908 0.619553 -0.124480
0.558039 0.725255 -0.050382
0.343319 0.756413 -0.455982
0.495894 0.834691 0.442760
0.353529 0.867212 -0.003001
0.454420 0.856648 0.481299
0.354880 0.876111 0.036153
0.600787 0.873407 0.321560
0.371709 0.935028 -0.178656
0.466505 0.362520 -0.760848
0.465658 0.342946 -0.724495
0.472504 0.342131 -0.725366
0.479050 0.341280 -0.725419
0.434704 0.342755 -0.760217
0.422656 0.343031 -0.760982
0.409400 0.343497 -0.761387
0.461134 0.346650 -0.453090
0.375133 0.351104 -0.581158
0.472668 0.377435 -0.671680
0.438563 0.379251 -0.724649
0.516499 0.413671 -0.288366
0.282494 0.441534 -0.552573
0.705244 0.438943 -0.365962
0.379629 0.527534 -0.919633
0.898325 0.439300 -0.592174
0.432050 0.528776 -1.287505
0.956594 0.453742 -0.625578
0.451857 0.532414 -1.390689
0.954440 0.457136 -0.695625
0.449089 0.522156 -1.399561
0.929766 0.454972 -0.624760
0.445975 0.521058 -1.307095
0.425173 0.618319 0.118189
0.279088 0.626864 -0.118307
0.572806 0.728488 -0.130941
0.344048 0.764562 -0.423277
0.499879 0.837033 0.308542
0.350969 0.868209 -0.039904
0.457667 0.857052 0.343292
0.351683 0.876694 -0.006561
0.602297 0.874220 0.185319
0.371739 0.935139 -0.206326
0.466383 0.383160 -0.702160
0.466257 0.364082 -0.670924
0.473409 0.363101 -0.671728
0.479984 0.362072 -0.671865
0.434994 0.364422 -0.691095
0.423129 0.364386 -0.691663
0.410170 0.364212 -0.691891
0.463805 0.366753 -0.437464
0.378468 0.370497 -0.539068
0.473576 0.398391 -0.620191
0.438886 0.398719 -0.650139
0.517344 0.432044 -0.290422
0.293573 0.457379 -0.537494
0.690849 0.454869 -0.450290
0.398671 0.523157 -0.902810
0.889585 0.457913 -0.769878
0.484000 0.531218 -1.248847
0.949459 0.463043 -0.825671
0.507316 0.538215 -1.358134
0.942978 0.467162 -0.884872
0.511186 0.530659 -1.361242
0.923564 0.471140 -0.802052
0.505305 0.526865 -1.266253
0.420892 0.629997 0.115803
0.277817 0.637840 -0.115922
0.576710 0.732426 -0.130160
0.346149 0.769104 -0.442375
0.504243 0.836828 0.277592
0.349717 0.870265 -0.106181
0.460225 0.855804 0.309999
0.349940 0.877145 -0.076156
0.600276 0.874216 0.170933
0.369179 0.935238 -0.254678
0.467470 0.399092 -0.511843
0.467171 0.379400 -0.481337
0.474418 0.378499 -0.482079
0.481109 0.377664 -0.482185
0.436647 0.380244 -0.496579
0.425734 0.380671 -0.497115
0.412647 0.381179 -0.497290
0.466115 0.383300 -0.298740
0.381881 0.389043 -0.364102
0.475810 0.414674 -0.438938
0.441250 0.414498 -0.462403
0.519569 0.449854 -0.262507
0.298537 0.467870 -0.400506
0.676804 0.469865 -0.490799
0.364772 0.514889 -0.768999
0.862904 0.478631 -0.892713
0.471944 0.532890 -1.110495
0.926458 0.480871 -0.968396
0.512050 0.541976 -1.215617
0.922148 0.487165 -1.014544
0.524568 0.534511 -1.219500
0.898621 0.493083 -0.922320
0.513152 0.530082 -1.127485
0.422117 0.641124 0.095448
0.276657 0.647108 -0.095671
0.578603 0.735792 -0.224048
0.349277 0.772115 -0.502777
0.501534 0.836762 0.141076
0.350102 0.870456 -0.172526
0.457789 0.854970 0.171373
0.349476 0.876631 -0.139328
0.595676 0.874428 0.066394
0.369239 0.935012 -0.269315
0.470476 0.416454 -0.591429
0.468872 0.395875 -0.561626
0.476112 0.394753 -0.562382
0.482788 0.393780 -0.562456
0.439425 0.397369 -0.580315
0.428886 0.398004 -0.580881
0.415379 0.398612 -0.581088
0.469128 0.398569 -0.364951
0.386683 0.406715 -0.436008
0.478902 0.431272 -0.512479
0.445621 0.431719 -0.541343
0.525809 0.464403 -0.314515
0.305759 0.479897 -0.468369
0.674541 0.483027 -0.598527
0.378852 0.516751 -0.841596
0.852866 0.498217 -0.985313
0.509158 0.535657 -1.192377
0.918534 0.502402 -1.063382
0.551330 0.543801 -1.304361
0.910098 0.509006 -1.105356
0.565989 0.536696 -1.306583
0.880507 0.513293 -1.013015
0.553475 0.531509 -1.209404
0.423023 0.651701 0.093987
0.277380 0.655201 -0.094161
0.583474 0.738836 -0.210435
0.350262 0.774940 -0.581446
0.501118 0.836859 0.172530
0.350019 0.870985 -0.214582
0.456937 0.853682 0.204551
0.347521 0.876614 -0.176600
0.595664 0.874443 0.105719
0.370888 0.935004 -0.300317
0.473462 0.428873 -0.611046
0.472009 0.407261 -0.581868
0.480039 0.406283 -0.582585
0.487358 0.405276 -0.582632
0.442806 0.408912 -0.599887
0.431908 0.409862 -0.600433
0.418413 0.410674 -0.600596
0.475634 0.409406 -0.380399
0.390429 0.418452 -0.459889
0.484514 0.443278 -0.530920
0.449106 0.444104 -0.558389
0.532726 0.476254 -0.299388
0.310828 0.487673 -0.480090
0.670498 0.496743 -0.573070
0.398300 0.525800 -0.843862
0.838715 0.512772 -0.970877
0.543249 0.542631 -1.170386
0.901274 0.520645 -1.049199
0.593194 0.550049 -1.281486
0.892107 0.525739 -1.090734
0.604542 0.537457 -1.275700
0.863379 0.528803 -0.998275
0.589774 0.532262 -1.182430
0.422169 0.659944 0.095074
0.276836 0.664753 -0.095233
0.591701 0.741103 -0.204344
0.356946 0.777012 -0.662065
0.500541 0.836510 0.206037
0.352698 0.870928 -0.273977
0.453716 0.851832 0.241229
0.347558 0.875952 -0.232562
0.595465 0.874274 0.150750
0.372135 0.934369 -0.348832
0.476583 0.436610 -0.521432
0.475875 0.416234 -0.496498
0.483466 0.415047 -0.497149
0.490971 0.414162 -0.497204
0.448282 0.417738 -0.513326
0.436896 0.417926 -0.513845
0.424386 0.418464 -0.513976
0.478910 0.419369 -0.332648
0.397692 0.425472 -0.404766
0.488114 0.451404 -0.453796
0.453718 0.450283 -0.479010
0.535340 0.484138 -0.251847
0.315149 0.490642 -0.452023
0.666561 0.505989 -0.484077
0.401839 0.534553 -0.748843
0.832631 0.526291 -0.842285
0.564232 0.550426 -0.999421
0.889195 0.535132 -0.910625
0.614658 0.559497 -1.097718
0.882847 0.539018 -0.955781
0.631435 0.547921 -1.091847
0.854297 0.540316 -0.869989
0.617121 0.544796 -1.008639
0.420502 0.664930 0.095602
0.276643 0.670757 -0.095777
0.590570 0.741883 -0.228749
0.364336 0.780573 -0.622459
0.499164 0.835817 0.161230
0.352631 0.871383 -0.216773
0.447984 0.850160 0.194783
0.342001 0.875887 -0.173640
0.593610 0.874285 0.105395
0.372206 0.934340 -0.291714
0.478002 0.441662 -0.575035
0.478258 0.422029 -0.546472
0.486487 0.421199 -0.547179
0.493995 0.420447 -0.547229
0.449068 0.423768 -0.565965
0.437865 0.424386 -0.566513
0.426184 0.425177 -0.566688
0.484761 0.424616 -0.367646
0.400243 0.432022 -0.422340
0.491387 0.456148 -0.497985
0.456473 0.456830 -0.527131
0.539686 0.487504 -0.272185
0.316945 0.496621 -0.499080
0.665817 0.513551 -0.525298
0.400253 0.541263 -0.787900
0.828187 0.532955 -0.913646
0.580297 0.557266 -1.059025
0.889647 0.543234 -0.991205
0.633754 0.568416 -1.164152
0.882307 0.546878 -1.032004
0.651463 0.558496 -1.159508
0.849476 0.548007 -0.940306
0.635675 0.555504 -1.069304
0.419492 0.668313 0.098116
0.275200 0.676010 -0.098232
0.589638 0.742007 -0.222352
0.367615 0.782895 -0.619649
0.496234 0.835515 0.172660
0.352532 0.875032 -0.191063
0.443572 0.850097 0.207611
0.335824 0.878116 -0.144568
0.592142 0.874329 0.130195
0.372878 0.934382 -0.282659
0.481723 0.444198 -0.572415
0.480654 0.424875 -0.546228
0.489269 0.424055 -0.546868
0.496390 0.422732 -0.546919
0.451766 0.426873 -0.567030
0.440892 0.428075 -0.567548
0.429724 0.429239 -0.567695
0.488355 0.426151 -0.368006
0.403314 0.435515 -0.443232
0.494842 0.458041 -0.497421
0.460416 0.460033 -0.527321
0.544685 0.489909 -0.268689
0.319284 0.499786 -0.500929
0.665540 0.519118 -0.521209
0.407191 0.544475 -0.794021
0.824870 0.537921 -0.922414
0.590455 0.562592 -1.042035
0.886373 0.549847 -1.001535
0.643589 0.575291 -1.145897
0.880182 0.552346 -1.043150
0.662807 0.566945 -1.142118
0.845802 0.552267 -0.950052
0.647804 0.563451 -1.052544
0.418938 0.669735 0.098583
0.273993 0.678055 -0.098718
0.587516 0.743193 -0.268679
0.366043 0.781218 -0.643090
0.492451 0.835839 0.135032
0.353259 0.874786 -0.187380
0.441715 0.850903 0.171943
0.337324 0.877796 -0.136976
0.590102 0.875651 0.103620
0.372887 0.934174 -0.240812
0.484453 0.444132 -0.566907
0.484797 0.424771 -0.541607
0.493963 0.423578 -0.542235
0.500973 0.422429 -0.542292
0.456005 0.426384 -0.561162
0.444823 0.427395 -0.561663
0.433899 0.429163 -0.561788
0.494775 0.426144 -0.368121
0.405995 0.436273 -0.447167
0.497397 0.458375 -0.494540
0.463871 0.459353 -0.522735
0.547471 0.488670 -0.266599
0.322508 0.499213 -0.503387
0.665887 0.520493 -0.519229
0.415038 0.544770 -0.796530
0.824316 0.542221 -0.911467
0.600879 0.565785 -1.034578
0.884638 0.554001 -0.989500
0.654370 0.578653 -1.139038
0.879434 0.555725 -1.033306
0.673894 0.571951 -1.136239
0.845491 0.554923 -0.939831
0.657383 0.568789 -1.046023
0.418596 0.669956 0.100828
0.273191 0.677292 -0.100934
0.587391 0.744169 -0.235523
0.368255 0.783031 -0.596678
0.491992 0.836081 0.165549
0.353226 0.875810 -0.162663
0.441032 0.851494 0.202093
0.337883 0.878053 -0.116859
0.589927 0.875611 0.134986
0.373007 0.934199 -0.194384
0.486259 0.441666 -0.537426
0.486781 0.421694 -0.509987
0.494806 0.420042 -0.510599
0.502284 0.419032 -0.510643
0.458469 0.424020 -0.530712
0.447754 0.424700 -0.531208
0.437405 0.426194 -0.531313
0.495662 0.423683 -0.337777
0.408076 0.434687 -0.424297
0.500126 0.455851 -0.466060
0.466108 0.456357 -0.495730
0.549234 0.487404 -0.239452
0.322888 0.496181 -0.500661
0.666158 0.516938 -0.501101
0.413753 0.542585 -0.791451
0.826511 0.541558 -0.896432
0.603843 0.567058 -1.014013
0.886924 0.554676 -0.973940
0.654309 0.580311 -1.117547
0.881142 0.556806 -1.018568
0.675475 0.573501 -1.112719
0.847135 0.555387 -0.925572
0.658818 0.570193 -1.024225
0.417695 0.669710 0.105565
0.272696 0.677417 -0.105676
0.587182 0.745114 -0.196512
0.368023 0.784180 -0.586471
0.491622 0.836533 0.199943
0.353010 0.877041 -0.154162
0.440852 0.851937 0.234711
0.337221 0.878858 -0.108475
0.589980 0.875595 0.162542
0.373020 0.934216 -0.185579
0.487914 0.438457 -0.536979
0.488903 0.417910 -0.506797
0.496694 0.416672 -0.507416
0.504212 0.415916 -0.507457
0.460036 0.421129 -0.528621
0.449446 0.422158 -0.529119
0.439648 0.423430 -0.529239
0.498439 0.420159 -0.324784
0.408727 0.432258 -0.416999
0.503336 0.452826 -0.462461
0.468106 0.453735 -0.493527
0.549769 0.484282 -0.217483
0.323711 0.493462 -0.497516
0.666227 0.513575 -0.491148
0.408130 0.540964 -0.791193
0.828453 0.538370 -0.890404
0.603658 0.566839 -1.016174
0.886277 0.552130 -0.969058
0.656775 0.580855 -1.122100
0.881434 0.554021 -1.013210
0.678789 0.572291 -1.114659
0.849944 0.552267 -0.919621
0.661161 0.568618 -1.025155
0.415897 0.669132 0.109132
0.271927 0.676375 -0.109254
0.586284 0.746071 -0.179098
0.372161 0.785204 -0.579924
0.491486 0.837259 0.219854
0.352760 0.878273 -0.143851
0.440859 0.852147 0.254343
0.336069 0.879702 -0.091321
0.590083 0.875874 0.177910
0.373030 0.934535 -0.159337
0.488959 0.435122 -0.523060
0.489841 0.414525 -0.492780
0.497930 0.413420 -0.493406
0.504729 0.412464 -0.493449
0.461043 0.416981 -0.513050
0.450019 0.418376 -0.513555
0.440982 0.419654 -0.513664
0.497893 0.416647 -0.310101
0.408988 0.426839 -0.395797
0.504465 0.449717 -0.448490
0.468093 0.450926 -0.477631
0.550596 0.482192 -0.199093
0.324129 0.492057 -0.472936
0.667704 0.509363 -0.458675
0.413405 0.539183 -0.760975
0.829520 0.534523 -0.880815
0.603835 0.565226 -0.982735
0.886473 0.547561 -0.949762
0.656249 0.578821 -1.087506
0.881818 0.550347 -1.000378
0.677437 0.570182 -1.081533
0.850251 0.549974 -0.912124
0.660194 0.566607 -0.992359
0.415012 0.667409 0.110726
0.271442 0.675478 -0.110867
0.585542 0.747908 -0.170958
0.377558 0.785528 -0.573715
0.490499 0.837875 0.229593
0.352556 0.878380 -0.131923
0.439901 0.852579 0.264411
0.335241 0.879644 -0.078280
0.590914 0.875891 0.182952
0.372108 0.935103 -0.143780
0.491238 0.431099 -0.541509
0.490314 0.410241 -0.511451
0.498623 0.408975 -0.512100
0.504907 0.407945 -0.512148
0.462835 0.412651 -0.531871
0.451848 0.413886 -0.532389
0.443369 0.415465 -0.532521
0.496811 0.412659 -0.316104
0.411023 0.422510 -0.411186
0.505818 0.445111 -0.465613
0.470272 0.446649 -0.495446
0.550723 0.478337 -0.212290
0.323770 0.490919 -0.481021
0.670946 0.506400 -0.473319
0.416388 0.537695 -0.767754
0.830724 0.530913 -0.878456
0.599092 0.564629 -1.026165
0.888928 0.543657 -0.953962
0.650307 0.576692 -1.130360
0.883439 0.546880 -1.002171
0.667609 0.567784 -1.130078
0.854237 0.546891 -0.908703
0.654206 0.565886 -1.038252
0.414321 0.665415 0.110967
0.271598 0.673335 -0.111104
0.583743 0.747826 -0.193321
0.377325 0.784672 -0.571002
0.490654 0.840628 0.187788
0.351871 0.881105 -0.131706
0.442131 0.854631 0.220689
0.335530 0.883418 -0.078474
0.592795 0.876157 0.139868
0.372725 0.936056 -0.160593
0.491567 0.428429 -0.520870
0.489911 0.408634 -0.492104
0.498214 0.407435 -0.492728
0.504721 0.406350 -0.492792
0.462553 0.410087 -0.512193
0.452104 0.411203 -0.512727
0.443136 0.412685 -0.512869
0.495933 0.410489 -0.312615
0.410800 0.419950 -0.400206
0.505081 0.442851 -0.448383
0.470103 0.444039 -0.477483
0.550407 0.476401 -0.207845
0.323555 0.488807 -0.468412
0.674148 0.503301 -0.446892
0.403710 0.536463 -0.772496
0.843409 0.529885 -0.823132
0.589393 0.559045 -1.027882
0.905053 0.537886 -0.895184
0.640210 0.570454 -1.134544
0.896939 0.544832 -0.940536
0.656739 0.560114 -1.128650
0.866447 0.545799 -0.851694
0.641352 0.556877 -1.038576
0.412925 0.664457 0.110936
0.271208 0.672233 -0.111076
0.583448 0.747486 -0.184382
0.377144 0.784198 -0.560755
0.490922 0.841773 0.199880
0.351858 0.880812 -0.116531
0.443941 0.855034 0.232356
0.336029 0.883121 -0.065604
0.593030 0.876557 0.153112
0.372689 0.936070 -0.145828
0.491081 0.414796 -0.474367
0.489557 0.395623 -0.448847
0.498132 0.394001 -0.449497
0.504518 0.393072 -0.449587
0.462145 0.398797 -0.468324
0.451484 0.399735 -0.468907
0.442329 0.401256 -0.469102
0.495611 0.398669 -0.287469
0.410084 0.408928 -0.371019
0.504620 0.429181 -0.407468
0.470026 0.431103 -0.435877
0.549399 0.465038 -0.170685
0.323004 0.483727 -0.440006
0.678628 0.494581 -0.288906
0.390317 0.531520 -0.730052
0.861070 0.518130 -0.542266
0.580487 0.550151 -0.980502
0.920333 0.527232 -0.587369
0.629750 0.563109 -1.083091
0.918667 0.532379 -0.642048
0.646325 0.546631 -1.076792
0.889059 0.534549 -0.570670
0.633282 0.539852 -0.990826
0.412757 0.655629 0.110887
0.271323 0.664922 -0.111027
0.583274 0.747264 -0.169018
0.376414 0.783154 -0.492034
0.491335 0.842235 0.210093
0.351910 0.880671 -0.052611
0.445492 0.855614 0.242055
0.337801 0.882847 -0.004912
0.593660 0.876824 0.158222
0.373632 0.936072 -0.092645
0.490806 0.397956 -0.438489
0.488840 0.378828 -0.413605
0.496951 0.377390 -0.414290
0.503385 0.375905 -0.414404
0.461873 0.381167 -0.434861
0.451056 0.382299 -0.435462
0.441631 0.383412 -0.435672
0.494948 0.380673 -0.256956
0.409533 0.390872 -0.348448
0.504401 0.412322 -0.372948
0.469715 0.413564 -0.403949
0.549218 0.453460 -0.143080
0.321614 0.471274 -0.412838
0.683036 0.481341 -0.227625
0.382575 0.516436 -0.717575
0.865856 0.500365 -0.454794
0.564342 0.542316 -0.996899
0.921079 0.512257 -0.494619
0.617353 0.555547 -1.101004
0.920903 0.513413 -0.553567
0.629800 0.539590 -1.097029
0.898644 0.514387 -0.484421
0.614674 0.532473 -1.008858
0.413022 0.646311 0.110635
0.271357 0.653395 -0.110792
0.582646 0.745526 -0.164068
0.375868 0.781837 -0.465534
0.492549 0.842396 0.209109
0.352249 0.880299 -0.047036
0.448070 0.855840 0.239419
0.340278 0.882643 -0.003126
0.596539 0.877349 0.144123
0.374292 0.936125 -0.106680
0.489876 0.383981 -0.419543
0.486966 0.363219 -0.391784
0.494656 0.361608 -0.392498
0.500942 0.360444 -0.392631
0.461586 0.365243 -0.413613
0.450737 0.365103 -0.414213
0.441375 0.365323 -0.414439
0.488319 0.365611 -0.227418
0.406920 0.372725 -0.322538
0.501461 0.399363 -0.351976
0.469607 0.398202 -0.383999
0.547168 0.440960 -0.125207
0.315252 0.456465 -0.376789
0.686749 0.465807 -0.207781
0.371014 0.498714 -0.708737
0.874366 0.481162 -0.428301
0.513600 0.530642 -1.003729
0.929050 0.492943 -0.466561
0.559763 0.548177 -1.110576
0.930420 0.494894 -0.526787
0.577379 0.534979 -1.099517
0.909680 0.496345 -0.458771
0.568948 0.528294 -1.009719
0.413659 0.637999 0.104567
0.271596 0.643526 -0.104798
0.573563 0.741903 -0.180510
0.373708 0.774982 -0.465445
0.493509 0.842595 0.174625
0.352258 0.878839 -0.047637
0.451057 0.856434 0.202835
0.341991 0.882585 -0.005012
0.596966 0.877738 0.095254
0.373997 0.936100 -0.115296
0.485370 0.362722 -0.369832
0.481112 0.343580 -0.341211
0.487898 0.342812 -0.341960
0.493898 0.341899 -0.342085
0.455423 0.345190 -0.360162
0.443609 0.345954 -0.360774
0.433230 0.346724 -0.361007
0.482440 0.346574 -0.174798
0.403697 0.353677 -0.256871
0.495337 0.378383 -0.301956
0.463128 0.380142 -0.330347
0.546204 0.427714 -0.081518
0.309903 0.436724 -0.312651
0.692295 0.449322 -0.181548
0.372221 0.486265 -0.649323
0.887959 0.459712 -0.427453
0.481436 0.519372 -0.995314
0.946414 0.469597 -0.470270
0.521864 0.537887 -1.099942
0.946476 0.473492 -0.530625
0.539532 0.525634 -1.103662
0.923363 0.475249 -0.459031
0.530125 0.520017 -1.011198
0.414490 0.628967 0.101855
0.273239 0.633286 -0.102129
0.566416 0.738595 -0.139958
0.373579 0.769464 -0.393175
0.496162 0.842471 0.188074
0.350054 0.879142 -0.019371
0.455277 0.856476 0.220275
0.342279 0.882894 0.016974
0.598291 0.878071 0.110241
0.373904 0.935978 -0.112451
0.481975 0.339177 -0.402164
0.476566 0.321051 -0.369481
0.482334 0.319931 -0.370266
0.487744 0.319077 -0.370360
0.452190 0.324106 -0.391002
0.440871 0.324954 -0.391628
0.430041 0.325859 -0.391844
0.475239 0.326824 -0.182737
0.401102 0.335380 -0.277435
0.491461 0.356135 -0.327109
0.458930 0.358749 -0.358995
0.540794 0.410719 -0.075878
0.307080 0.422177 -0.330730
0.700777 0.430680 -0.149041
0.362136 0.479577 -0.689128
0.905753 0.441767 -0.364700
0.443606 0.511045 -1.072092
0.964795 0.448834 -0.400582
0.469122 0.530353 -1.178819
0.965950 0.453474 -0.466149
0.493800 0.517507 -1.192355
0.942716 0.457507 -0.398204
0.489696 0.511622 -1.094919
0.416836 0.618835 0.104645
0.277232 0.623771 -0.104957
0.554313 0.734376 -0.015311
0.373117 0.765933 -0.287546
0.497656 0.841450 0.307631
0.349743 0.879065 0.051988
0.456968 0.856472 0.330990
0.343326 0.882933 0.082996
0.598809 0.877834 0.210600
0.373996 0.936026 -0.057236
0.474557 0.316249 -0.426058
0.470834 0.299381 -0.392421
0.476518 0.299144 -0.393224
0.482266 0.298809 -0.393316
0.447046 0.301004 -0.414619
0.435267 0.302586 -0.415266
0.423984 0.303711 -0.415504
0.471412 0.305843 -0.197510
0.393058 0.313689 -0.297179
0.484704 0.334543 -0.348460
0.451251 0.335789 -0.381516
0.533565 0.390714 -0.078224
0.302634 0.401967 -0.339256
0.704374 0.414733 -0.107177
0.327822 0.468695 -0.703551
0.915107 0.425216 -0.275873
0.395258 0.500744 -1.142695
0.972382 0.430868 -0.299933
0.412065 0.519067 -1.252757
0.974611 0.436505 -0.370719
0.435028 0.507092 -1.267456
0.951671 0.441190 -0.310119
0.435084 0.502886 -1.166874
0.421376 0.609457 0.106594
0.282007 0.614486 -0.106918
0.543301 0.731478 0.068531
0.371212 0.758952 -0.306557
0.499265 0.838137 0.418795
0.349650 0.878124 0.031369
0.458698 0.855822 0.443689
0.343974 0.882871 0.062224
0.598793 0.877422 0.328652
0.374940 0.935997 -0.079551
0.471239 0.295426 -0.434134
0.465956 0.277845 -0.405099
0.471685 0.277245 -0.405828
0.477871 0.276296 -0.405933
0.445573 0.278289 -0.419186
0.433887 0.279063 -0.419616
0.422248 0.280840 -0.419651
0.465854 0.282892 -0.203463
0.388404 0.290708 -0.314388
0.480487 0.311957 -0.362081
0.448846 0.313427 -0.383062
0.529131 0.369749 -0.071019
0.300201 0.380807 -0.356681
0.709964 0.399989 -0.088748
0.278373 0.461469 -0.736236
0.923725 0.416523 -0.250668
0.329561 0.495781 -1.203204
0.981643 0.420582 -0.270109
0.352258 0.515358 -1.318216
0.984482 0.424462 -0.345072
0.371012 0.497974 -1.333916
0.960560 0.428614 -0.286837
0.367326 0.493052 -1.227898
0.429493 0.599254 0.108672
0.286840 0.601725 -0.108990
0.530363 0.728682 0.131393
0.371128 0.753227 -0.332264
0.498363 0.837873 0.478247
0.350630 0.878082 0.026986
0.457846 0.855881 0.501299
0.346515 0.883134 0.058805
0.598432 0.878100 0.369012
0.379435 0.937863 -0.092607
0.467233 0.276648 -0.524294
0.461214 0.257990 -0.480493
0.467448 0.256817 -0.481289
0.474245 0.255409 -0.481312
0.441544 0.259026 -0.506422
0.431378 0.259453 -0.507136
0.419183 0.260942 -0.507485
0.461820 0.262034 -0.224415
0.383674 0.269976 -0.361561
0.477196 0.293579 -0.428448
0.446036 0.294985 -0.466968
0.525159 0.352379 -0.089273
0.297994 0.363449 -0.367528
0.714351 0.385547 -0.086369
0.247952 0.462349 -0.749510
0.936120 0.407303 -0.210155
0.287432 0.494647 -1.223684
0.993919 0.412179 -0.218776
0.293751 0.511446 -1.335200
0.998532 0.414179 -0.293574
0.309014 0.492859 -1.353823
0.973991 0.417720 -0.245024
0.309821 0.487014 -1.249097
0.438775 0.591588 0.108724
0.292025 0.593849 -0.109038
0.525078 0.725879 0.158802
0.368777 0.749028 -0.348719
0.498292 0.837717 0.533760
0.351262 0.876562 0.007260
0.457570 0.855269 0.558438
0.349404 0.882442 0.042659
0.599171 0.878623 0.398008
0.379452 0.937828 -0.150669
0.460226 0.256465 -0.567207
0.456644 0.236881 -0.521249
0.464652 0.236154 -0.522102
0.473025 0.235597 -0.522142
0.432800 0.237908 -0.550462
0.421731 0.238214 -0.551239
0.409299 0.239224 -0.551684
0.462645 0.241998 -0.267001
0.376524 0.249204 -0.407939
0.472548 0.274560 -0.470096
0.439307 0.275811 -0.513247
0.521012 0.333674 -0.093120
0.290085 0.347991 -0.398350
0.719380 0.375800 -0.127135
0.215836 0.454533 -0.790371
0.950290 0.400580 -0.263261
0.212041 0.484711 -1.273788
1.005816 0.405053 -0.273262
0.218704 0.505492 -1.388837
1.014145 0.407893 -0.350074
0.243243 0.484034 -1.411401
0.988721 0.411052 -0.299910
0.247336 0.477201 -1.301770
0.450271 0.581989 0.108722
0.299950 0.586279 -0.109035
0.515376 0.720413 0.335297
0.367693 0.740519 -0.292032
0.497350 0.837714 0.721877
0.354062 0.873545 0.100319
0.456861 0.855271 0.746458
0.357519 0.879346 0.134994
0.599118 0.878975 0.584786
0.379918 0.938200 -0.063120
0.453882 0.238249 -0.558424
0.452586 0.219379 -0.488226
0.462030 0.219033 -0.489178
0.471108 0.218691 -0.489097
0.425490 0.220141 -0.537793
0.415044 0.220693 -0.539071
0.402651 0.221748 -0.540062
0.461339 0.224134 -0.203071
0.370844 0.231445 -0.370571
0.468502 0.255932 -0.434298
0.432837 0.257081 -0.503428
0.522011 0.318209 -0.031345
0.284772 0.328878 -0.365544
0.722466 0.369523 -0.025904
0.191632 0.415190 -0.750068
0.940365 0.395887 -0.163175
0.160591 0.482648 -1.203743
1.001607 0.403197 -0.171521
0.154389 0.509704 -1.315016
1.006521 0.406393 -0.250484
0.190297 0.490197 -1.331112
0.979983 0.409033 -0.201323
0.201170 0.482784 -1.227406
0.460476 0.574146 0.110391
0.304817 0.577648 -0.110779
0.509630 0.716390 0.432423
0.363113 0.732132 -0.189904
0.497286 0.836688 0.818243
0.353002 0.873611 0.149029
0.456999 0.854796 0.841355
0.357430 0.879409 0.175433
0.595514 0.878531 0.662979
0.380314 0.938175 -0.049249
0.450157 0.221144 -0.536902
0.449630 0.203250 -0.480912
0.459675 0.203266 -0.481789
0.467806 0.202863 -0.481777
0.420900 0.203498 -0.519519
0.409289 0.204310 -0.520503
0.397755 0.205880 -0.521153
0.458095 0.207696 -0.189049
0.365660 0.217022 -0.369368
0.464955 0.239141 -0.431006
0.426059 0.239962 -0.485154
0.522717 0.305852 -0.004907
0.278739 0.317444 -0.375310
0.722024 0.366318 -0.007990
0.184216 0.401562 -0.794397
0.937110 0.401462 -0.161848
0.118766 0.479350 -1.280216
1.000666 0.409862 -0.171412
0.086033 0.514442 -1.401836
1.005698 0.412363 -0.259124
0.121773 0.491830 -1.428084
0.977338 0.414389 -0.204838
0.145832 0.490066 -1.309236
0.468158 0.568814 0.123342
0.313413 0.573163 -0.123871
0.506776 0.711554 0.554584
0.359644 0.732480 -0.078170
0.496375 0.835458 0.970465
0.349793 0.873396 0.279093
0.457211 0.854763 0.994897
0.350818 0.880714 0.304187
0.595567 0.877903 0.795626
0.380399 0.938153 0.044131
0.449172 0.206441 -0.527805
0.449438 0.189625 -0.478706
0.458164 0.189662 -0.479515
0.465189 0.189674 -0.479557
0.419173 0.190280 -0.511679
0.406139 0.191840 -0.512516
0.394551 0.194289 -0.512994
0.456017 0.195611 -0.178045
0.362963 0.205148 -0.344207
0.462984 0.224751 -0.429054
0.424515 0.225089 -0.477579
0.523284 0.298735 -0.009346
0.273883 0.306820 -0.353555
0.721458 0.367098 -0.015704
0.182958 0.393158 -0.715834
0.932199 0.406904 -0.171500
0.093080 0.481165 -1.192862
0.994582 0.418249 -0.179969
0.053844 0.517031 -1.306476
1.000070 0.421800 -0.273583
0.086878 0.507113 -1.421688
0.973506 0.423194 -0.216472
0.115811 0.495717 -1.244811
0.472147 0.564966 0.123154
0.314583 0.569007 -0.123602
0.494408 0.713548 0.552163
0.354980 0.731036 -0.129470
0.491909 0.835240 1.052168
0.347373 0.872062 0.245367
0.457130 0.854820 1.085813
0.350612 0.880623 0.273433
0.595610 0.877847 0.909169
0.379311 0.939314 0.027650
0.447679 0.201000 -0.577374
0.449021 0.183819 -0.518533
0.457229 0.183566 -0.519491
0.464859 0.183241 -0.519481
0.417030 0.184839 -0.553100
0.403753 0.186288 -0.553975
0.391707 0.187809 -0.554485
0.454536 0.191242 -0.191230
0.360123 0.198026 -0.371778
0.461158 0.219325 -0.462887
0.422029 0.220323 -0.513852
0.523740 0.294058 -0.035340
0.266982 0.302515 -0.359871
0.720429 0.368131 -0.060436
0.172815 0.394143 -0.677447
0.914562 0.413999 -0.217155
0.070498 0.486199 -1.095423
0.980013 0.423338 -0.224360
0.035447 0.522289 -1.196971
0.978923 0.423830 -0.325541
0.057328 0.527099 -1.275984
0.955122 0.429064 -0.225580
0.082437 0.513482 -1.140046
0.471592 0.562012 0.122813
0.314497 0.566433 -0.123286
0.482931 0.711836 0.568867
0.349729 0.727490 -0.110978
0.487371 0.834570 1.081673
0.343929 0.868102 0.243199
0.457019 0.854753 1.115713
0.348295 0.879567 0.267904
0.595626 0.876786 0.925930
0.378459 0.939291 0.007391
0.446747 0.198307 -0.645548
0.448597 0.181547 -0.583096
0.457244 0.181625 -0.584138
0.465543 0.181562 -0.584141
0.415654 0.181332 -0.620396
0.402897 0.182360 -0.621254
0.390088 0.183499 -0.621696
0.454310 0.189037 -0.250591
0.358422 0.194955 -0.430711
0.461155 0.216060 -0.521337
0.421204 0.217432 -0.576086
0.524075 0.292527 -0.061008
0.259661 0.303737 -0.369549
0.706941 0.373676 -0.078984
0.167828 0.398932 -0.671797
0.888634 0.424175 -0.323480
0.060603 0.494748 -1.078874
0.945971 0.450017 -0.364949
0.034100 0.536188 -1.183128
0.944289 0.453745 -0.469797
0.054585 0.544556 -1.252581
0.920192 0.448021 -0.366495
0.075858 0.529769 -1.121359
0.475713 0.561102 0.122122
0.317897 0.566931 -0.122569
0.480852 0.712887 0.541518
0.349917 0.731022 -0.087477
0.484127 0.834609 1.131395
0.343600 0.867938 0.329901
0.455769 0.854665 1.173653
0.348589 0.878508 0.360171
0.595643 0.876124 0.988790
0.375870 0.942081 0.094375
0.444423 0.197001 -0.700378
0.447094 0.180676 -0.635760
0.456746 0.181073 -0.636831
0.465669 0.181019 -0.636812
0.413444 0.179972 -0.674518
0.401538 0.180723 -0.675352
0.388115 0.181605 -0.675784
0.454502 0.188027 -0.295549
0.357330 0.193370 -0.476487
0.460556 0.214852 -0.570114
0.419243 0.216595 -0.626968
0.523927 0.294136 -0.084950
0.254002 0.305496 -0.403302
0.686484 0.377985 -0.088300
0.163783 0.408807 -0.662626
0.851402 0.444689 -0.449025
0.067452 0.513344 -1.037591
0.896661 0.475146 -0.507396
0.046920 0.556654 -1.145231
0.895794 0.478731 -0.607562
0.060546 0.562703 -1.214407
0.871991 0.471357 -0.498664
0.078429 0.548215 -1.079514
0.476054 0.563846 0.124141
0.318209 0.568863 -0.124671
0.477571 0.711516 0.571742
0.344644 0.732363 -0.067107
0.478593 0.832803 1.194072
0.343448 0.868172 0.384948
0.454784 0.853944 1.238268
0.348288 0.878961 0.417812
0.594741 0.875169 1.035705
0.372545 0.942457 0.139648
0.443216 0.196755 -0.719726
0.444844 0.180406 -0.656130
0.454706 0.180860 -0.657197
0.463616 0.180829 -0.657165
0.412403 0.179699 -0.693957
0.400921 0.180077 -0.694807
0.387782 0.180875 -0.695286
0.451062 0.188108 -0.319390
0.356347 0.193028 -0.493508
0.459323 0.214726 -0.589760
0.418877 0.216906 -0.645106
0.524147 0.300248 -0.104150
0.248064 0.308849 -0.412316
0.666223 0.383697 -0.091861
0.160551 0.412712 -0.598721
0.802916 0.464825 -0.480856
0.074116 0.536654 -0.935096
0.842178 0.493784 -0.545134
0.057240 0.581586 -1.042467
0.841804 0.495324 -0.647414
0.071330 0.583667 -1.115263
0.821157 0.488637 -0.531957
0.088088 0.569986 -0.976830
0.479190 0.566633 0.122162
0.322024 0.571297 -0.122776
0.474007 0.711919 0.563353
0.341592 0.733291 0.020892
0.476998 0.831550 1.238055
0.343414 0.867339 0.547742
0.454563 0.852896 1.287837
0.348313 0.878103 0.588088
0.589654 0.873920 1.070992
0.371077 0.942387 0.303602
0.443392 0.195038 -0.796278
0.444642 0.179784 -0.725148
0.454600 0.180095 -0.726218
0.462844 0.179793 -0.726121
0.412406 0.179802 -0.767095
0.400295 0.180274 -0.767937
0.387753 0.181381 -0.768403
0.449735 0.188532 -0.353240
0.355483 0.195108 -0.545087
0.458677 0.213949 -0.652706
0.418668 0.216377 -0.713634
0.524168 0.302301 -0.110334
0.246572 0.310670 -0.452373
0.630442 0.395757 -0.096418
0.163610 0.428155 -0.627928
0.752263 0.483218 -0.546650
0.093259 0.553796 -0.990111
0.785896 0.516716 -0.628746
0.081599 0.596237 -1.108936
0.787319 0.517861 -0.736224
0.093969 0.598903 -1.169941
0.767620 0.508371 -0.601368
0.108869 0.586605 -1.030139
0.480644 0.568981 0.125890
0.323787 0.573180 -0.126489
0.474784 0.712436 0.611356
0.340456 0.734085 0.054168
0.476085 0.831128 1.375926
0.343267 0.867658 0.633375
0.453179 0.852779 1.433992
0.348287 0.879010 0.677767
0.588496 0.872541 1.203928
0.371145 0.942892 0.370889
0.443501 0.195337 -0.778190
0.443903 0.179874 -0.711647
0.453482 0.179770 -0.712730
0.461124 0.179279 -0.712651
0.412237 0.180358 -0.752525
0.399688 0.180834 -0.753372
0.387172 0.181770 -0.753834
0.447046 0.188195 -0.359453
0.353201 0.194777 -0.546239
0.457299 0.214301 -0.641881
0.418346 0.216575 -0.701138
0.523601 0.302192 -0.123121
0.244651 0.312639 -0.455342
0.605923 0.407747 -0.099772
0.169546 0.441293 -0.580832
0.713047 0.498337 -0.504861
0.113067 0.566670 -0.878343
0.742375 0.534242 -0.579764
0.101431 0.610873 -0.990653
0.741077 0.535637 -0.683285
0.118987 0.613181 -1.062511
0.724729 0.524450 -0.556055
0.133094 0.598513 -0.917459
0.481965 0.569746 0.125714
0.324224 0.573999 -0.126333
0.473684 0.712692 0.594984
0.337252 0.734197 0.048477
0.474215 0.830911 1.315929
0.342737 0.867693 0.601966
0.448374 0.852761 1.370014
0.348138 0.879081 0.645034
0.587515 0.871519 1.158461
0.371434 0.942815 0.362845
0.442737 0.195942 -0.762073
0.443703 0.180146 -0.697890
0.452674 0.179890 -0.698992
0.460475 0.179511 -0.698902
0.411656 0.180319 -0.739306
0.398928 0.180973 -0.740171
0.386315 0.181801 -0.740642
0.445603 0.188056 -0.352464
0.352091 0.193525 -0.541727
0.454667 0.214371 -0.626728
0.416729 0.216349 -0.686858
0.521390 0.301454 -0.117918
0.245288 0.312876 -0.453221
0.580717 0.414221 0.011896
0.174980 0.443545 -0.552839
0.664601 0.511811 -0.297016
0.113631 0.569538 -0.815593
0.681678 0.546177 -0.361411
0.105359 0.608251 -0.923757
0.682736 0.548753 -0.470476
0.123266 0.609581 -0.988670
0.670071 0.537952 -0.346574
0.137112 0.597338 -0.850301
0.481340 0.569575 0.127701
0.324365 0.574068 -0.128285
0.474423 0.712109 0.603820
0.336390 0.734456 0.074245
0.473041 0.830868 1.354489
0.342676 0.867027 0.661206
0.445512 0.852747 1.412044
0.348621 0.877799 0.708383
0.587676 0.871437 1.207808
0.371489 0.942781 0.438249
0.442787 0.198138 -0.732342
0.443623 0.181030 -0.673292
0.452306 0.180441 -0.674394
0.460413 0.180005 -0.674312
0.411390 0.181594 -0.714938
0.398797 0.182227 -0.715811
0.386015 0.183090 -0.716272
0.444954 0.187988 -0.349124
0.351379 0.194433 -0.542305
0.453833 0.216100 -0.603757
0.416764 0.217909 -0.663851
0.518595 0.300959 -0.114322
0.246679 0.312736 -0.451935
0.565203 0.418831 0.029217
0.176616 0.446557 -0.521630
0.628018 0.525116 -0.240975
0.137722 0.575286 -0.738559
0.634106 0.559838 -0.298556
0.134835 0.612987 -0.836735
0.634261 0.560893 -0.400745
0.154700 0.613663 -0.900590
0.620606 0.550350 -0.286564
0.163760 0.601539 -0.771326
0.482181 0.569061 0.127180
0.325463 0.574562 -0.127753
0.476307 0.710817 0.602993
0.337087 0.734810 0.100073
0.473242 0.830967 1.284298
0.342670 0.867598 0.669740
0.445547 0.853083 1.334348
0.348768 0.878094 0.715150
0.587922 0.871675 1.130715
0.372247 0.942732 0.456955
0.442855 0.198699 -0.674188
0.443690 0.180519 -0.623409
0.452414 0.179715 -0.624601
0.460588 0.179107 -0.624492
0.411208 0.181445 -0.671210
0.398696 0.182323 -0.672152
0.385702 0.183241 -0.672650
0.445291 0.186722 -0.330611
0.350835 0.195123 -0.521033
0.453996 0.216539 -0.553377
0.416907 0.218326 -0.620972
0.517847 0.300131 -0.088946
0.247869 0.312204 -0.450370
0.548426 0.422361 0.087478
0.190461 0.447862 -0.490061
0.589354 0.530485 -0.121139
0.177864 0.574682 -0.678825
0.589407 0.569838 -0.166802
0.170074 0.614458 -0.771580
0.584613 0.570137 -0.262774
0.199253 0.612499 -0.827613
0.578680 0.555610 -0.162328
0.212237 0.599217 -0.706951
0.484467 0.569671 0.126041
0.330249 0.575299 -0.126635
0.476896 0.710453 0.635810
0.337182 0.735146 0.152990
0.473284 0.831097 1.273077
0.341619 0.867179 0.683702
0.444939 0.853245 1.320277
0.348112 0.876878 0.727176
0.588107 0.871786 1.147069
0.372284 0.942703 0.502645
0.442942 0.197962 -0.541276
0.443672 0.180184 -0.495516
0.452375 0.179539 -0.496599
0.460736 0.179120 -0.496539
0.411344 0.181081 -0.532717
0.398945 0.181983 -0.533703
0.385785 0.182884 -0.534224
0.445114 0.186314 -0.242299
0.350625 0.194263 -0.407424
0.454273 0.214809 -0.436557
0.417108 0.217283 -0.490552
0.518029 0.299803 -0.063511
0.248707 0.312672 -0.339819
0.529674 0.423947 0.117897
0.210378 0.450655 -0.345425
0.558791 0.533268 0.021332
0.204301 0.575752 -0.445374
0.557096 0.569287 0.001795
0.200260 0.615851 -0.504689
0.550920 0.571547 -0.077023
0.231173 0.613813 -0.557582
0.547341 0.558799 -0.008949
0.242569 0.600659 -0.468805
0.489367 0.569178 0.099546
0.333250 0.575445 -0.100222
0.477755 0.709732 0.462678
0.336372 0.735339 0.090431
0.473361 0.831141 0.957923
0.341314 0.865631 0.620502
0.445031 0.853230 0.993843
0.348110 0.874203 0.675723
0.588186 0.872313 0.844824
0.372104 0.942433 0.390174
0.442820 0.197386 -0.579809
0.443570 0.179872 -0.530784
0.452415 0.179383 -0.531817
0.460853 0.179085 -0.531745
0.411115 0.180724 -0.567578
0.398878 0.181649 -0.568577
0.385236 0.182811 -0.569133
0.445277 0.186162 -0.257335
0.349892 0.194626 -0.423354
0.454470 0.214062 -0.467828
0.417319 0.216931 -0.521175
0.518973 0.299031 -0.064383
0.250023 0.312949 -0.352613
0.516495 0.423863 0.126929
0.226643 0.453360 -0.348529
0.521879 0.526717 0.053408
0.230929 0.577118 -0.437999
0.518868 0.559854 0.039085
0.237522 0.616427 -0.500196
0.517394 0.562211 -0.037504
0.266680 0.613015 -0.547048
0.513967 0.550352 0.024800
0.272437 0.600348 -0.458225
0.493593 0.568330 0.093499
0.338010 0.575576 -0.094132
0.478336 0.709172 0.417747
0.336482 0.735379 0.065334
0.473523 0.831122 0.960542
0.340718 0.865761 0.588475
0.445099 0.853088 1.001187
0.346775 0.874223 0.642418
0.587861 0.873118 0.831770
0.372122 0.942390 0.355263
0.442911 0.197149 -0.572309
0.443554 0.179481 -0.526586
0.452434 0.178813 -0.527597
0.460954 0.178305 -0.527542
0.411203 0.180819 -0.562186
0.399017 0.181788 -0.563242
0.385314 0.183033 -0.563848
0.444973 0.185696 -0.261259
0.349711 0.195248 -0.422693
0.454531 0.213954 -0.463116
0.417918 0.217144 -0.514793
0.519153 0.297058 -0.066869
0.250654 0.313693 -0.345818
0.505301 0.423098 0.106268
0.242214 0.455217 -0.319761
0.506247 0.523819 0.039129
0.240410 0.576036 -0.365476
0.502152 0.557199 0.026046
0.242437 0.615573 -0.415367
0.503869 0.559994 -0.045704
0.269175 0.612640 -0.462390
0.501735 0.547826 0.012472
0.276906 0.600372 -0.384872
0.495678 0.567929 0.086140
0.340182 0.575756 -0.086767
0.478666 0.709273 0.364133
0.336759 0.735530 0.063358
0.473599 0.830965 0.886770
0.340124 0.865488 0.532695
0.445134 0.852680 0.926471
0.346452 0.873139 0.572442
0.586798 0.873355 0.762494
0.371901 0.942412 0.352349
0.442912 0.198031 -0.559256
0.443464 0.179778 -0.518202
0.452375 0.179080 -0.519211
0.460989 0.178586 -0.519172
0.411263 0.181184 -0.551871
0.399123 0.182145 -0.552945
0.385394 0.183170 -0.553570
0.444488 0.186127 -0.265650
0.349629 0.195030 -0.421689
0.454680 0.215040 -0.455610
0.418252 0.217664 -0.504742
0.520011 0.296567 -0.085979
0.251069 0.314189 -0.343128
0.507057 0.423101 0.085070
0.244371 0.456204 -0.312581
0.512760 0.523045 0.034235
0.252872 0.576636 -0.331619
0.510562 0.555793 0.024268
0.251610 0.615184 -0.372614
0.509531 0.558860 -0.043912
0.281333 0.611634 -0.418174
0.506874 0.547190 0.009883
0.288771 0.599082 -0.349695
0.497282 0.567362 0.081861
0.341619 0.575868 -0.082503
0.479695 0.709506 0.324332
0.338467 0.735745 0.068600
0.474580 0.831066 0.806562
0.340158 0.866216 0.481411
0.446315 0.852679 0.842251
0.346439 0.873633 0.513737
0.586528 0.873721 0.671871
0.371859 0.942429 0.305168
0.442667 0.198688 -0.492996
0.443085 0.180204 -0.457129
0.451977 0.179568 -0.458130
0.460738 0.179244 -0.458098
0.411150 0.181556 -0.484379
0.399128 0.182474 -0.485465
0.385207 0.183503 -0.486080
0.443845 0.186966 -0.237498
0.349507 0.195106 -0.359628
0.454553 0.215879 -0.400011
0.418384 0.217850 -0.440733
0.520980 0.296097 -0.089423
0.250998 0.314507 -0.279880
0.514190 0.422413 0.073380
0.241126 0.458407 -0.247285
0.511701 0.522167 -0.005845
0.244396 0.578460 -0.281128
0.509115 0.553962 -0.019525
0.244929 0.616789 -0.316939
0.507637 0.555154 -0.080810
0.275729 0.613913 -0.366324
0.504754 0.544897 -0.027544
0.282960 0.601088 -0.301103
0.498018 0.567182 0.068780
0.342438 0.575556 -0.069459
0.482186 0.709610 0.281224
0.339143 0.735878 0.060618
0.474741 0.831054 0.713108
0.340143 0.866279 0.364889
0.446689 0.852515 0.744231
0.346310 0.873784 0.389437
0.586421 0.873741 0.584544
0.371843 0.943175 0.183166
0.442277 0.199105 -0.456601
0.442649 0.180543 -0.416871
0.451639 0.179985 -0.417867
0.460561 0.179799 -0.417826
0.410837 0.181803 -0.444930
0.398950 0.182650 -0.445990
0.384818 0.183729 -0.446585
0.443679 0.187620 -0.192365
0.349362 0.195306 -0.317289
0.454251 0.216401 -0.362724
0.418288 0.217848 -0.404711
0.521869 0.295995 -0.063733
0.250953 0.314328 -0.247713
0.523449 0.421873 0.076221
0.238325 0.457931 -0.243405
0.524269 0.524416 -0.000545
0.235690 0.577111 -0.322710
0.521080 0.555220 -0.015072
0.235106 0.616786 -0.367807
0.517285 0.557395 -0.078535
0.264712 0.614732 -0.417930
0.512423 0.546604 -0.023303
0.273008 0.601851 -0.344033
0.499209 0.566977 0.065174
0.342746 0.575423 -0.065857
0.482533 0.710676 0.313250
0.338959 0.736847 0.028436
0.475400 0.831140 0.760275
0.340232 0.867514 0.340277
0.448017 0.852478 0.792189
0.346536 0.875233 0.366715
0.586492 0.874022 0.645691
0.371671 0.943596 0.171098
0.441841 0.199279 -0.432004
0.441993 0.180724 -0.392373
0.450967 0.180220 -0.393378
0.460099 0.180133 -0.393337
0.410418 0.181896 -0.420623
0.398657 0.182685 -0.421662
0.384429 0.183834 -0.422238
0.443159 0.188067 -0.173086
0.349053 0.195648 -0.299399
0.453792 0.216659 -0.341047
0.418047 0.217756 -0.383269
0.521979 0.295811 -0.051480
0.251090 0.314368 -0.236493
0.528950 0.421498 0.077475
0.237778 0.457060 -0.244703
0.537142 0.527699 -0.008923
0.232454 0.577688 -0.346721
0.532218 0.560602 -0.026120
0.230265 0.618377 -0.396305
0.525646 0.563334 -0.091694
0.258530 0.616129 -0.447601
0.521599 0.551899 -0.032795
0.267331 0.602625 -0.369100
0.499103 0.567081 0.063481
0.342181 0.575476 -0.064163
0.482719 0.712167 0.321164
0.337688 0.737706 -0.000160
0.476630 0.831276 0.769662
0.340208 0.868102 0.320910
0.449724 0.852479 0.801806
0.346496 0.876017 0.347971
0.586516 0.874156 0.662867
0.371567 0.943984 0.158842
0.441340 0.199335 -0.421345
0.441356 0.180826 -0.381921
0.450320 0.180373 -0.382987
0.459664 0.180371 -0.382951
0.409998 0.181893 -0.413570
0.398405 0.182625 -0.414557
0.384156 0.183804 -0.415086
0.442570 0.188374 -0.164726
0.348698 0.195842 -0.306658
0.452879 0.216788 -0.331412
0.417525 0.217646 -0.378229
0.522162 0.296042 -0.040058
0.251210 0.314456 -0.250072
0.531606 0.423573 0.096991
0.233831 0.456521 -0.281254
0.550560 0.535423 -0.005812
0.225733 0.577819 -0.407116
0.549305 0.569216 -0.027636
0.219347 0.619348 -0.464543
0.542354 0.570951 -0.099309
0.248173 0.616109 -0.516915
0.537755 0.559002 -0.032800
0.258577 0.602233 -0.431171
0.498761 0.570674 0.067193
0.341801 0.577675 -0.067863
0.483155 0.712173 0.411396
0.336084 0.738833 0.014123
0.477756 0.831230 0.819359
0.340114 0.868300 0.363302
0.450589 0.852313 0.834126
0.346146 0.876226 0.394780
0.586475 0.874105 0.753033
0.371475 0.944265 0.193220
0.440784 0.199350 -0.460694
0.440814 0.180863 -0.418375
0.449879 0.180442 -0.419453
0.459446 0.180510 -0.419413
0.409271 0.181886 -0.451684
0.397785 0.182555 -0.452642
0.383585 0.183820 -0.453152
0.442326 0.188592 -0.185907
0.348177 0.196025 -0.332548
0.451965 0.216907 -0.365012
0.416675 0.217656 -0.413906
0.521988 0.296154 -0.046482
0.250759 0.314549 -0.271016
0.538867 0.424038 0.087675
0.225321 0.456094 -0.303075
0.566262 0.538461 -0.049684
0.198864 0.577573 -0.425941
0.556838 0.573602 -0.085732
0.191808 0.619592 -0.491642
0.545356 0.573669 -0.164380
0.216795 0.616128 -0.561995
0.538563 0.561152 -0.081055
0.227556 0.601978 -0.460296
0.498636 0.571804 0.071525
0.341536 0.578458 -0.072213
0.483606 0.711850 0.511608
0.335583 0.739957 0.031050
0.478111 0.830705 1.025075
0.340067 0.868531 0.381609
0.451090 0.851689 1.060207
0.345905 0.876410 0.409700
0.586486 0.873569 0.930899
0.371408 0.944675 0.227238
0.440215 0.199299 -0.526215
0.440428 0.180900 -0.480322
0.449627 0.180523 -0.481487
0.459340 0.180638 -0.481459
0.408667 0.181856 -0.517067
0.397123 0.182475 -0.517952
0.382937 0.183809 -0.518393
0.442191 0.188759 -0.229117
0.347375 0.196147 -0.393897
0.451051 0.217028 -0.424148
0.415524 0.217662 -0.478001
0.521701 0.296256 -0.074334
0.249082 0.314592 -0.316258
0.545953 0.424021 0.030763
0.212404 0.455944 -0.340450
0.584442 0.535760 -0.181383
0.175346 0.580262 -0.470473
0.580062 0.571189 -0.224844
0.165936 0.620586 -0.536681
0.573084 0.571118 -0.307738
0.182769 0.619595 -0.613597
0.565069 0.558977 -0.216555
0.195533 0.606361 -0.507820
0.497951 0.571831 0.080707
0.340265 0.578469 -0.081408
0.484739 0.710513 0.546036
0.335173 0.739976 0.030534
0.478157 0.830401 1.091434
0.339989 0.868620 0.387128
0.451302 0.851535 1.130118
0.345645 0.876476 0.417526
0.586440 0.873111 0.983869
0.371276 0.945269 0.231073
0.439589 0.199095 -0.545424
0.440007 0.180781 -0.499272
0.449246 0.180450 -0.500442
0.459067 0.180632 -0.500423
0.408012 0.181676 -0.533858
0.396240 0.182276 -0.534727
0.382071 0.183642 -0.535154
0.441914 0.188859 -0.248634
0.346440 0.196110 -0.405050
0.450190 0.216977 -0.444545
0.414436 0.217564 -0.495603
0.521055 0.296520 -0.099743
0.247984 0.314622 -0.327583
0.559685 0.423816 -0.027133
0.204208 0.455782 -0.373761
0.620736 0.533798 -0.257225
0.155180 0.580008 -0.538520
0.626276 0.568519 -0.301212
0.143769 0.620295 -0.604897
0.622097 0.568868 -0.386252
0.156238 0.618552 -0.680438
0.608944 0.557144 -0.294072
0.168025 0.605450 -0.575581
0.495444 0.572071 0.083662
0.336532 0.578314 -0.084348
0.484819 0.710338 0.547554
0.334010 0.740054 -0.013927
0.478219 0.830130 1.112864
0.339939 0.868632 0.352822
0.451454 0.851188 1.153750
0.345495 0.876498 0.382168
0.586311 0.872782 1.019934
0.371055 0.945552 0.183693
0.439463 0.198866 -0.607529
0.439855 0.180547 -0.555630
0.449084 0.180208 -0.556775
0.458922 0.180404 -0.556728
0.407757 0.181472 -0.592808
0.395855 0.182079 -0.593692
0.381738 0.183441 -0.594132
0.441077 0.188799 -0.276323
0.345654 0.196110 -0.445189
0.450058 0.216947 -0.496041
0.414048 0.217547 -0.550696
0.520644 0.296736 -0.101926
0.247268 0.315207 -0.364685
0.574892 0.421856 -0.006553
0.196388 0.455969 -0.440163
0.659419 0.527415 -0.216256
0.128211 0.579405 -0.639734
0.673990 0.561803 -0.255903
0.118688 0.622346 -0.715853
0.672553 0.563675 -0.349944
0.127458 0.623010 -0.789589
0.656981 0.553370 -0.256946
0.138672 0.608392 -0.677307
0.491397 0.572522 0.094228
0.334621 0.578355 -0.094884
0.484864 0.710339 0.580099
0.333783 0.740511 0.006834
0.478271 0.829669 1.192091
0.339660 0.869130 0.427769
0.451523 0.850468 1.237049
0.344865 0.877138 0.459878
0.585935 0.872474 1.078682
0.370953 0.945937 0.220293
0.439367 0.198803 -0.597397
0.439562 0.180440 -0.542964
0.448608 0.180084 -0.544078
0.458454 0.180276 -0.544018
0.407606 0.181352 -0.579555
0.395719 0.181950 -0.580437
0.381634 0.183304 -0.580880
0.439526 0.188838 -0.274535
0.344986 0.196165 -0.431536
0.449914 0.217000 -0.484068
0.413812 0.217613 -0.538087
0.520429 0.296894 -0.082914
0.247342 0.315221 -0.355382
0.597000 0.416766 -0.002680
0.187519 0.452343 -0.456675
0.698778 0.515926 -0.202322
0.096317 0.570796 -0.708390
0.719140 0.547919 -0.239753
0.087097 0.616028 -0.792440
0.720036 0.551196 -0.337747
0.091150 0.618724 -0.865659
0.706030 0.541672 -0.245335
0.100598 0.605233 -0.748051
0.488227 0.572886 0.102039
0.332179 0.578423 -0.102678
0.484948 0.710352 0.621538
0.333728 0.741067 -0.001567
0.478219 0.829264 1.252523
0.339399 0.870388 0.427270
0.451399 0.850193 1.299491
0.344263 0.878608 0.459973
0.585810 0.872333 1.148995
0.370973 0.946419 0.223179
0.439254 0.198734 -0.608235
0.439251 0.180355 -0.552357
0.448024 0.179954 -0.553455
0.457851 0.180120 -0.553393
0.407422 0.181304 -0.588332
0.395557 0.181894 -0.589206
0.381498 0.183255 -0.589643
0.438314 0.188844 -0.270230
0.344692 0.196189 -0.430470
0.449770 0.217031 -0.494727
0.413635 0.217663 -0.547831
0.520376 0.297036 -0.088417
0.247369 0.315158 -0.359682
0.620992 0.409944 -0.039363
0.176492 0.448906 -0.476655
0.742501 0.503515 -0.291300
0.069920 0.567124 -0.704683
0.774116 0.535207 -0.329821
0.054651 0.611572 -0.780881
0.775687 0.537147 -0.428776
0.054892 0.615257 -0.856229
0.758614 0.528728 -0.336782
0.070747 0.602739 -0.744877
0.485707 0.573025 0.105521
0.328929 0.578412 -0.106183
0.484999 0.710158 0.604116
0.333450 0.741013 -0.005559
0.478230 0.829005 1.189682
0.339336 0.872106 0.415337
0.451432 0.850160 1.231684
0.343525 0.881165 0.446906
0.585742 0.872307 1.077315
0.371456 0.946886 0.209709
0.439235 0.198743 -0.616650
0.439150 0.180361 -0.558174
0.447855 0.179968 -0.559272
0.457658 0.180136 -0.559228
0.407373 0.181303 -0.593952
0.395486 0.181884 -0.594811
0.381482 0.183239 -0.595245
0.437769 0.188877 -0.266635
0.344656 0.196217 -0.428197
0.449728 0.217047 -0.501385
0.413594 0.217688 -0.554435
0.520421 0.297092 -0.093686
0.247316 0.315149 -0.360522
0.635789 0.401391 -0.055667
0.170677 0.444927 -0.545693
0.776310 0.488070 -0.303704
0.059753 0.556687 -0.860495
0.821691 0.519362 -0.341937
0.038067 0.603072 -0.950295
0.822328 0.523525 -0.444073
0.040433 0.605016 -1.025378
0.802664 0.516815 -0.350998
0.058655 0.590449 -0.903960
0.483986 0.573015 0.106520
0.325723 0.578313 -0.107167
0.485042 0.710551 0.588217
0.333515 0.740949 -0.056562
0.478052 0.829120 1.196788
0.339404 0.872591 0.335824
0.451253 0.850217 1.240756
0.343537 0.881744 0.363856
0.585379 0.872301 1.083384
0.371488 0.947186 0.116422
0.439241 0.198905 -0.663668
0.439089 0.180580 -0.602238
0.447779 0.180224 -0.603333
0.457572 0.180342 -0.603279
0.407407 0.181520 -0.639332
0.395659 0.182090 -0.640150
0.381493 0.183504 -0.640564
0.437442 0.189719 -0.291016
0.344638 0.197261 -0.461287
0.449741 0.217465 -0.543546
0.413864 0.218205 -0.598473
0.522163 0.297385 -0.119865
0.247374 0.314984 -0.402007
0.665357 0.396659 -0.132245
0.167528 0.440865 -0.663609
0.823168 0.479301 -0.434330
0.057852 0.547586 -1.043397
0.867215 0.508137 -0.485078
0.032487 0.593966 -1.149660
0.864172 0.512171 -0.587644
0.042319 0.596629 -1.220265
0.840915 0.504670 -0.484097
0.062578 0.581357 -1.087318
0.482582 0.572652 0.111004
0.320776 0.578092 -0.111623
0.485068 0.710707 0.607251
0.333531 0.740236 -0.079267
0.477945 0.829379 1.225427
0.339931 0.872660 0.307102
0.451246 0.850492 1.268714
0.343860 0.881730 0.333564
0.585239 0.872452 1.092078
0.371265 0.947247 0.066871
0.439098 0.202015 -0.656268
0.438835 0.184781 -0.595326
0.447398 0.184195 -0.596405
0.456713 0.183665 -0.596339
0.407406 0.186215 -0.628619
0.395677 0.187168 -0.629425
0.381296 0.188298 -0.629822
0.437451 0.192905 -0.286126
0.344578 0.201433 -0.451300
0.449664 0.220376 -0.537324
0.414100 0.221565 -0.587357
0.525191 0.299181 -0.122391
0.249223 0.315019 -0.388377
0.688666 0.393078 -0.196728
0.169221 0.434088 -0.691912
0.863562 0.467218 -0.563145
0.067368 0.539088 -1.137287
0.910027 0.495744 -0.627612
0.041092 0.583738 -1.253818
0.904455 0.498756 -0.727571
0.056148 0.589177 -1.320842
0.877985 0.491032 -0.614077
0.075783 0.574592 -1.182053
0.479091 0.571434 0.111708
0.314030 0.577272 -0.112307
0.485169 0.710750 0.589332
0.333440 0.739611 -0.111242
0.478009 0.830204 1.200863
0.340585 0.872713 0.247013
0.451227 0.851828 1.242856
0.344820 0.881826 0.268923
0.585259 0.872756 1.060621
0.371231 0.947285 -0.029745
0.439112 0.207825 -0.705495
0.438659 0.191430 -0.638065
0.446923 0.190817 -0.639100
0.455692 0.189876 -0.638971
0.407454 0.192648 -0.671502
0.395680 0.193417 -0.672311
0.381232 0.194279 -0.672742
0.438106 0.198811 -0.295571
0.344652 0.207897 -0.455038
0.449668 0.225691 -0.574618
0.414762 0.227758 -0.625188
0.526551 0.303747 -0.118675
0.256003 0.318012 -0.413343
0.701549 0.389897 -0.205067
0.171440 0.429177 -0.818759
0.887960 0.457944 -0.600084
0.079097 0.526687 -1.377139
0.944270 0.484983 -0.666692
0.051591 0.569479 -1.521602
0.936132 0.486304 -0.770165
0.070705 0.575953 -1.578237
0.908611 0.478714 -0.653725
0.088862 0.561966 -1.420968
0.474477 0.570910 0.121970
0.313225 0.576676 -0.122499
0.485284 0.711188 0.643558
0.335393 0.737604 -0.135294
0.478072 0.831611 1.276105
0.341649 0.872749 0.212203
0.451020 0.853278 1.318131
0.345816 0.881864 0.231617
0.585240 0.873458 1.089544
0.372217 0.947308 -0.103074
0.439386 0.225321 -0.764682
0.438654 0.207813 -0.695688
0.446850 0.207213 -0.696680
0.455311 0.206379 -0.696553
0.408027 0.208559 -0.731967
0.395790 0.208944 -0.732805
0.381547 0.209401 -0.733328
0.438373 0.214612 -0.341942
0.345906 0.220618 -0.512667
0.449697 0.241700 -0.630377
0.414918 0.244992 -0.684829
0.527647 0.315388 -0.125322
0.260965 0.328755 -0.494125
0.714452 0.390080 -0.184669
0.173050 0.426736 -0.957237
0.903477 0.446891 -0.493478
0.101084 0.517820 -1.575093
0.961378 0.469766 -0.541571
0.067142 0.561198 -1.735942
0.959731 0.470613 -0.645156
0.105725 0.560436 -1.776738
0.936008 0.466880 -0.544681
0.130117 0.545739 -1.613778
0.471266 0.572035 0.132641
0.310053 0.577246 -0.133031
0.491746 0.711123 0.698029
0.338023 0.734896 -0.297169
0.478032 0.831708 1.384413
0.345082 0.872781 0.037492
0.449433 0.853781 1.432041
0.352268 0.881819 0.056658
0.585065 0.874198 1.207380
0.373036 0.946140 -0.293341
0.440620 0.248976 -0.767347
0.439470 0.232164 -0.703976
0.447245 0.231896 -0.704956
0.455359 0.231328 -0.704854
0.410996 0.232380 -0.736429
0.398723 0.232549 -0.737218
0.384883 0.232949 -0.737676
0.440641 0.237197 -0.372642
0.350275 0.241827 -0.524427
0.449886 0.265583 -0.640325
0.418268 0.266682 -0.689341
0.527712 0.329301 -0.148822
0.264534 0.349401 -0.485488
0.718848 0.390709 -0.185513
0.174522 0.451061 -0.905324
0.917852 0.438917 -0.464728
0.140740 0.524351 -1.514251
0.976392 0.457700 -0.507331
0.124844 0.564340 -1.667293
0.972894 0.461025 -0.605615
0.160331 0.554040 -1.701563
0.949351 0.459642 -0.512096
0.174996 0.543481 -1.548803
0.466211 0.575246 0.130435
0.305604 0.583333 -0.130838
0.504668 0.710724 0.522323
0.340154 0.735015 -0.447909
0.479186 0.831704 1.220073
0.345855 0.872682 -0.064653
0.449100 0.853859 1.272507
0.352379 0.881022 -0.038089
0.585789 0.874555 1.025045
0.374672 0.943647 -0.370954
0.445565 0.272785 -0.773803
0.443681 0.254996 -0.711295
0.450561 0.254045 -0.712273
0.457806 0.252969 -0.712198
0.417390 0.255774 -0.743188
0.406655 0.256032 -0.743906
0.392625 0.256595 -0.744348
0.442235 0.259755 -0.382203
0.357282 0.265857 -0.530971
0.454347 0.289010 -0.646756
0.423121 0.290968 -0.694978
0.526833 0.347724 -0.163530
0.268769 0.369107 -0.477906
0.715133 0.391477 -0.205166
0.195737 0.474909 -0.915640
0.912367 0.432917 -0.516010
0.196219 0.522442 -1.560864
0.975302 0.450494 -0.569880
0.194491 0.559135 -1.724114
0.969908 0.453268 -0.662218
0.224897 0.539382 -1.752394
0.944090 0.451841 -0.561892
0.232204 0.530203 -1.594081
0.463201 0.582014 0.128369
0.302685 0.593203 -0.128808
0.519472 0.713058 0.424513
0.341313 0.739981 -0.420176
0.481103 0.833792 1.111543
0.349642 0.873488 0.035540
0.448995 0.857825 1.161173
0.356264 0.881857 0.067806
0.588289 0.874787 0.898851
0.374652 0.943115 -0.274114
0.447550 0.296677 -0.874836
0.446405 0.276792 -0.814403
0.453903 0.276092 -0.815380
0.461211 0.275579 -0.815314
0.419252 0.279346 -0.847350
0.407493 0.280890 -0.848030
0.393154 0.282399 -0.848451
0.447461 0.283909 -0.488938
0.359593 0.294041 -0.641693
0.458497 0.314307 -0.748475
0.424901 0.316496 -0.797545
0.524027 0.366563 -0.247264
0.273878 0.389473 -0.600853
0.708202 0.398860 -0.251622
0.235234 0.495499 -1.078519
0.907367 0.432014 -0.505637
0.265181 0.523536 -1.698835
0.970675 0.446474 -0.547248
0.255673 0.547946 -1.859987
0.966566 0.449622 -0.639874
0.274526 0.529925 -1.878936
0.939646 0.449437 -0.550150
0.283026 0.522285 -1.728453
0.454428 0.593273 0.134585
0.297427 0.602909 -0.134881
0.537329 0.718787 0.334265
0.343330 0.746670 -0.389166
0.486740 0.836005 0.897995
0.350628 0.873902 0.088619
0.449593 0.858761 0.936264
0.355065 0.882661 0.123944
0.595342 0.875471 0.698593
0.378246 0.942806 -0.180708
0.451446 0.320921 -0.874239
0.449895 0.301385 -0.821843
0.456499 0.300265 -0.822821
0.463154 0.299082 -0.822855
0.425930 0.302481 -0.855040
0.415783 0.303152 -0.855697
0.402389 0.303659 -0.856075
0.448702 0.306192 -0.525057
0.365032 0.313558 -0.678209
0.459951 0.338199 -0.757140
0.430883 0.337367 -0.806309
0.517946 0.383468 -0.311261
0.274241 0.410739 -0.640191
0.701381 0.413111 -0.355994
0.280458 0.508058 -1.121706
0.902088 0.437280 -0.627066
0.321501 0.522159 -1.709619
0.966158 0.447881 -0.671092
0.326882 0.533965 -1.863159
0.960968 0.451189 -0.757905
0.339047 0.517294 -1.880805
0.933643 0.453344 -0.670108
0.339569 0.513565 -1.738759
0.440382 0.603329 0.132794
0.288503 0.613513 -0.133109
0.548157 0.725613 0.126918
0.344835 0.754621 -0.399046
0.491116 0.837155 0.658515
0.351379 0.873974 0.060130
0.450540 0.859269 0.696153
0.354973 0.882586 0.095913
0.601030 0.875574 0.478309
0.378254 0.942295 -0.177821
0.457047 0.343672 -0.900453
0.454305 0.323355 -0.846793
0.460641 0.322642 -0.847735
0.466727 0.321982 -0.847838
0.429176 0.324324 -0.878284
0.417934 0.325145 -0.878908
0.405227 0.326255 -0.879255
0.450128 0.329852 -0.544088
0.368501 0.336602 -0.690111
0.465059 0.359427 -0.782319
0.435248 0.360894 -0.829190
0.516736 0.405498 -0.359282
0.278160 0.426351 -0.663473
0.696559 0.429431 -0.493710
0.324726 0.503169 -1.273651
0.890210 0.441981 -0.844192
0.359588 0.522849 -1.982342
0.952939 0.454820 -0.912875
0.371160 0.531690 -2.162501
0.949112 0.457908 -0.998018
0.380361 0.519856 -2.170344
0.922593 0.459063 -0.889519
0.385729 0.517999 -2.011197
0.432510 0.615942 0.124735
0.283495 0.625035 -0.124860
0.553671 0.731753 -0.180367
0.345589 0.759385 -0.451285
0.494157 0.837579 0.420273
0.351908 0.873946 0.056207
0.452909 0.859256 0.465451
0.354770 0.882528 0.094436
0.602066 0.876238 0.233327
0.376505 0.941405 -0.185494
0.460425 0.364534 -0.844522
0.456463 0.344454 -0.793758
0.462823 0.343831 -0.794694
0.468778 0.343213 -0.794795
0.430493 0.344880 -0.823262
0.419216 0.345563 -0.823897
0.406485 0.346725 -0.824248
0.451340 0.350764 -0.518705
0.373056 0.356578 -0.643787
0.468064 0.379619 -0.730751
0.437777 0.381744 -0.774723
0.516571 0.421247 -0.351471
0.288845 0.445788 -0.612287
0.687325 0.442903 -0.503641
0.387954 0.514975 -1.070952
0.884321 0.449047 -0.865454
0.444314 0.520394 -1.818902
0.941960 0.459170 -0.932451
0.466258 0.523923 -1.820692
0.938382 0.460162 -1.001505
0.465350 0.513347 -1.750569
0.913323 0.464272 -0.903487
0.465106 0.512123 -1.732210
0.424233 0.626141 0.117129
0.277540 0.633074 -0.117231
0.566576 0.736473 -0.274454
0.347224 0.766883 -0.496100
0.495425 0.840067 0.209297
0.349880 0.874711 -0.091382
0.453438 0.860148 0.246053
0.350735 0.882991 -0.058708
0.601914 0.876757 0.046920
0.376474 0.941370 -0.294351
0.461049 0.380657 -0.632602
0.458206 0.361118 -0.594312
0.465328 0.360320 -0.595100
0.471995 0.359663 -0.595205
0.430792 0.362785 -0.611831
0.419676 0.363720 -0.612357
0.406937 0.365100 -0.612542
0.457479 0.365559 -0.381725
0.375492 0.374709 -0.453921
0.471242 0.395815 -0.547089
0.438628 0.398175 -0.573738
0.517318 0.438406 -0.303286
0.296255 0.459511 -0.482426
0.675494 0.458190 -0.529649
0.376007 0.509370 -0.899173
0.870232 0.463965 -0.966493
0.467015 0.523564 -1.319693
0.936724 0.471630 -1.050592
0.489877 0.533157 -1.430779
0.925072 0.476685 -1.103994
0.504228 0.522396 -1.429749
0.900100 0.482136 -0.999969
0.500624 0.516757 -1.330809
0.421206 0.637064 0.109906
0.276160 0.643871 -0.110093
0.570491 0.739397 -0.195940
0.348698 0.772250 -0.471238
0.495938 0.840509 0.230480
0.348103 0.874993 -0.105191
0.453945 0.860086 0.264839
0.348349 0.882974 -0.071998
0.601592 0.876973 0.126552
0.374986 0.941366 -0.253596
0.461746 0.396343 -0.517714
0.459062 0.377184 -0.485201
0.465954 0.376137 -0.485943
0.472564 0.375187 -0.486027
0.432879 0.378776 -0.503246
0.422361 0.379545 -0.503770
0.409277 0.380948 -0.503941
0.459418 0.380861 -0.298587
0.378326 0.389224 -0.375270
0.472920 0.412235 -0.442879
0.440776 0.412270 -0.469866
0.521302 0.454880 -0.240109
0.300553 0.466010 -0.423374
0.666777 0.472890 -0.500907
0.358522 0.507143 -0.804995
0.851911 0.484207 -0.938858
0.484176 0.526334 -1.165730
0.918988 0.489516 -1.024102
0.514089 0.536280 -1.277312
0.902434 0.496320 -1.071246
0.537449 0.525768 -1.277988
0.876192 0.502098 -0.969947
0.528528 0.519375 -1.180701
0.422311 0.646545 0.103499
0.273808 0.650293 -0.103719
0.574904 0.740534 -0.196334
0.350915 0.776956 -0.488039
0.494145 0.841667 0.196681
0.347683 0.875916 -0.139233
0.451283 0.860180 0.228492
0.344133 0.883033 -0.105187
0.594480 0.877524 0.108369
0.374532 0.941051 -0.254315
0.463248 0.406404 -0.553223
0.460793 0.387504 -0.523451
0.467940 0.386427 -0.524177
0.473996 0.385573 -0.524239
0.434590 0.390138 -0.541501
0.423047 0.390565 -0.542023
0.410460 0.391764 -0.542186
0.462492 0.392233 -0.336088
0.382018 0.400847 -0.418451
0.475236 0.422117 -0.479497
0.443001 0.422511 -0.506651
0.526362 0.464973 -0.252958
0.306255 0.477866 -0.456824
0.665153 0.482998 -0.547714
0.374240 0.512586 -0.834247
0.838856 0.498928 -0.972607
0.514220 0.534877 -1.184308
0.905827 0.508679 -1.057474
0.557353 0.545628 -1.298747
0.885912 0.515530 -1.100178
0.571423 0.533154 -1.295961
0.858151 0.519724 -1.001315
0.559208 0.526892 -1.197909
0.419761 0.654482 0.104107
0.272684 0.657095 -0.104308
0.579942 0.744438 -0.155990
0.352727 0.777776 -0.627821
0.493958 0.841493 0.256914
0.347678 0.875945 -0.259926
0.451063 0.858244 0.290592
0.339948 0.882523 -0.221820
0.594618 0.877741 0.177332
0.375455 0.940782 -0.361024
0.464681 0.418362 -0.549341
0.462349 0.398106 -0.520925
0.471008 0.397235 -0.521623
0.477136 0.396379 -0.521681
0.434509 0.400449 -0.539810
0.423507 0.401243 -0.540329
0.411981 0.402151 -0.540477
0.466960 0.402056 -0.339932
0.385407 0.410694 -0.422084
0.476726 0.433130 -0.476244
0.444709 0.434329 -0.504022
0.531990 0.473906 -0.252578
0.307014 0.483377 -0.468015
0.656487 0.494926 -0.541423
0.393365 0.524075 -0.813664
0.829449 0.510171 -0.969122
0.542724 0.547631 -1.104504
0.889999 0.523611 -1.053045
0.592525 0.559999 -1.212516
0.874756 0.530256 -1.095675
0.606995 0.546376 -1.208144
0.847509 0.532037 -0.997864
0.591691 0.539380 -1.115875
0.419470 0.662777 0.103321
0.272791 0.666324 -0.103495
0.584830 0.746431 -0.214095
0.359451 0.779532 -0.641236
0.493888 0.841468 0.188758
0.349876 0.875861 -0.244626
0.449268 0.856479 0.223492
0.340155 0.880873 -0.201860
0.593901 0.877739 0.132094
0.375602 0.939397 -0.317009
0.465804 0.427033 -0.515085
0.462970 0.407628 -0.487706
0.471752 0.406651 -0.488381
0.478421 0.405909 -0.488431
0.435348 0.409886 -0.506290
0.424863 0.410742 -0.506794
0.414614 0.411691 -0.506921
0.469943 0.410892 -0.316815
0.389815 0.420012 -0.395441
0.477816 0.440964 -0.444952
0.446774 0.443040 -0.472101
0.533061 0.478967 -0.226004
0.311729 0.489237 -0.455776
0.654553 0.505004 -0.487344
0.408023 0.534438 -0.750716
0.825132 0.523241 -0.891261
0.565163 0.558933 -0.992984
0.882111 0.541259 -0.968992
0.617643 0.573033 -1.095480
0.868710 0.544255 -1.017351
0.633887 0.560355 -1.093055
0.842484 0.543311 -0.921339
0.620851 0.554007 -1.003762
0.415608 0.668263 0.103824
0.271327 0.674104 -0.104017
0.586129 0.747401 -0.218303
0.365503 0.782893 -0.625305
0.494731 0.841320 0.167075
0.351008 0.877596 -0.230522
0.447872 0.856356 0.200554
0.339013 0.881329 -0.187668
0.592320 0.877832 0.115999
0.376143 0.939420 -0.295118
0.465626 0.432180 -0.513853
0.463475 0.413331 -0.483650
0.472060 0.412230 -0.484316
0.479271 0.411401 -0.484348
0.435887 0.415672 -0.503471
0.425400 0.416938 -0.503960
0.415515 0.418241 -0.504085
0.473739 0.415021 -0.304078
0.390413 0.425654 -0.386932
0.478742 0.446452 -0.440481
0.446754 0.448312 -0.468996
0.535037 0.484815 -0.202557
0.315307 0.494067 -0.451568
0.653299 0.513001 -0.468315
0.415319 0.540857 -0.740775
0.819281 0.532883 -0.884139
0.574429 0.568498 -0.975559
0.877603 0.550971 -0.964999
0.622414 0.584391 -1.079298
0.865098 0.555031 -1.011811
0.642744 0.572572 -1.077412
0.837558 0.553409 -0.913894
0.631537 0.565774 -0.986334
0.412416 0.670698 0.105123
0.269023 0.678094 -0.105283
0.582716 0.748598 -0.218139
0.367827 0.785998 -0.602142
0.495618 0.842968 0.154891
0.351436 0.882076 -0.201722
0.448512 0.858913 0.186346
0.336332 0.884122 -0.158917
0.592367 0.878884 0.092402
0.376129 0.939469 -0.279691
0.465797 0.432716 -0.510909
0.464234 0.414646 -0.479549
0.472611 0.412756 -0.480207
0.479552 0.411424 -0.480251
0.436284 0.417173 -0.499342
0.425721 0.418411 -0.499832
0.415680 0.420486 -0.499956
0.475115 0.415432 -0.296891
0.390615 0.428521 -0.379571
0.480668 0.446160 -0.436916
0.446408 0.448445 -0.465282
0.535874 0.487568 -0.193803
0.315576 0.497338 -0.450025
0.652859 0.517385 -0.460414
0.411885 0.546790 -0.736239
0.816310 0.538311 -0.879971
0.580375 0.576295 -0.962917
0.873067 0.556133 -0.960955
0.625000 0.594312 -1.066718
0.860627 0.560764 -1.007354
0.648441 0.582325 -1.064840
0.832092 0.558363 -0.909632
0.639134 0.574770 -0.973623
0.411049 0.671956 0.105791
0.267769 0.680594 -0.105937
0.581501 0.749557 -0.222191
0.370795 0.786774 -0.598112
0.495517 0.843035 0.171395
0.351823 0.883958 -0.173181
0.444583 0.860159 0.205854
0.336508 0.885358 -0.128647
0.592148 0.879638 0.125201
0.376060 0.939368 -0.220788
0.466567 0.433426 -0.476386
0.465715 0.414390 -0.445701
0.474066 0.412979 -0.446349
0.480453 0.411959 -0.446399
0.436947 0.418172 -0.463716
0.426439 0.419082 -0.464214
0.416616 0.420707 -0.464343
0.477246 0.415900 -0.271043
0.391842 0.429045 -0.346208
0.482447 0.446315 -0.406091
0.446280 0.449080 -0.432228
0.537402 0.487776 -0.174690
0.314940 0.496246 -0.426575
0.653641 0.520693 -0.449399
0.412389 0.548226 -0.705346
0.816043 0.541804 -0.865025
0.581012 0.580844 -0.927417
0.874717 0.559381 -0.942459
0.626231 0.601328 -1.029055
0.861795 0.563620 -0.998652
0.649982 0.590100 -1.028436
0.832240 0.560929 -0.897995
0.640049 0.581890 -0.938595
0.411153 0.672461 0.106049
0.265373 0.681067 -0.106204
0.579582 0.750162 -0.237217
0.371105 0.786110 -0.616417
0.495253 0.843327 0.165593
0.351718 0.883431 -0.173575
0.443652 0.860614 0.200764
0.336812 0.885152 -0.125886
0.591929 0.879621 0.115026
0.375435 0.939212 -0.217530
0.467474 0.432228 -0.479462
0.465936 0.413432 -0.450845
0.474602 0.412737 -0.451504
0.481053 0.412142 -0.451567
0.437105 0.417576 -0.467434
0.426802 0.418851 -0.467947
0.417003 0.420174 -0.468096
0.478166 0.415319 -0.283640
0.392297 0.429222 -0.354175
0.483465 0.445400 -0.412703
0.446110 0.448688 -0.437099
0.537594 0.488056 -0.185881
0.316477 0.497287 -0.433893
0.654270 0.520579 -0.448874
0.413511 0.548786 -0.716310
0.818607 0.542317 -0.854160
0.581739 0.584352 -0.944220
0.876013 0.560009 -0.928832
0.624896 0.604409 -1.046656
0.864069 0.563773 -0.976145
0.649813 0.593335 -1.048009
0.835592 0.560750 -0.883154
0.640360 0.585292 -0.956906
0.410744 0.672760 0.106233
0.264948 0.681562 -0.106392
0.579064 0.751354 -0.191524
0.373620 0.788294 -0.588063
0.495102 0.843332 0.212052
0.351690 0.883218 -0.170199
0.442777 0.860558 0.246951
0.336672 0.885071 -0.114716
0.591962 0.879373 0.161644
0.375269 0.939262 -0.181469
0.468288 0.429391 -0.494056
0.466076 0.411436 -0.463585
0.474844 0.410689 -0.464253
0.481561 0.409824 -0.464316
0.437296 0.414655 -0.480875
0.426904 0.417050 -0.481391
0.416773 0.418626 -0.481546
0.478753 0.413513 -0.290815
0.391699 0.427460 -0.363445
0.484384 0.442798 -0.425170
0.446138 0.446788 -0.450444
0.540308 0.487362 -0.191966
0.316856 0.496737 -0.440695
0.656150 0.517411 -0.457763
0.418680 0.545545 -0.740595
0.819755 0.539433 -0.860265
0.576816 0.583981 -0.984724
0.876956 0.557611 -0.936736
0.623449 0.604232 -1.090826
0.865259 0.562207 -0.984074
0.647887 0.593369 -1.092170
0.837533 0.559369 -0.889926
0.637507 0.585645 -0.998009
0.409479 0.672384 0.106987
0.263275 0.679705 -0.107147
0.579560 0.752960 -0.184375
0.377029 0.789785 -0.584189
0.494250 0.843733 0.221800
0.351676 0.883150 -0.159657
0.442152 0.860335 0.257612
0.336140 0.885020 -0.097663
0.590807 0.879742 0.178900
0.375143 0.939348 -0.160980
0.468713 0.427806 -0.446358
0.466116 0.408898 -0.416497
0.474779 0.407522 -0.417169
0.481516 0.406486 -0.417244
0.437879 0.412338 -0.434323
0.427417 0.414928 -0.434841
0.416792 0.416727 -0.434982
0.478616 0.411061 -0.251161
0.391537 0.424509 -0.325924
0.484153 0.440479 -0.380163
0.446988 0.444010 -0.406179
0.540129 0.482757 -0.152826
0.317678 0.494913 -0.417882
0.658092 0.513252 -0.373640
0.410587 0.542769 -0.703312
0.824999 0.535315 -0.745610
0.564544 0.580483 -0.938990
0.880607 0.553891 -0.813263
0.610474 0.599241 -1.041659
0.872310 0.558621 -0.863630
0.631089 0.587787 -1.044799
0.842318 0.555912 -0.775640
0.620106 0.580478 -0.952731
0.403309 0.671375 0.110205
0.259546 0.679452 -0.110396
0.580153 0.754017 -0.179748
0.380508 0.791280 -0.568081
0.494039 0.845042 0.237991
0.351347 0.883682 -0.103861
0.442111 0.860571 0.272433
0.334638 0.885280 -0.048747
0.593242 0.880161 0.186487
0.374571 0.939541 -0.112920
0.468612 0.424035 -0.461824
0.466120 0.404444 -0.431075
0.474659 0.403016 -0.431766
0.481404 0.402058 -0.431834
0.438318 0.408335 -0.449591
0.427964 0.410079 -0.450122
0.416981 0.411758 -0.450299
0.478329 0.407336 -0.257564
0.391270 0.419538 -0.335507
0.484002 0.436892 -0.392073
0.447160 0.439953 -0.419048
0.539998 0.478852 -0.147523
0.317376 0.492005 -0.416762
0.659924 0.509685 -0.339118
0.409841 0.540778 -0.703906
0.829512 0.532239 -0.694982
0.558067 0.578396 -0.957429
0.883827 0.550261 -0.759488
0.600997 0.596114 -1.063200
0.878640 0.554861 -0.812550
0.622612 0.585007 -1.064666
0.850117 0.552975 -0.725268
0.612462 0.578215 -0.970456
0.404490 0.669134 0.111029
0.260211 0.677337 -0.111223
0.579883 0.754287 -0.167246
0.379328 0.790021 -0.550264
0.493700 0.845347 0.235938
0.351241 0.883549 -0.107045
0.442194 0.860554 0.267607
0.334778 0.885909 -0.056734
0.594149 0.880093 0.178685
0.374565 0.939837 -0.146867
0.468277 0.419248 -0.421347
0.465670 0.400629 -0.394337
0.473839 0.399042 -0.395009
0.480511 0.397672 -0.395095
0.438337 0.403180 -0.409431
0.427907 0.404415 -0.409983
0.416919 0.406857 -0.410177
0.476442 0.404184 -0.237379
0.391104 0.413834 -0.301084
0.481486 0.433155 -0.358070
0.446563 0.434723 -0.380793
0.539843 0.478131 -0.146731
0.317248 0.490280 -0.386251
0.664067 0.508622 -0.353186
0.389940 0.536808 -0.690862
0.838116 0.531360 -0.703375
0.551423 0.577808 -0.965239
0.894174 0.549176 -0.769912
0.593003 0.593394 -1.071237
0.888330 0.553720 -0.819391
0.614322 0.584692 -1.073383
0.861554 0.550938 -0.732347
0.605461 0.576695 -0.979224
0.405431 0.668194 0.109438
0.260624 0.676948 -0.109647
0.579531 0.754151 -0.169768
0.378630 0.789034 -0.550266
0.493645 0.845574 0.211895
0.351222 0.883303 -0.108636
0.442659 0.860561 0.243036
0.335487 0.885888 -0.059989
0.595225 0.880086 0.144471
0.374535 0.939952 -0.157848
0.468023 0.401397 -0.409356
0.463900 0.383456 -0.383726
0.471502 0.382250 -0.384415
0.478154 0.380754 -0.384522
0.438318 0.383670 -0.401559
0.427836 0.384483 -0.402127
0.416851 0.386094 -0.402326
0.471241 0.386438 -0.231397
0.388926 0.395497 -0.307179
0.480115 0.416055 -0.347063
0.446506 0.416934 -0.373583
0.536978 0.466051 -0.134040
0.313749 0.477704 -0.386963
0.666858 0.498498 -0.249774
0.378787 0.523255 -0.686429
0.849030 0.524432 -0.499464
0.536440 0.570112 -0.967504
0.907369 0.541902 -0.544418
0.579142 0.584972 -1.070796
0.903077 0.547752 -0.602223
0.599416 0.576126 -1.074722
0.875459 0.546404 -0.528688
0.586931 0.569646 -0.982092
0.406077 0.659182 0.109341
0.260927 0.669251 -0.109557
0.578415 0.753984 -0.164638
0.378168 0.785476 -0.543259
0.494742 0.845949 0.217120
0.351294 0.882849 -0.089096
0.445875 0.860706 0.248247
0.336512 0.886046 -0.040253
0.596539 0.880356 0.149602
0.374887 0.939990 -0.135874
0.464745 0.382452 -0.415684
0.460906 0.364725 -0.387556
0.468497 0.364222 -0.388268
0.475386 0.363421 -0.388377
0.435064 0.366191 -0.406644
0.424564 0.367018 -0.407242
0.413814 0.367969 -0.407466
0.468099 0.368718 -0.223920
0.386245 0.376338 -0.306385
0.477180 0.399114 -0.348986
0.442221 0.399719 -0.377324
0.533993 0.450333 -0.117506
0.306627 0.462876 -0.383145
0.669262 0.483043 -0.192301
0.376312 0.509068 -0.697621
0.857855 0.513032 -0.396224
0.509002 0.557559 -0.977923
0.915739 0.527155 -0.432920
0.548299 0.575151 -1.085178
0.916163 0.532883 -0.494463
0.571446 0.565883 -1.088666
0.889448 0.532740 -0.426367
0.562049 0.560938 -0.990978
0.406463 0.646517 0.109963
0.261166 0.654530 -0.110193
0.576424 0.753131 -0.095241
0.378341 0.783480 -0.438419
0.495815 0.845952 0.279760
0.351208 0.882796 -0.012394
0.448628 0.860758 0.310409
0.336806 0.886059 0.032657
0.598610 0.880766 0.218110
0.374913 0.940338 -0.065600
0.460657 0.357630 -0.397481
0.458554 0.342151 -0.364768
0.465845 0.341783 -0.365496
0.472217 0.341614 -0.365614
0.431739 0.344900 -0.383063
0.420692 0.345917 -0.383668
0.410163 0.346408 -0.383921
0.465658 0.347782 -0.188766
0.383297 0.354467 -0.269065
0.474238 0.375368 -0.327923
0.438412 0.377130 -0.355566
0.530842 0.435994 -0.087176
0.298642 0.444057 -0.344909
0.672077 0.466268 -0.159003
0.366478 0.496041 -0.698297
0.869356 0.497614 -0.362181
0.476247 0.542584 -1.052440
0.930029 0.511643 -0.397781
0.505237 0.563829 -1.166094
0.931115 0.514619 -0.463288
0.533027 0.555933 -1.173584
0.905125 0.514413 -0.394260
0.528682 0.551109 -1.071401
0.407239 0.636371 0.108781
0.262852 0.641497 -0.109023
0.566514 0.750045 -0.081347
0.378126 0.776109 -0.461328
0.497660 0.846154 0.312134
0.350334 0.882706 -0.032797
0.451844 0.861637 0.343584
0.337721 0.886005 0.011298
0.599890 0.881736 0.239742
0.372545 0.940354 -0.098775
0.459010 0.335184 -0.394809
0.456401 0.320160 -0.361497
0.463438 0.319470 -0.362261
0.469546 0.318669 -0.362366
0.431662 0.321605 -0.383326
0.420533 0.322019 -0.383942
0.409638 0.323390 -0.384146
0.459464 0.326228 -0.180835
0.379993 0.332755 -0.276064
0.471575 0.353189 -0.322842
0.437752 0.355158 -0.354981
0.524991 0.416870 -0.073854
0.292243 0.422122 -0.348029
0.677036 0.448833 -0.137605
0.348358 0.482011 -0.704421
0.882198 0.479043 -0.352843
0.446227 0.529851 -1.078993
0.942453 0.493370 -0.390143
0.480008 0.551463 -1.191349
0.941760 0.496163 -0.460067
0.505251 0.544755 -1.201390
0.916324 0.496159 -0.387426
0.500061 0.541214 -1.099494
0.407889 0.626254 0.110395
0.264865 0.631430 -0.110677
0.556953 0.747725 -0.010695
0.377147 0.774216 -0.332012
0.498663 0.845909 0.366159
0.350134 0.883119 0.056142
0.454398 0.861612 0.395457
0.338593 0.886710 0.094252
0.599908 0.881717 0.296990
0.373087 0.940712 -0.019201
0.453298 0.316059 -0.412736
0.451861 0.299484 -0.376509
0.458774 0.298970 -0.377290
0.465011 0.298311 -0.377391
0.428585 0.300903 -0.398810
0.417869 0.301460 -0.399447
0.406621 0.302219 -0.399702
0.455066 0.305919 -0.175447
0.374189 0.312099 -0.278196
0.465014 0.334590 -0.335786
0.433451 0.335912 -0.369050
0.521364 0.398200 -0.049730
0.285375 0.406098 -0.343848
0.687822 0.430224 -0.063456
0.328018 0.476120 -0.730584
0.901841 0.462606 -0.197315
0.400961 0.517830 -1.171113
0.955845 0.476956 -0.213676
0.421756 0.541348 -1.287326
0.957011 0.479841 -0.285838
0.451597 0.533454 -1.295256
0.933479 0.478937 -0.230666
0.449618 0.528561 -1.191873
0.410187 0.619074 0.113197
0.266252 0.622453 -0.113491
0.548022 0.745950 0.043645
0.375085 0.769663 -0.392280
0.498995 0.845944 0.468234
0.350056 0.882258 0.027449
0.454846 0.862365 0.501151
0.339976 0.885829 0.068320
0.601310 0.882289 0.379294
0.373401 0.940569 -0.065803
0.447131 0.292881 -0.437364
0.447992 0.276415 -0.381585
0.455008 0.276329 -0.382454
0.461473 0.275959 -0.382465
0.422800 0.278001 -0.413111
0.412195 0.279410 -0.413938
0.400889 0.280746 -0.414386
0.454452 0.284106 -0.182430
0.369458 0.291354 -0.290227
0.459525 0.311245 -0.337395
0.427297 0.313163 -0.383447
0.517289 0.379048 -0.036657
0.286271 0.382300 -0.355928
0.697328 0.413252 -0.040269
0.297561 0.469860 -0.765899
0.923178 0.447246 -0.166696
0.356975 0.516174 -1.227928
0.976514 0.458589 -0.176092
0.372109 0.539294 -1.347816
0.978033 0.463292 -0.254403
0.395546 0.527902 -1.358397
0.954923 0.463169 -0.202694
0.396133 0.520966 -1.249881
0.415431 0.610658 0.117698
0.271551 0.611094 -0.118006
0.537357 0.745011 0.124953
0.370201 0.764521 -0.422955
0.498713 0.845926 0.538617
0.350463 0.881639 -0.002511
0.454800 0.862450 0.568367
0.344819 0.885754 0.038919
0.600943 0.882260 0.428444
0.374107 0.941691 -0.120957
0.446431 0.270710 -0.515479
0.447351 0.253452 -0.462446
0.454685 0.253170 -0.463297
0.461637 0.252805 -0.463336
0.421707 0.254193 -0.492336
0.409541 0.255151 -0.493129
0.398574 0.257038 -0.493584
0.454669 0.261142 -0.202642
0.365955 0.269776 -0.342871
0.458605 0.289468 -0.414883
0.424934 0.290706 -0.459615
0.514630 0.358814 -0.062988
0.282067 0.366546 -0.356277
0.703157 0.399140 -0.047302
0.247637 0.472455 -0.770205
0.934856 0.431513 -0.155354
0.284886 0.512549 -1.248605
0.989292 0.439366 -0.160981
0.291353 0.539383 -1.368552
0.993662 0.444744 -0.240098
0.315831 0.520566 -1.384601
0.969056 0.446013 -0.191047
0.319280 0.512237 -1.272908
0.435451 0.602626 0.118025
0.284524 0.603051 -0.118314
0.524151 0.741193 0.252207
0.368629 0.753928 -0.430216
0.497007 0.845912 0.716366
0.350671 0.881226 -0.011808
0.454666 0.862300 0.749894
0.347769 0.885747 0.029915
0.600832 0.882722 0.595509
0.375529 0.941872 -0.152705
0.442459 0.251810 -0.522793
0.444622 0.234247 -0.469625
0.452952 0.234083 -0.470472
0.460652 0.234217 -0.470513
0.417664 0.235079 -0.497258
0.405003 0.236120 -0.498042
0.392040 0.237949 -0.498483
0.454480 0.242499 -0.207311
0.360783 0.250688 -0.342421
0.456793 0.271382 -0.425164
0.421163 0.271347 -0.466649
0.513498 0.339796 -0.071651
0.277184 0.347033 -0.358662
0.713472 0.385015 -0.061952
0.210230 0.457840 -0.763815
0.941072 0.418582 -0.163123
0.212825 0.505516 -1.223038
1.001101 0.427256 -0.166418
0.216277 0.539306 -1.337162
1.004751 0.432561 -0.245727
0.250212 0.520018 -1.360468
0.977798 0.433596 -0.199010
0.255718 0.510379 -1.250418
0.442634 0.592468 0.115727
0.289027 0.592793 -0.116062
0.514480 0.732578 0.302289
0.366440 0.747550 -0.435853
0.495299 0.845489 0.751340
0.351682 0.878210 -0.007234
0.453796 0.862135 0.782931
0.353824 0.883146 0.033565
0.596144 0.883473 0.637477
0.376631 0.942210 -0.148692
0.435993 0.232357 -0.506680
0.441243 0.214848 -0.461177
0.451357 0.215100 -0.461939
0.459834 0.215521 -0.462033
0.410216 0.216164 -0.484838
0.397486 0.217747 -0.485536
0.382699 0.219247 -0.485894
0.454477 0.224113 -0.180769
0.354431 0.231022 -0.316269
0.452342 0.251069 -0.420818
0.413386 0.253028 -0.454581
0.514239 0.323847 -0.019401
0.271573 0.329128 -0.328858
0.720076 0.378555 0.005404
0.174914 0.428427 -0.674095
0.937725 0.412673 -0.114674
0.151631 0.504289 -1.101647
1.003582 0.425672 -0.121851
0.156173 0.541463 -1.203529
1.004706 0.429221 -0.202574
0.187786 0.524147 -1.238028
0.974456 0.429763 -0.152296
0.194881 0.513452 -1.132798
0.452302 0.583463 0.116068
0.293417 0.584470 -0.116452
0.508597 0.727489 0.414921
0.360670 0.745011 -0.188020
0.493758 0.844517 0.876444
0.351684 0.877991 0.210967
0.453354 0.861935 0.908373
0.354490 0.883171 0.244244
0.594879 0.883306 0.753289
0.379591 0.942486 0.037391
0.435359 0.216363 -0.512495
0.439881 0.200369 -0.458513
0.449909 0.200200 -0.459340
0.457786 0.199987 -0.459374
0.408784 0.202237 -0.489016
0.395880 0.203225 -0.489825
0.382967 0.204411 -0.490274
0.450796 0.207218 -0.172825
0.352439 0.215932 -0.320017
0.451533 0.234362 -0.413826
0.412465 0.236490 -0.455497
0.516400 0.312106 0.010082
0.266483 0.314108 -0.341310
0.721783 0.374258 0.014847
0.168193 0.413082 -0.687924
0.936861 0.414207 -0.155421
0.103643 0.499857 -1.158839
0.997666 0.425317 -0.169587
0.071600 0.539499 -1.272186
1.003054 0.428144 -0.255857
0.106212 0.528462 -1.309381
0.975616 0.429183 -0.197576
0.129570 0.518602 -1.192029
0.460311 0.576276 0.128347
0.299762 0.577443 -0.128828
0.500959 0.717997 0.572774
0.353898 0.739800 -0.088276
0.493403 0.840509 1.046638
0.345813 0.878029 0.299841
0.454415 0.861346 1.077284
0.347192 0.886053 0.329004
0.594680 0.882442 0.878206
0.381334 0.942498 0.067488
0.436054 0.205018 -0.509404
0.440045 0.188441 -0.454679
0.449407 0.188529 -0.455525
0.456995 0.188721 -0.455553
0.408179 0.189119 -0.485704
0.394716 0.190658 -0.486543
0.382409 0.193015 -0.487014
0.448408 0.195287 -0.168470
0.350696 0.205268 -0.320138
0.451891 0.223382 -0.410112
0.413077 0.224557 -0.452138
0.517522 0.303996 -0.000115
0.259636 0.306285 -0.339377
0.720691 0.371105 -0.002678
0.164274 0.402023 -0.668109
0.929985 0.413595 -0.169195
0.060797 0.501487 -1.087006
0.990081 0.428759 -0.178768
0.028968 0.541256 -1.187435
0.994075 0.432673 -0.269412
0.058958 0.536303 -1.241656
0.967495 0.432133 -0.212825
0.081496 0.523321 -1.125827
0.466106 0.571390 0.127247
0.303418 0.574325 -0.127700
0.495361 0.716880 0.600629
0.346967 0.738524 -0.060775
0.492696 0.838970 1.092842
0.341778 0.877287 0.330503
0.456003 0.860982 1.125214
0.346664 0.885936 0.359762
0.595464 0.881002 0.943400
0.379949 0.942491 0.112009
0.436388 0.195325 -0.565488
0.439229 0.178178 -0.504617
0.448059 0.178230 -0.505569
0.456061 0.178845 -0.505570
0.407329 0.178481 -0.537897
0.394084 0.180102 -0.538824
0.381146 0.182961 -0.539384
0.445943 0.187857 -0.191683
0.348362 0.196759 -0.354938
0.451997 0.214223 -0.450982
0.412930 0.216726 -0.499586
0.518109 0.296138 -0.019364
0.253125 0.303998 -0.343582
0.717465 0.371188 -0.034591
0.150814 0.401370 -0.625830
0.925702 0.423629 -0.216717
0.041322 0.505116 -0.980751
0.985453 0.439502 -0.230311
0.011332 0.541969 -1.068312
0.988394 0.441941 -0.318005
0.033700 0.542338 -1.123693
0.961790 0.441137 -0.258772
0.056307 0.528095 -1.018376
0.467736 0.566774 0.125596
0.304188 0.571986 -0.126178
0.487899 0.713853 0.609487
0.344265 0.732408 -0.069363
0.489784 0.835639 1.133703
0.336965 0.872710 0.307852
0.455926 0.859191 1.169219
0.344364 0.884404 0.335243
0.595423 0.879685 0.975219
0.376120 0.942563 0.072640
0.436345 0.190451 -0.708124
0.438665 0.174900 -0.640092
0.447724 0.175078 -0.641138
0.456196 0.175319 -0.641093
0.406493 0.175219 -0.678422
0.393989 0.177058 -0.679291
0.380579 0.179313 -0.679799
0.444744 0.184941 -0.287054
0.347655 0.193291 -0.467076
0.452284 0.210280 -0.574015
0.412709 0.212758 -0.630628
0.519024 0.293478 -0.066782
0.247521 0.303665 -0.416281
0.713193 0.373488 -0.104971
0.141372 0.405263 -0.730324
0.901533 0.429428 -0.456858
0.033064 0.507770 -1.193414
0.959911 0.446562 -0.509573
0.007074 0.542147 -1.314558
0.959779 0.451194 -0.609424
0.026459 0.549584 -1.378953
0.935075 0.441708 -0.508331
0.047551 0.533883 -1.237632
0.471604 0.564708 0.131945
0.307284 0.571067 -0.132516
0.487300 0.713377 0.632477
0.343298 0.732962 -0.079278
0.487725 0.835514 1.284316
0.336592 0.872401 0.381387
0.455919 0.858390 1.330302
0.343564 0.884180 0.414014
0.595389 0.879120 1.088566
0.375373 0.942765 0.091110
0.433847 0.191702 -0.720746
0.436465 0.176644 -0.651544
0.445613 0.176942 -0.652629
0.454896 0.177009 -0.652569
0.404104 0.176351 -0.693160
0.392339 0.177460 -0.694003
0.378624 0.178883 -0.694504
0.443065 0.184609 -0.292909
0.347278 0.192462 -0.485101
0.450160 0.209909 -0.582916
0.410274 0.212169 -0.643875
0.519084 0.293187 -0.068549
0.247559 0.304176 -0.433216
0.698077 0.377551 -0.104375
0.139805 0.407213 -0.746533
0.866231 0.442281 -0.483211
0.030824 0.508265 -1.193893
0.913168 0.472980 -0.548017
0.007119 0.546206 -1.318713
0.913321 0.476035 -0.651570
0.026082 0.556992 -1.381517
0.890797 0.466573 -0.536974
0.046638 0.541354 -1.236641
0.474378 0.567317 0.138220
0.311051 0.573138 -0.138798
0.485402 0.714962 0.721879
0.341686 0.736152 0.007487
0.483284 0.835654 1.397352
0.336860 0.872508 0.528034
0.455678 0.858493 1.444349
0.345092 0.884515 0.565847
0.594974 0.879066 1.190992
0.373577 0.946116 0.241703
0.433348 0.192002 -0.831237
0.435128 0.176911 -0.762067
0.444577 0.177238 -0.763155
0.453894 0.177210 -0.763065
0.403605 0.176887 -0.800326
0.392131 0.177688 -0.801153
0.378764 0.178954 -0.801656
0.440762 0.185351 -0.389804
0.347451 0.193212 -0.566245
0.449731 0.209903 -0.687606
0.410466 0.212669 -0.744036
0.519210 0.293987 -0.143960
0.246224 0.305821 -0.467283
0.672591 0.382747 -0.173544
0.135077 0.415753 -0.719964
0.811318 0.462974 -0.622361
0.030776 0.521932 -1.145057
0.855771 0.495711 -0.707045
0.013943 0.565901 -1.290057
0.852590 0.498192 -0.811870
0.025903 0.572243 -1.334846
0.829528 0.489100 -0.676960
0.044583 0.556196 -1.206673
0.474166 0.568718 0.136930
0.312588 0.573674 -0.137460
0.478845 0.715478 0.654995
0.339133 0.736803 0.046915
0.477229 0.835938 1.397271
0.337223 0.872713 0.657935
0.453888 0.858497 1.450625
0.345041 0.884579 0.704165
0.591552 0.878318 1.158151
0.371356 0.946522 0.352402
0.433108 0.190093 -0.851056
0.433896 0.175983 -0.778757
0.443727 0.176413 -0.779833
0.452945 0.176445 -0.779708
0.402594 0.176314 -0.818303
0.390901 0.177457 -0.819140
0.377779 0.179025 -0.819655
0.439714 0.184824 -0.396772
0.347098 0.194890 -0.576931
0.449713 0.209077 -0.703864
0.410653 0.212284 -0.761600
0.519864 0.296051 -0.144663
0.245921 0.309965 -0.477399
0.644728 0.383861 -0.186259
0.137454 0.427160 -0.707568
0.756281 0.480427 -0.674678
0.046409 0.538431 -1.133169
0.794446 0.511328 -0.767408
0.029521 0.584513 -1.275763
0.789236 0.515361 -0.873366
0.042839 0.588332 -1.323092
0.767590 0.506485 -0.730075
0.059850 0.573139 -1.205475
0.476692 0.571578 0.136226
0.315687 0.575630 -0.136764
0.475668 0.716518 0.638000
0.336635 0.737972 0.032899
0.475510 0.836148 1.384355
0.337489 0.872883 0.645863
0.451599 0.858418 1.438326
0.344778 0.884670 0.692555
0.589796 0.877967 1.149997
0.371393 0.947639 0.344588
0.433392 0.191109 -0.831186
0.433671 0.176712 -0.761851
0.443533 0.177288 -0.762938
0.452307 0.177296 -0.762830
0.402802 0.176957 -0.800709
0.390727 0.178128 -0.801562
0.377894 0.179969 -0.802092
0.438665 0.186109 -0.393328
0.347165 0.196215 -0.570904
0.449704 0.209290 -0.688692
0.410916 0.212676 -0.745619
0.519955 0.297644 -0.145777
0.246046 0.312775 -0.472086
0.619137 0.398611 -0.166780
0.144181 0.437009 -0.653348
0.717084 0.502759 -0.585306
0.067170 0.555293 -1.031782
0.746383 0.537902 -0.668085
0.053630 0.600270 -1.163365
0.743206 0.540526 -0.773668
0.070344 0.602151 -1.234845
0.725006 0.529256 -0.638111
0.086294 0.589477 -1.079215
0.479068 0.573598 0.135918
0.319168 0.576925 -0.136441
0.476635 0.717098 0.621988
0.334999 0.738641 0.048666
0.476115 0.836228 1.404617
0.337682 0.873000 0.656827
0.451600 0.858423 1.464024
0.344936 0.884744 0.703971
0.589422 0.877972 1.206338
0.371149 0.949457 0.375905
0.433530 0.191481 -0.832547
0.432981 0.177201 -0.765873
0.442859 0.177697 -0.767007
0.451181 0.177533 -0.766877
0.402758 0.177657 -0.811572
0.390188 0.178773 -0.812466
0.377620 0.180685 -0.813013
0.436870 0.186395 -0.408097
0.346474 0.196635 -0.616459
0.449454 0.209883 -0.692611
0.410915 0.213435 -0.758160
0.520080 0.299499 -0.140548
0.245700 0.315678 -0.529911
0.589785 0.410185 -0.066232
0.152285 0.448352 -0.656870
0.667984 0.515946 -0.430095
0.072815 0.572891 -0.949940
0.683034 0.552185 -0.508620
0.065271 0.614021 -1.070875
0.680121 0.554938 -0.630738
0.078387 0.614772 -1.137524
0.665557 0.543208 -0.484833
0.093837 0.601491 -0.987361
0.478575 0.574301 0.139135
0.319786 0.577933 -0.139619
0.476105 0.717581 0.678339
0.334031 0.739029 0.095308
0.476401 0.836329 1.444854
0.337772 0.873413 0.724792
0.450849 0.858739 1.501822
0.345218 0.884963 0.774446
0.589163 0.877582 1.257588
0.371200 0.950336 0.465841
0.433276 0.192752 -0.826416
0.432425 0.177841 -0.761068
0.442515 0.178281 -0.762232
0.450551 0.178015 -0.762123
0.402424 0.178260 -0.803279
0.389265 0.179284 -0.804167
0.376901 0.181264 -0.804669
0.436726 0.187047 -0.402518
0.346231 0.196966 -0.594713
0.448807 0.210658 -0.684580
0.410798 0.214088 -0.745814
0.520245 0.301822 -0.132607
0.245200 0.317344 -0.495618
0.571873 0.423172 0.020010
0.156342 0.450899 -0.548320
0.622226 0.530800 -0.294248
0.121461 0.573315 -0.790356
0.629230 0.566862 -0.366117
0.116319 0.611457 -0.899270
0.623988 0.568710 -0.472275
0.144099 0.611410 -0.965242
0.609263 0.557739 -0.342100
0.154317 0.599560 -0.825109
0.482334 0.573789 0.138613
0.322377 0.578628 -0.139086
0.477200 0.717668 0.631373
0.334207 0.739327 0.115327
0.476679 0.836456 1.465729
0.337757 0.873525 0.777084
0.450216 0.858802 1.532268
0.344809 0.884874 0.831186
0.589435 0.877618 1.302790
0.372484 0.950261 0.532801
0.433099 0.193087 -0.786972
0.432213 0.177992 -0.723988
0.442446 0.178125 -0.725110
0.450240 0.177624 -0.725017
0.402318 0.178654 -0.765228
0.388753 0.179788 -0.766101
0.376710 0.181645 -0.766593
0.436826 0.186525 -0.384538
0.345998 0.197738 -0.579824
0.448394 0.211243 -0.652417
0.410445 0.214334 -0.711821
0.520222 0.302364 -0.128158
0.244497 0.318090 -0.486029
0.560353 0.425097 0.037247
0.163774 0.452752 -0.535181
0.587585 0.540809 -0.248009
0.154191 0.576646 -0.760982
0.587056 0.581442 -0.314569
0.155869 0.615120 -0.868083
0.577664 0.581464 -0.414832
0.182160 0.613142 -0.929623
0.571101 0.568142 -0.292727
0.190532 0.600655 -0.792551
0.485284 0.573841 0.138200
0.327137 0.579102 -0.138676
0.478585 0.717084 0.684049
0.334672 0.739708 0.132711
0.475787 0.836410 1.500327
0.337907 0.874094 0.732283
0.448190 0.858736 1.564826
0.344867 0.885277 0.781212
0.588883 0.876962 1.371376
0.373932 0.950305 0.507753
0.433395 0.195098 -0.647126
0.432281 0.178992 -0.592244
0.442457 0.178682 -0.593303
0.450203 0.178030 -0.593189
0.402417 0.179781 -0.633159
0.388872 0.180799 -0.634141
0.376792 0.182887 -0.634668
0.436888 0.187240 -0.300018
0.345887 0.199575 -0.488308
0.448420 0.213228 -0.528913
0.410469 0.216151 -0.587982
0.520376 0.303512 -0.075250
0.244906 0.316981 -0.419619
0.551962 0.430690 0.123939
0.181293 0.451502 -0.445805
0.562326 0.546869 -0.010286
0.184497 0.576742 -0.602961
0.559681 0.581731 -0.039362
0.187300 0.617519 -0.685681
0.546990 0.583744 -0.123280
0.216198 0.615209 -0.733339
0.540326 0.571208 -0.043227
0.224203 0.601990 -0.625492
0.487967 0.574263 0.126278
0.330340 0.579404 -0.126851
0.477667 0.717991 0.514027
0.334755 0.742059 0.070052
0.475112 0.836517 1.139519
0.337990 0.873564 0.612651
0.445585 0.858495 1.187731
0.344388 0.882844 0.654824
0.588940 0.876973 1.029872
0.374040 0.950184 0.411648
0.433449 0.196009 -0.587569
0.432311 0.179444 -0.539892
0.442468 0.178921 -0.540900
0.450244 0.178347 -0.540795
0.402509 0.180324 -0.572603
0.388981 0.181286 -0.573684
0.376811 0.183484 -0.574315
0.436918 0.187827 -0.275248
0.345729 0.199963 -0.424304
0.448408 0.214065 -0.479245
0.410515 0.216845 -0.527360
0.521470 0.303376 -0.071815
0.246598 0.317425 -0.360615
0.532519 0.429212 0.112334
0.204102 0.454318 -0.355313
0.521096 0.534843 0.037733
0.210199 0.579968 -0.463606
0.518646 0.567490 0.024259
0.212854 0.620648 -0.529842
0.516473 0.571263 -0.050015
0.247336 0.618647 -0.574167
0.510933 0.559246 0.010647
0.256782 0.605510 -0.483208
0.493171 0.573428 0.099461
0.335093 0.579748 -0.100088
0.478405 0.717743 0.440620
0.334603 0.742214 0.051822
0.475090 0.836331 0.977332
0.338052 0.873024 0.496399
0.445341 0.857741 1.017236
0.344840 0.880885 0.531564
0.588314 0.876983 0.851794
0.373991 0.949968 0.326180
0.433633 0.196988 -0.603673
0.432514 0.180051 -0.556838
0.442500 0.179510 -0.557877
0.450266 0.179068 -0.557785
0.402544 0.180949 -0.589454
0.389014 0.181844 -0.590518
0.376866 0.184079 -0.591145
0.436998 0.188542 -0.284094
0.345746 0.200052 -0.432120
0.448422 0.215029 -0.491339
0.410722 0.217457 -0.539233
0.523006 0.303556 -0.076820
0.247550 0.317488 -0.348880
0.528473 0.429652 0.105648
0.223328 0.454031 -0.333448
0.520934 0.531339 0.033161
0.251173 0.574638 -0.412344
0.517463 0.563629 0.016347
0.246932 0.614653 -0.470896
0.515155 0.567861 -0.055326
0.281738 0.618149 -0.511667
0.511925 0.555685 0.006974
0.290222 0.605087 -0.430083
0.496593 0.572752 0.091059
0.336555 0.580045 -0.091642
0.478907 0.717781 0.444405
0.334771 0.742305 0.087597
0.475077 0.836392 0.995771
0.337834 0.873056 0.509042
0.445160 0.857682 1.037109
0.344516 0.880997 0.546351
0.587876 0.877036 0.858426
0.373942 0.949901 0.325591
0.434333 0.197553 -0.599978
0.433233 0.180352 -0.553104
0.442644 0.179793 -0.554142
0.450593 0.179477 -0.554069
0.402907 0.181257 -0.586214
0.389820 0.182056 -0.587283
0.377064 0.184216 -0.587915
0.437064 0.188847 -0.280844
0.345789 0.199651 -0.429607
0.448507 0.215556 -0.487222
0.411560 0.217708 -0.535838
0.523671 0.303364 -0.078795
0.247714 0.317671 -0.344335
0.519590 0.429770 0.118547
0.227437 0.454621 -0.329362
0.517268 0.530604 0.059821
0.254401 0.573866 -0.410305
0.514108 0.562994 0.045776
0.250525 0.612505 -0.469058
0.512987 0.567459 -0.027690
0.284946 0.612745 -0.511704
0.509730 0.555323 0.033292
0.293312 0.599881 -0.428734
0.497475 0.572684 0.087016
0.336567 0.580201 -0.087593
0.479257 0.718202 0.415048
0.334051 0.742383 0.081265
0.475141 0.836433 0.991216
0.337844 0.873147 0.511450
0.445502 0.857592 1.035750
0.344539 0.881041 0.548534
0.587570 0.877009 0.864114
0.373952 0.949963 0.325226
0.435606 0.197834 -0.539075
0.434598 0.180540 -0.497542
0.443561 0.180014 -0.498576
0.452061 0.179830 -0.498540
0.403838 0.181490 -0.526372
0.391384 0.182256 -0.527464
0.377775 0.184356 -0.528112
0.437254 0.189252 -0.253613
0.345882 0.199408 -0.383149
0.449115 0.215959 -0.437381
0.412751 0.217894 -0.480444
0.523896 0.302726 -0.079129
0.247798 0.317870 -0.296534
0.519491 0.428473 0.087482
0.228172 0.455543 -0.270916
0.513762 0.528634 0.021333
0.244156 0.573322 -0.333130
0.510292 0.561314 0.006797
0.241200 0.611757 -0.380405
0.508932 0.565817 -0.060289
0.274279 0.610005 -0.425424
0.504713 0.553681 -0.002546
0.283842 0.597182 -0.352131
0.497636 0.572709 0.073240
0.337225 0.580404 -0.073859
0.479524 0.718379 0.378542
0.333531 0.742456 0.071950
0.475215 0.836419 0.895940
0.338251 0.873374 0.446228
0.445613 0.856753 0.935458
0.345231 0.881097 0.477068
0.586917 0.876952 0.781787
0.373673 0.949933 0.270781
0.436176 0.198227 -0.499056
0.435108 0.180886 -0.459853
0.443801 0.180400 -0.460896
0.452560 0.180251 -0.460861
0.404190 0.181867 -0.484789
0.392045 0.182636 -0.485865
0.378006 0.184765 -0.486483
0.437595 0.189668 -0.231379
0.345909 0.199793 -0.342661
0.449448 0.216358 -0.403564
0.413333 0.218289 -0.441517
0.525476 0.302845 -0.079406
0.247852 0.317890 -0.258040
0.530391 0.428662 0.074850
0.224967 0.455109 -0.243322
0.524538 0.531945 -0.040494
0.237533 0.572881 -0.311347
0.521878 0.564116 -0.060964
0.237016 0.611374 -0.354433
0.516652 0.567786 -0.125160
0.270257 0.608591 -0.400630
0.512109 0.556558 -0.064368
0.279718 0.595769 -0.331100
0.497130 0.572832 0.065275
0.337041 0.580554 -0.065921
0.479643 0.718398 0.352852
0.332244 0.742444 0.069917
0.475323 0.836387 0.834597
0.338254 0.875341 0.361119
0.446132 0.856688 0.870558
0.345236 0.882823 0.385915
0.586915 0.876879 0.730315
0.373115 0.950126 0.186596
0.437018 0.198436 -0.492429
0.435540 0.181217 -0.455214
0.443885 0.180757 -0.456281
0.452658 0.180600 -0.456252
0.405016 0.182184 -0.480285
0.393609 0.182964 -0.481353
0.378696 0.185071 -0.481968
0.437608 0.189989 -0.234442
0.345986 0.200131 -0.347013
0.449857 0.216587 -0.400206
0.414774 0.218592 -0.438324
0.526506 0.302949 -0.092921
0.248019 0.318015 -0.262655
0.536402 0.429331 0.069421
0.223932 0.456361 -0.252513
0.532661 0.537582 -0.018744
0.230031 0.575470 -0.326278
0.530825 0.571124 -0.033597
0.230708 0.613797 -0.369216
0.523765 0.573211 -0.096023
0.261866 0.611256 -0.419212
0.517863 0.562391 -0.040081
0.271053 0.599039 -0.347937
0.497007 0.572898 0.061991
0.336842 0.580643 -0.062630
0.479686 0.718431 0.368969
0.331601 0.742399 0.065066
0.475701 0.836410 0.851517
0.338263 0.876030 0.352815
0.446820 0.856717 0.887216
0.345225 0.883554 0.378024
0.586932 0.876877 0.749833
0.372850 0.950133 0.180358
0.437813 0.198667 -0.478858
0.436094 0.181364 -0.441419
0.444182 0.180909 -0.442484
0.453095 0.180740 -0.442439
0.405949 0.182398 -0.467235
0.395106 0.183202 -0.468308
0.379627 0.185317 -0.468922
0.437642 0.190224 -0.223544
0.346188 0.200356 -0.338698
0.450221 0.216807 -0.387478
0.416026 0.218660 -0.426587
0.526788 0.302974 -0.092499
0.248075 0.318111 -0.258347
0.538880 0.429116 0.064281
0.222217 0.456036 -0.248303
0.536449 0.538271 -0.002332
0.226089 0.575553 -0.326765
0.534080 0.573033 -0.016790
0.225831 0.614468 -0.371646
0.525572 0.574457 -0.080500
0.257184 0.612014 -0.421431
0.519503 0.563463 -0.024123
0.267448 0.599905 -0.348330
0.497126 0.572946 0.062488
0.336861 0.580678 -0.063132
0.479774 0.718460 0.386159
0.330919 0.742430 0.061478
0.476193 0.836434 0.868305
0.338189 0.876234 0.362754
0.447580 0.856774 0.903599
0.345214 0.883665 0.388827
0.587181 0.876878 0.766685
0.372126 0.950250 0.191085
0.438138 0.198788 -0.480061
0.436403 0.181394 -0.440735
0.444405 0.180949 -0.441811
0.453513 0.180785 -0.441770
0.406231 0.182475 -0.467200
0.395525 0.183283 -0.468238
0.379906 0.185425 -0.468824
0.437851 0.190356 -0.219005
0.346279 0.200441 -0.337203
0.450330 0.216882 -0.387894
0.416372 0.218559 -0.427921
0.526828 0.302716 -0.092298
0.248257 0.318167 -0.258812
0.540492 0.428867 0.061756
0.221069 0.455854 -0.261607
0.545595 0.539121 -0.030887
0.223350 0.576167 -0.360612
0.543921 0.573975 -0.051220
0.222680 0.615805 -0.410563
0.532784 0.575473 -0.118146
0.253564 0.613257 -0.463072
0.525355 0.563839 -0.055143
0.264203 0.600787 -0.384022
0.497746 0.573044 0.063322
0.337193 0.580700 -0.063969
0.479886 0.718483 0.398708
0.330972 0.742457 0.055561
0.477017 0.836490 0.883700
0.338082 0.876211 0.355676
0.448665 0.856827 0.918464
0.345160 0.883590 0.380886
0.587612 0.876797 0.778340
0.371365 0.950347 0.181568
0.438877 0.198897 -0.504667
0.437050 0.181434 -0.462245
0.445157 0.180999 -0.463328
0.454510 0.180845 -0.463273
0.406941 0.182523 -0.492434
0.396448 0.183330 -0.493438
0.380718 0.185440 -0.493999
0.438013 0.190478 -0.226777
0.346407 0.200393 -0.355298
0.450831 0.216996 -0.407229
0.417288 0.218526 -0.451893
0.526789 0.302694 -0.091227
0.249376 0.318455 -0.275876
0.542521 0.428891 0.060566
0.220184 0.455830 -0.294058
0.550796 0.542564 -0.065040
0.210175 0.577530 -0.412476
0.549043 0.577323 -0.096535
0.208873 0.618361 -0.469920
0.535422 0.578918 -0.166196
0.236981 0.615583 -0.517413
0.528233 0.567180 -0.090901
0.246053 0.602551 -0.435297
0.498001 0.573830 0.064188
0.337520 0.581140 -0.064804
0.480025 0.718504 0.465994
0.330703 0.742529 0.040928
0.477239 0.836506 0.978092
0.338019 0.876152 0.372297
0.448912 0.856803 1.014556
0.345166 0.883429 0.400163
0.588002 0.876554 0.885381
0.371010 0.950543 0.195449
0.439450 0.198976 -0.506423
0.437669 0.181469 -0.463922
0.446046 0.181054 -0.465170
0.455649 0.180919 -0.465090
0.407514 0.182519 -0.506588
0.397124 0.183310 -0.507438
0.381339 0.185328 -0.507862
0.438235 0.190556 -0.235793
0.346448 0.200250 -0.403927
0.451213 0.217079 -0.414316
0.417686 0.218515 -0.473010
0.526302 0.302680 -0.097362
0.249893 0.319641 -0.333751
0.548854 0.429279 0.019050
0.214035 0.458668 -0.358676
0.565482 0.546047 -0.181256
0.193476 0.582669 -0.490841
0.557981 0.581633 -0.225383
0.188665 0.622193 -0.559058
0.538994 0.581736 -0.303855
0.215207 0.619420 -0.620024
0.536412 0.568978 -0.213857
0.225212 0.606025 -0.519142
0.498689 0.574462 0.076383
0.337837 0.581627 -0.077014
0.480237 0.717948 0.581380
0.330710 0.742547 0.045200
0.477309 0.836356 1.135745
0.338088 0.876174 0.383641
0.449327 0.856447 1.175501
0.345353 0.883401 0.414892
0.588066 0.876246 1.034180
0.370766 0.950757 0.204123
0.439501 0.198975 -0.561940
0.437823 0.181469 -0.515806
0.446295 0.181086 -0.517020
0.456043 0.180978 -0.516950
0.407542 0.182448 -0.555617
0.397159 0.183199 -0.556484
0.381371 0.185122 -0.556921
0.438356 0.190632 -0.266184
0.346422 0.200022 -0.435474
0.451226 0.217155 -0.460951
0.417671 0.218477 -0.517625
0.526153 0.302432 -0.108171
0.250225 0.319971 -0.358738
0.554305 0.429196 -0.000210
0.208484 0.459785 -0.395554
0.585249 0.545174 -0.206212
0.176786 0.585853 -0.540406
0.581430 0.581498 -0.249266
0.169920 0.624131 -0.609187
0.571393 0.582510 -0.332357
0.191588 0.623129 -0.674462
0.566588 0.569672 -0.241061
0.202478 0.610347 -0.571307
0.498081 0.573786 0.085762
0.337733 0.581003 -0.086403
0.480623 0.717448 0.566381
0.330786 0.742469 0.024061
0.477348 0.836305 1.111163
0.338072 0.876264 0.375198
0.449609 0.855970 1.149576
0.345030 0.883445 0.403464
0.588045 0.876073 0.997197
0.370811 0.951310 0.183306
0.439671 0.198924 -0.610518
0.437981 0.181405 -0.564289
0.446496 0.181036 -0.565467
0.456287 0.180959 -0.565404
0.407588 0.182382 -0.601323
0.397206 0.183126 -0.602226
0.381458 0.185006 -0.602687
0.438392 0.190661 -0.304459
0.346450 0.199867 -0.469603
0.451399 0.217167 -0.505009
0.417839 0.218405 -0.558955
0.526152 0.302127 -0.124295
0.250613 0.319993 -0.384892
0.570164 0.428313 -0.004866
0.203274 0.459837 -0.436848
0.628244 0.544042 -0.204635
0.164272 0.585092 -0.611313
0.634591 0.580800 -0.246766
0.153942 0.623594 -0.685169
0.631386 0.581831 -0.335749
0.177655 0.623005 -0.749934
0.617254 0.568815 -0.242165
0.189636 0.610205 -0.643343
0.492137 0.573803 0.092323
0.334759 0.580221 -0.092939
0.480818 0.715917 0.567079
0.330803 0.742272 0.035376
0.477196 0.836156 1.137106
0.338082 0.876449 0.422357
0.449611 0.855477 1.177525
0.344512 0.883942 0.451880
0.587592 0.875926 1.013028
0.370998 0.951625 0.212984
0.440120 0.198719 -0.655208
0.438306 0.181228 -0.606220
0.446882 0.180847 -0.607365
0.456639 0.180787 -0.607292
0.407668 0.182225 -0.643436
0.397235 0.182958 -0.644361
0.381597 0.184801 -0.644863
0.438420 0.190440 -0.336088
0.346469 0.199710 -0.504797
0.451780 0.216906 -0.546727
0.418170 0.218288 -0.601197
0.526175 0.301296 -0.142686
0.251207 0.320009 -0.431123
0.596535 0.424066 -0.000429
0.193752 0.460422 -0.511072
0.678314 0.536457 -0.194326
0.142931 0.588105 -0.708339
0.698397 0.571654 -0.237578
0.125715 0.630637 -0.789016
0.694649 0.574410 -0.299062
0.146202 0.633480 -0.856816
0.681063 0.564342 -0.215390
0.161634 0.618456 -0.743370
0.486257 0.574226 0.099310
0.329068 0.579493 -0.099915
0.480832 0.715976 0.614694
0.330816 0.742280 0.042274
0.476854 0.836050 1.203905
0.338204 0.876806 0.456842
0.449516 0.855289 1.245623
0.344523 0.884404 0.488160
0.587084 0.875577 1.075062
0.371189 0.952075 0.239402
0.440772 0.198590 -0.699658
0.439172 0.181123 -0.643778
0.448000 0.180746 -0.644910
0.457758 0.180692 -0.644820
0.408275 0.182144 -0.679748
0.397673 0.182882 -0.680638
0.382154 0.184636 -0.681120
0.439077 0.190361 -0.345298
0.346713 0.199574 -0.509577
0.452524 0.216763 -0.581806
0.418636 0.218238 -0.634877
0.528391 0.300813 -0.141746
0.251861 0.320016 -0.435016
0.620002 0.417122 -0.024469
0.188221 0.459028 -0.580785
0.722956 0.520121 -0.240190
0.116036 0.579994 -0.879319
0.752756 0.553901 -0.280738
0.101503 0.626068 -0.979463
0.753128 0.557784 -0.382179
0.114938 0.632214 -1.049486
0.735175 0.548027 -0.283489
0.129698 0.618146 -0.918731
0.483600 0.574261 0.108714
0.323866 0.578192 -0.109296
0.480680 0.715860 0.631547
0.330575 0.742048 0.010797
0.476405 0.835692 1.272683
0.338664 0.876752 0.450243
0.449081 0.855117 1.318468
0.345242 0.884191 0.480977
0.587072 0.875327 1.134196
0.371190 0.952126 0.215528
0.442471 0.198598 -0.715313
0.440900 0.181135 -0.657146
0.449978 0.180761 -0.658259
0.459506 0.180709 -0.658174
0.410587 0.182164 -0.690964
0.399817 0.182909 -0.691828
0.384725 0.184654 -0.692273
0.439412 0.190464 -0.350303
0.347784 0.199671 -0.505765
0.454122 0.216779 -0.595566
0.420520 0.218258 -0.645843
0.530196 0.300322 -0.153540
0.252406 0.320021 -0.427143
0.638746 0.408521 -0.106282
0.184041 0.453568 -0.579157
0.764919 0.502716 -0.383572
0.092663 0.570425 -0.885532
0.807287 0.535765 -0.432687
0.071010 0.618548 -0.982718
0.809293 0.539230 -0.537425
0.081847 0.625766 -1.060207
0.787702 0.530926 -0.431766
0.099392 0.612289 -0.928890
0.480997 0.573265 0.111765
0.317468 0.576529 -0.112337
0.480700 0.715172 0.607870
0.330347 0.741553 -0.064298
0.476052 0.835485 1.237024
0.339300 0.876731 0.349260
0.448498 0.855110 1.281116
0.345687 0.884185 0.377586
0.587053 0.874840 1.094081
0.371445 0.952013 0.095475
0.442476 0.201227 -0.747970
0.440921 0.184428 -0.687653
0.449914 0.183788 -0.688730
0.459052 0.183323 -0.688613
0.410863 0.186192 -0.717956
0.400006 0.187302 -0.718811
0.384752 0.188725 -0.719247
0.439636 0.193042 -0.369301
0.348324 0.202275 -0.509665
0.454054 0.219441 -0.624830
0.420610 0.221233 -0.670481
0.532916 0.300424 -0.170978
0.255398 0.320042 -0.434027
0.667323 0.403673 -0.194578
0.180341 0.449729 -0.625607
0.814649 0.490191 -0.534289
0.083614 0.566165 -0.968802
0.861646 0.521037 -0.595742
0.057666 0.614981 -1.074153
0.861495 0.525153 -0.698811
0.073580 0.621438 -1.149375
0.837777 0.517920 -0.584574
0.093307 0.608665 -1.012867
0.475485 0.572370 0.112324
0.312573 0.575679 -0.112928
0.480678 0.714969 0.591833
0.331922 0.740427 -0.044022
0.475884 0.835569 1.191941
0.340378 0.875285 0.370071
0.447601 0.855188 1.234342
0.346524 0.882898 0.399504
0.586992 0.874841 1.032235
0.371447 0.950358 0.117474
0.442941 0.210506 -0.849611
0.441112 0.192906 -0.784404
0.449954 0.192403 -0.785497
0.459048 0.191840 -0.785371
0.411210 0.194100 -0.818752
0.400007 0.194725 -0.819594
0.384778 0.195926 -0.820072
0.442641 0.200952 -0.437891
0.348939 0.208883 -0.595871
0.454620 0.229297 -0.716555
0.421090 0.231120 -0.767682
0.535900 0.308626 -0.207100
0.258227 0.326641 -0.533159
0.697595 0.403857 -0.231973
0.178899 0.450048 -0.833131
0.867781 0.487620 -0.577490
0.083714 0.561387 -1.290596
0.912449 0.514488 -0.640836
0.056111 0.609669 -1.426247
0.910838 0.517696 -0.752286
0.071848 0.615995 -1.494064
0.886222 0.511528 -0.632530
0.092521 0.603836 -1.336190
0.469029 0.572416 0.124826
0.310059 0.576027 -0.125399
0.483531 0.712946 0.688510
0.338508 0.738606 -0.034211
0.475917 0.835578 1.320202
0.340522 0.874798 0.449504
0.447351 0.855295 1.361055
0.346354 0.882605 0.480840
0.586612 0.874819 1.099139
0.372596 0.949595 0.142570
0.443814 0.228520 -1.035777
0.441339 0.210697 -0.966816
0.450045 0.210140 -0.967869
0.459046 0.209454 -0.967728
0.411804 0.211840 -1.002668
0.400026 0.212653 -1.003484
0.385436 0.214135 -1.004012
0.444630 0.217398 -0.585300
0.351607 0.227293 -0.749649
0.455711 0.245831 -0.888891
0.422131 0.249593 -0.941729
0.537492 0.320050 -0.312747
0.263236 0.339174 -0.679282
0.717498 0.404272 -0.440845
0.180124 0.451547 -1.094173
0.903963 0.478374 -0.912025
0.096806 0.551682 -1.697225
0.961487 0.502943 -1.000717
0.067524 0.602133 -1.871296
0.954210 0.505968 -1.111793
0.089606 0.607520 -1.927797
0.925687 0.499242 -0.971141
0.110742 0.595008 -1.742062
0.463775 0.573269 0.132463
0.302827 0.577715 -0.132947
0.488156 0.713026 0.679235
0.342879 0.738489 -0.083517
0.477133 0.835563 1.393815
0.342114 0.874504 0.419996
0.447439 0.855249 1.442649
0.346631 0.882131 0.452097
0.586795 0.874930 1.160344
0.375584 0.948454 0.062801
0.445588 0.251088 -1.030511
0.442558 0.234112 -0.969417
0.450866 0.233609 -0.970429
0.459290 0.232892 -0.970295
0.415184 0.235070 -1.003902
0.402979 0.235363 -1.004764
0.389527 0.236509 -1.005326
0.447598 0.239163 -0.612268
0.355442 0.247490 -0.771415
0.456825 0.267423 -0.890587
0.424847 0.270598 -0.941720
0.538606 0.333177 -0.323609
0.274494 0.353664 -0.701415
0.730183 0.404449 -0.361907
0.180846 0.460162 -1.106610
0.926948 0.466979 -0.691617
0.108161 0.551588 -1.707739
0.985628 0.486639 -0.747722
0.069727 0.599855 -1.876244
0.984718 0.489261 -0.859042
0.107113 0.600204 -1.923268
0.956791 0.486531 -0.746128
0.128941 0.586500 -1.747749
0.459697 0.576938 0.133726
0.298166 0.583358 -0.134177
0.493531 0.716031 0.653361
0.347133 0.742086 -0.216121
0.477131 0.836408 1.356392
0.342519 0.877008 0.253190
0.446315 0.856488 1.405522
0.346702 0.883796 0.284487
0.587256 0.875322 1.148783
0.375719 0.948147 -0.078712
0.449415 0.279912 -0.936239
0.446434 0.260210 -0.875619
0.454727 0.259507 -0.876599
0.462490 0.258909 -0.876509
0.418874 0.262089 -0.907606
0.405321 0.263416 -0.908394
0.393474 0.265295 -0.908870
0.451414 0.266866 -0.535811
0.362475 0.278105 -0.684965
0.462270 0.297741 -0.803363
0.428606 0.300014 -0.851474
0.536825 0.351080 -0.283502
0.284504 0.372468 -0.611253
0.729240 0.405077 -0.289532
0.184452 0.480100 -1.026579
0.946182 0.455703 -0.568160
0.146781 0.553145 -1.651394
1.008430 0.471000 -0.625514
0.126555 0.596021 -1.809296
1.007332 0.475133 -0.729889
0.165647 0.589346 -1.849777
0.980885 0.474639 -0.617427
0.180094 0.578754 -1.689254
0.455152 0.587427 0.131158
0.297050 0.598212 -0.131609
0.510396 0.717091 0.437619
0.349090 0.747317 -0.499372
0.479245 0.836580 1.159606
0.345119 0.877069 0.008894
0.447036 0.856815 1.213094
0.346826 0.883977 0.047660
0.591816 0.875821 0.964618
0.376375 0.947328 -0.286512
0.451973 0.303860 -0.886183
0.448300 0.285062 -0.827129
0.456574 0.284164 -0.828148
0.463955 0.282880 -0.828053
0.422705 0.286817 -0.860343
0.409212 0.287473 -0.861205
0.397918 0.288937 -0.861715
0.453864 0.290645 -0.503621
0.367329 0.300287 -0.650952
0.464332 0.320248 -0.758178
0.431969 0.321745 -0.806540
0.534030 0.368932 -0.271026
0.289694 0.391178 -0.581880
0.728153 0.408682 -0.274749
0.207744 0.483167 -1.027768
0.948528 0.450008 -0.564674
0.195234 0.541118 -1.637408
1.004178 0.465918 -0.569199
0.187744 0.582421 -1.788221
1.006006 0.468429 -0.657424
0.230223 0.567317 -1.814441
0.980184 0.466529 -0.600758
0.241811 0.557569 -1.669257
0.442068 0.594431 0.129624
0.290248 0.606187 -0.130124
0.524794 0.719437 0.184871
0.350112 0.750980 -0.520116
0.483610 0.837856 0.764115
0.347481 0.876799 -0.011300
0.451179 0.858966 0.804477
0.347318 0.883765 0.029666
0.596136 0.876357 0.568404
0.375998 0.945619 -0.260336
0.457549 0.329211 -0.806361
0.452648 0.309382 -0.760855
0.460220 0.308367 -0.761732
0.466583 0.307439 -0.761771
0.428266 0.311502 -0.786748
0.414826 0.312350 -0.787409
0.402784 0.313381 -0.787787
0.455321 0.315924 -0.490929
0.373046 0.323346 -0.649624
0.468045 0.344796 -0.712536
0.436812 0.345851 -0.750219
0.530924 0.392319 -0.305957
0.289829 0.410534 -0.584934
0.720335 0.419350 -0.338026
0.242131 0.501358 -1.011641
0.937081 0.447868 -0.538424
0.263834 0.533872 -1.532713
1.001599 0.460555 -0.559632
0.250495 0.564822 -1.664577
1.001373 0.462593 -0.654322
0.289730 0.550714 -1.686110
0.973059 0.462000 -0.577128
0.299390 0.543732 -1.561512
0.431227 0.603525 0.128451
0.281196 0.615212 -0.128801
0.530963 0.720763 0.132550
0.354449 0.755384 -0.493653
0.492579 0.838482 0.583321
0.347273 0.876782 -0.061022
0.456805 0.860124 0.614491
0.345300 0.883909 -0.023916
0.602138 0.877244 0.436148
0.375935 0.944818 -0.248204
0.463374 0.352842 -0.737390
0.460446 0.332614 -0.701362
0.466803 0.331408 -0.702247
0.472700 0.330389 -0.702357
0.434089 0.334532 -0.725082
0.421627 0.335350 -0.725743
0.409120 0.335775 -0.726117
0.459124 0.337822 -0.483363
0.378050 0.344684 -0.611657
0.472298 0.368088 -0.653660
0.441022 0.370322 -0.689062
0.526016 0.409478 -0.325272
0.289423 0.432851 -0.581552
0.714097 0.432901 -0.387310
0.331677 0.533677 -0.992218
0.934754 0.451140 -0.568340
0.318478 0.537283 -1.462248
0.998668 0.463393 -0.587002
0.319655 0.552849 -1.585289
0.999271 0.466385 -0.665117
0.338869 0.537216 -1.610425
0.972465 0.466651 -0.604154
0.342259 0.533488 -1.492169
0.424265 0.617884 0.127647
0.278889 0.628847 -0.127893
0.541373 0.725034 0.151778
0.354539 0.763133 -0.399779
0.496650 0.838857 0.596561
0.346150 0.876926 0.000434
0.459997 0.860159 0.630114
0.342363 0.885163 0.035624
0.602034 0.877411 0.478808
0.375776 0.944273 -0.171787
0.466003 0.372693 -0.675058
0.463659 0.352099 -0.644900
0.469680 0.350726 -0.645818
0.475651 0.349627 -0.645965
0.436779 0.354485 -0.667862
0.425192 0.355192 -0.668475
0.412534 0.355646 -0.668761
0.460730 0.356782 -0.454160
0.380719 0.363964 -0.556067
0.475575 0.388111 -0.593570
0.443994 0.389575 -0.628056
0.520925 0.424474 -0.308705
0.292127 0.451250 -0.548988
0.711118 0.447745 -0.363520
0.378466 0.544195 -0.900495
0.919390 0.456610 -0.561275
0.400576 0.535893 -1.203784
0.978574 0.469671 -0.584117
0.417565 0.543846 -1.293554
0.975554 0.473702 -0.658631
0.413476 0.526561 -1.310001
0.950754 0.473728 -0.595203
0.415431 0.525547 -1.227547
0.414132 0.628948 0.126786
0.273989 0.639038 -0.127047
0.553075 0.730695 0.048979
0.355325 0.769921 -0.376612
0.500461 0.839013 0.442321
0.345162 0.877534 -0.019870
0.462058 0.860186 0.473252
0.339065 0.886444 0.012930
0.601042 0.877426 0.338428
0.375893 0.943802 -0.166292
0.467814 0.390709 -0.712427
0.465872 0.371626 -0.677183
0.472200 0.370407 -0.678092
0.478766 0.369417 -0.678178
0.438665 0.373205 -0.701126
0.427448 0.373826 -0.701747
0.414165 0.375360 -0.702017
0.464142 0.376370 -0.458196
0.384165 0.384644 -0.561862
0.478617 0.405947 -0.620016
0.446715 0.407301 -0.655274
0.521377 0.441404 -0.296231
0.300378 0.470323 -0.544138
0.695197 0.466238 -0.350415
0.445740 0.558982 -0.774688
0.913865 0.468612 -0.625661
0.483609 0.532076 -0.955011
0.968808 0.472809 -0.659158
0.500945 0.524808 -1.029568
0.965784 0.476106 -0.724096
0.479544 0.506181 -1.047135
0.940122 0.483498 -0.658501
0.475680 0.509169 -0.974562
0.411110 0.638748 0.129052
0.274231 0.648442 -0.129276
0.564561 0.737262 -0.001708
0.355726 0.773528 -0.462774
0.500027 0.840800 0.425356
0.345233 0.877886 -0.064864
0.461991 0.860165 0.460325
0.338532 0.885709 -0.025829
0.600690 0.878329 0.335322
0.376070 0.942962 -0.184752
0.467176 0.407821 -0.651072
0.465229 0.387785 -0.618666
0.472113 0.386493 -0.619487
0.478432 0.385444 -0.619576
0.438450 0.389727 -0.636002
0.426622 0.390482 -0.636534
0.413546 0.391931 -0.636719
0.465960 0.391881 -0.412089
0.384519 0.401753 -0.486224
0.477970 0.423046 -0.565927
0.446079 0.423321 -0.592438
0.521755 0.458963 -0.295383
0.307267 0.478535 -0.488476
0.683111 0.481090 -0.427635
0.398656 0.538404 -0.797279
0.885820 0.489491 -0.762546
0.475008 0.544299 -1.100156
0.951700 0.492869 -0.820430
0.506328 0.534348 -1.200283
0.942157 0.498636 -0.877110
0.512048 0.526345 -1.214839
0.917998 0.504818 -0.793460
0.503420 0.531665 -1.121188
0.411891 0.647247 0.121400
0.272832 0.655842 -0.121518
0.569182 0.740696 -0.062735
0.355646 0.777809 -0.572085
0.499987 0.841684 0.315923
0.346850 0.879014 -0.204016
0.460506 0.859833 0.345894
0.341640 0.884995 -0.166355
0.601274 0.878623 0.239026
0.376068 0.942281 -0.294162
0.466654 0.422551 -0.645040
0.464726 0.402159 -0.619216
0.472382 0.400676 -0.619941
0.479059 0.399618 -0.620002
0.437843 0.405423 -0.634276
0.426022 0.406213 -0.634798
0.413488 0.407402 -0.634948
0.469298 0.405035 -0.423026
0.386650 0.417065 -0.497348
0.477865 0.436359 -0.567638
0.445689 0.437082 -0.591025
0.523995 0.470940 -0.325820
0.311274 0.485392 -0.502504
0.669299 0.492308 -0.578180
0.389167 0.532112 -0.845332
0.860568 0.508682 -0.957065
0.509045 0.555563 -1.152725
0.923761 0.515583 -1.034310
0.541731 0.562738 -1.247858
0.914481 0.521735 -1.082663
0.559003 0.554027 -1.296366
0.889629 0.525523 -0.986492
0.549594 0.553022 -1.188700
0.412357 0.656135 0.107745
0.271614 0.663955 -0.107799
0.580327 0.741937 -0.177278
0.356894 0.780546 -0.648689
0.499653 0.841655 0.211510
0.349007 0.879010 -0.271611
0.456699 0.857967 0.244181
0.341553 0.883700 -0.231410
0.600952 0.878932 0.151684
0.376228 0.940666 -0.348224
0.466459 0.432846 -0.562861
0.464317 0.411927 -0.539564
0.471998 0.410957 -0.540230
0.478744 0.410054 -0.540288
0.437527 0.414086 -0.556004
0.425990 0.415734 -0.556502
0.414080 0.417392 -0.556636
0.469455 0.415271 -0.376192
0.388103 0.427696 -0.446133
0.478106 0.446635 -0.494749
0.446253 0.448369 -0.519182
0.524797 0.479740 -0.293509
0.311042 0.490422 -0.494739
0.663003 0.504556 -0.519576
0.387035 0.534479 -0.821742
0.838367 0.523090 -0.894122
0.545090 0.560241 -1.088134
0.896937 0.534261 -0.968603
0.590053 0.574706 -1.192074
0.885544 0.538746 -1.012305
0.607627 0.567618 -1.188075
0.860556 0.541132 -0.921424
0.594199 0.563645 -1.099235
0.408156 0.663183 0.107195
0.266711 0.673666 -0.107295
0.579292 0.743665 -0.201308
0.359931 0.780251 -0.613888
0.499282 0.841615 0.168182
0.349861 0.879725 -0.252834
0.453750 0.857455 0.199474
0.338588 0.883657 -0.213934
0.597258 0.878930 0.104924
0.376893 0.940705 -0.332599
0.466236 0.443421 -0.543307
0.464018 0.422788 -0.519211
0.471742 0.421706 -0.519862
0.478496 0.420630 -0.519907
0.437351 0.424904 -0.536309
0.425945 0.426641 -0.536807
0.414292 0.428335 -0.536941
0.469783 0.424911 -0.355844
0.388124 0.438037 -0.427392
0.478233 0.457164 -0.474793
0.446971 0.458813 -0.499862
0.525211 0.487166 -0.253946
0.311245 0.497155 -0.487868
0.653743 0.515606 -0.490304
0.399722 0.542782 -0.775790
0.820426 0.535260 -0.883292
0.571998 0.569671 -0.994352
0.875197 0.548966 -0.960149
0.614749 0.587048 -1.094452
0.866114 0.552114 -1.003883
0.635745 0.579498 -1.086718
0.840121 0.551689 -0.910939
0.623522 0.572903 -1.001961
0.408523 0.667888 0.107778
0.267758 0.679882 -0.107900
0.578780 0.744826 -0.201862
0.369970 0.785206 -0.578226
0.498574 0.842104 0.148939
0.352076 0.882240 -0.214310
0.449960 0.857989 0.178968
0.338681 0.885281 -0.174643
0.593665 0.879854 0.099262
0.377719 0.940732 -0.281224
0.467380 0.448494 -0.505031
0.464519 0.429291 -0.479191
0.472111 0.427687 -0.479823
0.478878 0.426371 -0.479883
0.438341 0.431001 -0.498883
0.427126 0.431948 -0.499378
0.415477 0.433777 -0.499525
0.470681 0.431261 -0.315528
0.388980 0.443038 -0.397451
0.479205 0.461166 -0.436904
0.449505 0.464058 -0.464971
0.527090 0.494156 -0.211401
0.312210 0.505695 -0.467542
0.653980 0.525974 -0.460959
0.402868 0.550940 -0.742693
0.807931 0.543882 -0.854105
0.583895 0.576356 -0.951290
0.863670 0.560010 -0.930111
0.631579 0.595176 -1.050727
0.852649 0.562069 -0.971189
0.659885 0.586626 -1.041733
0.825261 0.559397 -0.880674
0.643830 0.578934 -0.957924
0.408242 0.675248 0.108376
0.268389 0.687291 -0.108517
0.578345 0.746261 -0.213313
0.380450 0.789922 -0.591597
0.498353 0.842328 0.159102
0.352078 0.884942 -0.198202
0.448454 0.858495 0.192137
0.336514 0.886767 -0.154395
0.590248 0.881444 0.122879
0.377220 0.940197 -0.262966
0.467675 0.452263 -0.560590
0.464825 0.432263 -0.534263
0.472409 0.430963 -0.534923
0.479286 0.430067 -0.534971
0.438457 0.434804 -0.554539
0.427317 0.435818 -0.555043
0.416127 0.437233 -0.555196
0.472581 0.433519 -0.352814
0.389140 0.445498 -0.440965
0.480355 0.465082 -0.487207
0.450039 0.468193 -0.516322
0.528260 0.496110 -0.218767
0.313541 0.509904 -0.485812
0.648480 0.530461 -0.497755
0.416318 0.555234 -0.772114
0.798332 0.549964 -0.914808
0.591677 0.581735 -0.989920
0.856151 0.565802 -0.997472
0.634891 0.603348 -1.093507
0.845012 0.569924 -1.041736
0.661747 0.594905 -1.089047
0.815536 0.567447 -0.943075
0.652636 0.586627 -0.999137
0.409641 0.675794 0.108745
0.269084 0.688190 -0.108905
0.577754 0.748064 -0.201341
0.385226 0.790300 -0.576340
0.498385 0.841906 0.183066
0.352050 0.885809 -0.162937
0.448494 0.858477 0.217419
0.336549 0.887418 -0.119071
0.589634 0.881293 0.151861
0.377231 0.939677 -0.194545
0.467546 0.452995 -0.572589
0.464852 0.433412 -0.546829
0.472548 0.431995 -0.547483
0.479489 0.430828 -0.547524
0.438347 0.435919 -0.566232
0.427166 0.437204 -0.566730
0.415903 0.438440 -0.566879
0.475236 0.433076 -0.365560
0.388774 0.445329 -0.449628
0.481033 0.466375 -0.498064
0.449877 0.469039 -0.525915
0.530700 0.495356 -0.230983
0.314769 0.508666 -0.490040
0.648961 0.534635 -0.500670
0.414627 0.557688 -0.769290
0.795225 0.552774 -0.922801
0.591307 0.584811 -0.972642
0.852706 0.570372 -1.006485
0.635491 0.606667 -1.074119
0.840840 0.574270 -1.050175
0.662213 0.597576 -1.070812
0.810237 0.570488 -0.950933
0.653732 0.589293 -0.981984
0.410519 0.677708 0.109175
0.269519 0.689414 -0.109305
0.579654 0.749289 -0.202339
0.387606 0.790550 -0.582987
0.498280 0.841883 0.173019
0.352022 0.886203 -0.170457
0.448250 0.858476 0.206315
0.336554 0.887569 -0.124613
0.591247 0.881221 0.138420
0.377254 0.939516 -0.198614
0.467470 0.451626 -0.573293
0.464772 0.432251 -0.547336
0.472698 0.430457 -0.547985
0.479542 0.428826 -0.548023
0.438014 0.434632 -0.566561
0.426924 0.436217 -0.567057
0.415751 0.437794 -0.567205
0.476793 0.431775 -0.368890
0.388522 0.444484 -0.450673
0.481650 0.464979 -0.499301
0.449500 0.468044 -0.526910
0.532336 0.494844 -0.237089
0.314372 0.508424 -0.491659
0.649596 0.533996 -0.503293
0.420149 0.558645 -0.773186
0.793571 0.552576 -0.922559
0.595719 0.587620 -0.981390
0.852470 0.571332 -1.006249
0.637691 0.610018 -1.085580
0.838312 0.575254 -1.051175
0.664404 0.600228 -1.082482
0.807067 0.570486 -0.951208
0.656621 0.592015 -0.991408
0.410982 0.677358 0.109637
0.269936 0.689550 -0.109740
0.580707 0.750957 -0.156086
0.388759 0.791839 -0.562442
0.498190 0.842080 0.226732
0.351920 0.888057 -0.152511
0.448221 0.858792 0.260403
0.335971 0.889323 -0.097515
0.594870 0.881189 0.191005
0.377127 0.939566 -0.151766
0.467224 0.448700 -0.557589
0.464572 0.428276 -0.530350
0.472642 0.426306 -0.530995
0.479482 0.425013 -0.531028
0.436571 0.432176 -0.548550
0.425736 0.433514 -0.549038
0.414444 0.435453 -0.549175
0.476900 0.428508 -0.353034
0.388424 0.442907 -0.429080
0.481849 0.461222 -0.484228
0.446796 0.465141 -0.510578
0.533607 0.493196 -0.233493
0.314003 0.509064 -0.488035
0.650633 0.530328 -0.490919
0.413230 0.556262 -0.771642
0.795796 0.552823 -0.907262
0.585420 0.586199 -0.999066
0.855175 0.570518 -0.990944
0.629280 0.608514 -1.106210
0.840008 0.573514 -1.037344
0.653811 0.598374 -1.104664
0.807809 0.569550 -0.936580
0.645703 0.590620 -1.010438
0.408832 0.676531 0.111075
0.268584 0.689522 -0.111167
0.579553 0.751415 -0.155019
0.392052 0.790657 -0.563574
0.498222 0.842570 0.222281
0.351882 0.888304 -0.150984
0.448389 0.859214 0.254810
0.335610 0.889404 -0.092057
0.596093 0.880936 0.179101
0.377151 0.939599 -0.156198
0.467185 0.444833 -0.524186
0.464536 0.424679 -0.496780
0.472597 0.423304 -0.497422
0.479438 0.422442 -0.497460
0.436044 0.429302 -0.514509
0.425481 0.430510 -0.514997
0.413991 0.432231 -0.515124
0.476938 0.425908 -0.324367
0.388328 0.440616 -0.398817
0.481994 0.457326 -0.453342
0.445904 0.460979 -0.479282
0.535616 0.490508 -0.221216
0.313623 0.503972 -0.468285
0.650763 0.525286 -0.483215
0.408990 0.553413 -0.758812
0.801516 0.549298 -0.891452
0.577426 0.584589 -0.992383
0.860171 0.566512 -0.973143
0.621168 0.606931 -1.098928
0.845713 0.570207 -1.019397
0.646288 0.596578 -1.098421
0.813109 0.566587 -0.920698
0.637042 0.589159 -1.004495
0.408012 0.675970 0.111200
0.267587 0.687577 -0.111301
0.579133 0.751003 -0.148612
0.392802 0.789584 -0.576137
0.498427 0.842780 0.209052
0.351755 0.888139 -0.160871
0.449451 0.859212 0.239213
0.334429 0.889311 -0.110916
0.596433 0.880491 0.162278
0.377047 0.939639 -0.169700
0.466922 0.439969 -0.478651
0.463748 0.420463 -0.450619
0.471772 0.419210 -0.451275
0.478753 0.418185 -0.451331
0.435544 0.424257 -0.469140
0.425093 0.425978 -0.469638
0.413485 0.427488 -0.469757
0.476867 0.422019 -0.283769
0.388235 0.435472 -0.362260
0.481675 0.452597 -0.410870
0.445382 0.456214 -0.437987
0.535366 0.486205 -0.191386
0.313340 0.500458 -0.443687
0.651795 0.521916 -0.457148
0.388158 0.550230 -0.754454
0.803182 0.548698 -0.879028
0.562457 0.582872 -1.002990
0.862410 0.562199 -0.968116
0.604285 0.605641 -1.109188
0.849220 0.565672 -1.003889
0.626823 0.596073 -1.107736
0.813947 0.562668 -0.907200
0.617805 0.588701 -1.015055
0.406010 0.673246 0.111339
0.265981 0.685009 -0.111443
0.578900 0.750996 -0.141988
0.391473 0.788792 -0.550423
0.499799 0.843756 0.211737
0.351779 0.888461 -0.156739
0.451518 0.859416 0.241080
0.334788 0.890037 -0.106855
0.597304 0.880412 0.160755
0.377519 0.939673 -0.175178
0.465833 0.437911 -0.484887
0.463143 0.418477 -0.456232
0.470989 0.417501 -0.456896
0.478086 0.416326 -0.456955
0.435284 0.421521 -0.475719
0.424964 0.423231 -0.476230
0.412988 0.424628 -0.476366
0.475191 0.419841 -0.281210
0.387057 0.435278 -0.364516
0.480096 0.451229 -0.413572
0.444935 0.454726 -0.442047
0.534445 0.483707 -0.179227
0.311685 0.500339 -0.431912
0.654486 0.511937 -0.411477
0.372765 0.542873 -0.752205
0.819363 0.537960 -0.793792
0.541022 0.582207 -1.015850
0.876452 0.549123 -0.868815
0.590973 0.603987 -1.125621
0.868804 0.555814 -0.913873
0.604401 0.592047 -1.125783
0.839345 0.556363 -0.822541
0.586160 0.584982 -1.028917
0.405406 0.672688 0.110958
0.265968 0.683743 -0.111090
0.578560 0.750548 -0.199009
0.390298 0.781844 -0.590089
0.499990 0.845081 0.155474
0.352526 0.887984 -0.163987
0.451611 0.859963 0.184098
0.336538 0.889772 -0.116372
0.597299 0.880558 0.079882
0.379145 0.939775 -0.208408
0.465031 0.418787 -0.416320
0.463000 0.399098 -0.386693
0.470772 0.398036 -0.387361
0.477753 0.397200 -0.387439
0.435040 0.404023 -0.403552
0.423924 0.405566 -0.404091
0.412141 0.406674 -0.404256
0.474075 0.401704 -0.213872
0.385630 0.415991 -0.287267
0.479142 0.431607 -0.347045
0.443422 0.434752 -0.372523
0.533768 0.471033 -0.120878
0.310784 0.486641 -0.344060
0.658824 0.496272 -0.279849
0.368470 0.530436 -0.690707
0.845732 0.515846 -0.580372
0.480808 0.571958 -1.020852
0.908066 0.525090 -0.638158
0.517256 0.593861 -1.129520
0.906508 0.531680 -0.690334
0.537239 0.583250 -1.126256
0.877648 0.533729 -0.609637
0.527007 0.578491 -1.031570
0.405688 0.661887 0.103940
0.267095 0.672923 -0.104164
0.578363 0.749654 -0.175970
0.389507 0.777234 -0.553145
0.500456 0.845216 0.198058
0.353110 0.886373 -0.099996
0.452802 0.860097 0.227808
0.338326 0.888523 -0.051884
0.598176 0.880540 0.126225
0.379725 0.940126 -0.147265
0.464990 0.402133 -0.632080
0.462861 0.384551 -0.600167
0.470276 0.383016 -0.600938
0.476988 0.381709 -0.601016
0.435658 0.387333 -0.623778
0.424068 0.389120 -0.624364
0.412093 0.391458 -0.624530
0.470591 0.387453 -0.386242
0.383291 0.401192 -0.488266
0.479023 0.416405 -0.542894
0.443997 0.419060 -0.576670
0.526687 0.457727 -0.199634
0.313341 0.484776 -0.487890
0.666393 0.479448 -0.281969
0.450316 0.566723 -0.763057
0.861921 0.494520 -0.502040
0.529005 0.516172 -1.019884
0.924605 0.502222 -0.524450
0.518541 0.491575 -1.111903
0.923203 0.506958 -0.578864
0.541108 0.486716 -1.121073
0.896819 0.509719 -0.530066
0.533913 0.491459 -1.035112
0.405284 0.651589 0.114453
0.274340 0.665114 -0.114617
0.578069 0.748849 -0.032996
0.389435 0.776472 -0.419510
0.502298 0.844814 0.384472
0.353111 0.885990 0.050832
0.455816 0.859996 0.421457
0.338101 0.888507 0.100329
0.599227 0.880333 0.356571
0.379718 0.940047 0.019903
0.464126 0.385788 -0.600296
0.460035 0.366823 -0.570800
0.466497 0.366061 -0.571913
0.472540 0.365152 -0.572256
0.434023 0.368938 -0.609832
0.422310 0.369777 -0.610581
0.410448 0.370748 -0.610962
0.465145 0.370624 -0.346867
0.381926 0.379929 -0.472768
0.475790 0.401674 -0.502224
0.443332 0.403231 -0.549911
0.524243 0.442325 -0.183377
0.309282 0.466262 -0.444482
0.675205 0.461705 -0.222680
0.407389 0.558159 -0.760123
0.879168 0.469540 -0.433302
0.434885 0.536153 -1.063719
0.936687 0.475160 -0.466084
0.438891 0.531533 -1.151051
0.938972 0.480471 -0.527555
0.437634 0.527113 -1.173445
0.917249 0.484859 -0.464604
0.442760 0.526759 -1.088056
0.405757 0.641063 0.116629
0.276752 0.649805 -0.116791
0.570139 0.746597 -0.040560
0.388470 0.772176 -0.430500
0.502632 0.844833 0.329913
0.353097 0.884119 -0.010646
0.458604 0.860144 0.363757
0.340864 0.887733 0.032684
0.599899 0.880323 0.330788
0.377785 0.940039 -0.073460
0.458845 0.363543 -0.641756
0.456907 0.346163 -0.605858
0.463969 0.345273 -0.606703
0.470431 0.344591 -0.606818
0.429437 0.347449 -0.634137
0.417516 0.348094 -0.634815
0.405676 0.349642 -0.635116
0.462615 0.351248 -0.372685
0.376982 0.361026 -0.493481
0.471475 0.380254 -0.545909
0.434764 0.382377 -0.586155
0.520406 0.425410 -0.188131
0.299958 0.442479 -0.477840
0.689460 0.444353 -0.179449
0.316380 0.531551 -0.851505
0.908108 0.452918 -0.320724
0.331827 0.543264 -1.286276
0.961389 0.456593 -0.337292
0.333230 0.549292 -1.397614
0.967306 0.460368 -0.409656
0.343677 0.537089 -1.421152
0.946905 0.464227 -0.355011
0.345042 0.532862 -1.314386
0.408842 0.628454 0.121187
0.279363 0.636362 -0.121359
0.560336 0.743382 0.074680
0.387396 0.769782 -0.409264
0.502934 0.844727 0.463424
0.353016 0.882583 0.011331
0.459946 0.860168 0.492514
0.342003 0.887189 0.052386
0.599947 0.880322 0.378790
0.377787 0.939983 -0.080391
0.453633 0.343923 -0.709768
0.451831 0.325674 -0.671136
0.458793 0.324591 -0.671931
0.465360 0.323808 -0.672011
0.424759 0.327861 -0.698401
0.413047 0.328589 -0.699083
0.401483 0.329736 -0.699422
0.459137 0.329802 -0.431753
0.373182 0.340871 -0.553178
0.466337 0.360178 -0.612666
0.431359 0.364088 -0.652154
0.518529 0.407598 -0.232707
0.289257 0.432000 -0.521970
0.705374 0.425543 -0.209638
0.249817 0.529905 -0.892060
0.935638 0.436591 -0.322527
0.249505 0.534288 -1.339355
0.992541 0.440350 -0.331568
0.250596 0.547560 -1.447386
0.996637 0.443989 -0.402617
0.271063 0.528560 -1.469764
0.973613 0.447421 -0.355730
0.278517 0.522531 -1.366255
0.417157 0.616508 0.120853
0.286232 0.626422 -0.121027
0.549884 0.738862 0.098105
0.384598 0.763871 -0.428762
0.503013 0.844515 0.498202
0.353087 0.880255 0.022452
0.459936 0.860249 0.527937
0.344835 0.885464 0.066892
0.600690 0.880574 0.408164
0.377712 0.939991 -0.069914
0.451156 0.319540 -0.651526
0.446423 0.300576 -0.616116
0.453498 0.299932 -0.616885
0.460431 0.299227 -0.616962
0.421450 0.302827 -0.640454
0.409863 0.304722 -0.641090
0.398687 0.306608 -0.641371
0.454071 0.304977 -0.400581
0.370462 0.317472 -0.506600
0.463520 0.335596 -0.563012
0.429854 0.340099 -0.598683
0.517524 0.386336 -0.221417
0.282023 0.415697 -0.476592
0.710138 0.412746 -0.153602
0.184580 0.507712 -0.834191
0.941801 0.420563 -0.237668
0.189745 0.520248 -1.222395
1.002812 0.419805 -0.240436
0.183596 0.531003 -1.320939
1.007030 0.423591 -0.310743
0.199933 0.509304 -1.341131
0.980823 0.428575 -0.269780
0.206655 0.505220 -1.247180
0.423366 0.609113 0.115666
0.288489 0.615963 -0.115904
0.543133 0.737343 0.043450
0.380894 0.759231 -0.447460
0.502548 0.844522 0.439044
0.353895 0.877477 0.000062
0.460171 0.860391 0.467521
0.349299 0.883164 0.048203
0.600640 0.881041 0.334981
0.376772 0.939898 -0.145589
0.446911 0.294886 -0.631381
0.442298 0.277025 -0.598557
0.449243 0.276541 -0.599305
0.456879 0.275852 -0.599420
0.418621 0.279672 -0.620896
0.406539 0.282051 -0.621463
0.394875 0.284427 -0.621668
0.451719 0.281632 -0.353466
0.365953 0.295947 -0.476729
0.459917 0.311366 -0.545559
0.427298 0.315148 -0.579109
0.517752 0.367647 -0.177711
0.283647 0.386820 -0.443313
0.722838 0.399399 -0.147057
0.180331 0.466200 -0.831161
0.948487 0.418166 -0.238525
0.116614 0.504197 -1.329564
1.010230 0.422183 -0.240115
0.074145 0.529297 -1.439546
1.016439 0.424000 -0.317731
0.111050 0.514812 -1.472428
0.990625 0.426851 -0.274390
0.141874 0.509780 -1.362627
0.439796 0.604232 0.113472
0.296452 0.608025 -0.113779
0.535922 0.736733 0.188290
0.376943 0.757407 -0.456093
0.502190 0.844224 0.645811
0.355748 0.875323 -0.007796
0.460203 0.860008 0.678316
0.354210 0.880601 0.035479
0.600733 0.881207 0.522319
0.376854 0.940139 -0.155982
0.442644 0.274653 -0.623603
0.438653 0.256247 -0.593456
0.446504 0.255764 -0.594135
0.455095 0.255136 -0.594309
0.413356 0.258344 -0.611256
0.400776 0.260452 -0.611815
0.389159 0.263023 -0.612007
0.451563 0.260622 -0.315516
0.361536 0.273449 -0.462930
0.457251 0.291359 -0.539259
0.424614 0.295060 -0.570475
0.519968 0.349521 -0.150129
0.282319 0.367677 -0.444182
0.726281 0.388171 -0.132861
0.168736 0.443201 -0.869237
0.952444 0.411261 -0.216081
0.065376 0.496945 -1.392124
1.014038 0.417583 -0.213967
0.011259 0.527943 -1.508450
1.019723 0.421950 -0.300417
0.038757 0.523899 -1.543602
0.992680 0.423344 -0.256229
0.066971 0.518372 -1.426820
0.452469 0.597428 0.108036
0.301958 0.599079 -0.108454
0.526046 0.733591 0.349014
0.372598 0.752680 -0.383392
0.499939 0.844138 0.818460
0.357546 0.874379 0.041937
0.458517 0.859799 0.850287
0.362111 0.879708 0.078594
0.596419 0.881714 0.698164
0.376983 0.941214 -0.127376
0.436134 0.254678 -0.522111
0.431902 0.236232 -0.467556
0.439971 0.235780 -0.468380
0.448880 0.235286 -0.468411
0.406126 0.237198 -0.496523
0.393853 0.237995 -0.497346
0.382440 0.239891 -0.497874
0.445774 0.241028 -0.196133
0.354202 0.250170 -0.335529
0.451194 0.271752 -0.422424
0.418054 0.274392 -0.465675
0.520815 0.333525 -0.054146
0.276423 0.347932 -0.357721
0.727509 0.381480 -0.069439
0.158334 0.427392 -0.796720
0.943198 0.408607 -0.187346
0.026907 0.495920 -1.287115
1.006868 0.418363 -0.190171
-0.018886 0.527265 -1.396277
1.007925 0.422342 -0.277374
0.010196 0.527955 -1.427557
0.980032 0.423006 -0.229459
0.036954 0.522105 -1.318010
0.463565 0.590627 0.106570
0.307585 0.593710 -0.107103
0.520449 0.727068 0.481519
0.367499 0.746070 -0.132750
0.497569 0.843853 0.933130
0.357467 0.874356 0.254729
0.457273 0.859923 0.962129
0.361067 0.879981 0.284124
0.594127 0.881708 0.782534
0.377358 0.941214 0.055179
0.431131 0.235000 -0.533144
0.428137 0.217357 -0.496675
0.436934 0.216866 -0.497423
0.446382 0.216488 -0.497471
0.401221 0.218106 -0.513788
0.390408 0.218959 -0.514317
0.377736 0.220662 -0.514444
0.441440 0.222752 -0.221098
0.346363 0.232697 -0.373079
0.446222 0.251884 -0.450291
0.411489 0.254939 -0.482567
0.520960 0.317728 -0.050640
0.260935 0.335100 -0.380273
0.723737 0.376506 -0.044760
0.143443 0.422246 -0.801649
0.943792 0.419349 -0.189976
0.007446 0.496657 -1.298077
1.002094 0.430391 -0.200913
-0.029602 0.531270 -1.412337
1.007546 0.434819 -0.294164
-0.007829 0.530314 -1.454188
0.980046 0.435462 -0.235668
0.017393 0.523633 -1.335301
0.468452 0.581787 0.108123
0.309665 0.586460 -0.108762
0.515396 0.720042 0.553258
0.364467 0.740997 -0.008910
0.496919 0.842190 1.048133
0.352661 0.872928 0.449094
0.457438 0.859939 1.079369
0.360249 0.880139 0.482851
0.594158 0.881429 0.852660
0.377221 0.941204 0.215465
0.427097 0.217846 -0.603773
0.426661 0.200795 -0.543419
0.436654 0.200551 -0.544431
0.445411 0.200291 -0.544454
0.396791 0.202236 -0.578456
0.385671 0.203493 -0.579279
0.373097 0.205733 -0.579758
0.438141 0.206071 -0.250042
0.342377 0.218684 -0.379666
0.443128 0.235872 -0.482107
0.405916 0.239005 -0.535054
0.521838 0.305452 -0.065716
0.254905 0.322155 -0.383993
0.720007 0.375427 -0.053749
0.132317 0.420341 -0.731147
0.936547 0.423573 -0.240149
-0.010976 0.502154 -1.137948
0.995881 0.438844 -0.255866
-0.043748 0.533698 -1.230070
1.002112 0.442905 -0.348842
-0.040526 0.531108 -1.290421
0.973096 0.442205 -0.285904
-0.013324 0.524805 -1.180317
0.474200 0.574567 0.110235
0.314005 0.579462 -0.110942
0.508649 0.717154 0.579287
0.361304 0.735504 -0.014201
0.495810 0.841266 1.078001
0.350827 0.873241 0.413624
0.458471 0.859939 1.109357
0.359569 0.880624 0.444410
0.594266 0.881320 0.878908
0.377656 0.942299 0.172852
0.426513 0.207376 -0.777801
0.427800 0.191750 -0.713057
0.437356 0.192445 -0.714137
0.445761 0.192800 -0.714125
0.394534 0.191707 -0.753953
0.380917 0.193466 -0.754773
0.369736 0.195902 -0.755256
0.437768 0.199899 -0.355991
0.340453 0.208341 -0.541202
0.441780 0.226932 -0.638490
0.402000 0.229958 -0.697988
0.522246 0.298522 -0.099162
0.249544 0.315837 -0.456872
0.714587 0.377024 -0.062877
0.129050 0.416578 -0.761668
0.914751 0.426029 -0.461665
-0.014763 0.505486 -1.141337
0.973712 0.454474 -0.510327
-0.046211 0.534062 -1.232640
0.969119 0.457446 -0.610612
-0.058712 0.531843 -1.340816
0.943464 0.450325 -0.514169
-0.029945 0.525930 -1.208954
0.474030 0.568902 0.120571
0.316164 0.575288 -0.121273
0.495631 0.717103 0.644484
0.357881 0.733378 0.019155
0.492659 0.839386 1.235353
0.348982 0.870470 0.532671
0.458783 0.859414 1.273654
0.359386 0.879474 0.569491
0.594701 0.880548 0.999009
0.377207 0.942434 0.251076
0.425624 0.202076 -0.857420
0.428427 0.186212 -0.789776
0.437655 0.186681 -0.790884
0.446376 0.186753 -0.790847
0.392930 0.185709 -0.829076
0.378306 0.187112 -0.829864
0.366885 0.188666 -0.830328
0.437562 0.193178 -0.417133
0.337490 0.199682 -0.597860
0.441233 0.220430 -0.713356
0.399407 0.223554 -0.770888
0.522343 0.293306 -0.189540
0.241666 0.315774 -0.494163
0.700000 0.380491 -0.280954
0.121784 0.424631 -0.828441
0.876724 0.442468 -0.738403
-0.006776 0.514578 -1.291574
0.921109 0.476666 -0.821834
-0.034030 0.551774 -1.415032
0.916329 0.480430 -0.920281
-0.033155 0.556227 -1.491833
0.893720 0.472216 -0.792318
-0.006979 0.545946 -1.343405
0.473368 0.566671 0.121528
0.315909 0.573547 -0.122176
0.485041 0.716783 0.656937
0.349379 0.732040 -0.005369
0.487467 0.839131 1.280582
0.347412 0.870057 0.513491
0.458778 0.859257 1.320316
0.359274 0.879610 0.549535
0.594523 0.880514 1.024534
0.373119 0.942761 0.208186
0.423794 0.201104 -0.796044
0.427199 0.184124 -0.733033
0.436245 0.183849 -0.734110
0.445496 0.183745 -0.734042
0.391074 0.184592 -0.769542
0.376355 0.185641 -0.770370
0.364199 0.186856 -0.770852
0.436030 0.190085 -0.388219
0.335691 0.199131 -0.554087
0.439717 0.218715 -0.661054
0.396875 0.222491 -0.714536
0.522422 0.293338 -0.183928
0.240444 0.312984 -0.481426
0.680509 0.385692 -0.245536
0.125584 0.421940 -0.699948
0.825096 0.463784 -0.640572
0.006097 0.525581 -1.048865
0.865590 0.494122 -0.713984
-0.017617 0.564982 -1.155841
0.861972 0.497064 -0.810160
-0.007147 0.571939 -1.232628
0.840233 0.490117 -0.691533
0.012533 0.560341 -1.094130
0.475869 0.568652 0.122306
0.316517 0.574862 -0.122956
0.482732 0.716290 0.649332
0.347546 0.734010 0.055186
0.480554 0.838950 1.270058
0.347359 0.870319 0.616719
0.456181 0.859218 1.311539
0.358821 0.879829 0.658924
0.593267 0.880464 1.040716
0.373144 0.944495 0.345401
0.421138 0.198739 -0.796997
0.425149 0.183206 -0.728945
0.434954 0.183207 -0.730008
0.444808 0.183597 -0.729877
0.388697 0.183350 -0.764120
0.374630 0.184419 -0.764952
0.362229 0.185752 -0.765436
0.434751 0.191340 -0.374205
0.334249 0.200295 -0.533026
0.438381 0.217028 -0.657133
0.394674 0.219290 -0.708946
0.522420 0.298012 -0.155817
0.239448 0.316109 -0.453262
0.649780 0.389745 -0.236269
0.126884 0.430071 -0.654049
0.767545 0.474919 -0.663612
0.017967 0.535697 -1.034645
0.802471 0.505933 -0.749806
0.001592 0.580994 -1.150814
0.800077 0.508082 -0.847619
0.016210 0.583285 -1.223397
0.778799 0.499651 -0.715576
0.032647 0.567974 -1.078543
0.478315 0.571980 0.122978
0.319410 0.576931 -0.123622
0.481399 0.717341 0.623413
0.347474 0.735872 0.038108
0.477808 0.838804 1.261472
0.347147 0.870368 0.595627
0.454171 0.859223 1.303700
0.358279 0.881164 0.636674
0.589228 0.879229 1.013240
0.372564 0.945651 0.305117
0.420399 0.197583 -0.884592
0.423571 0.182441 -0.810584
0.433985 0.182630 -0.811679
0.444076 0.182842 -0.811500
0.387791 0.182777 -0.853387
0.374573 0.183959 -0.854256
0.361763 0.185350 -0.854839
0.434178 0.190477 -0.423190
0.334143 0.200238 -0.619374
0.438713 0.215025 -0.734773
0.395563 0.218284 -0.796957
0.521921 0.298398 -0.149490
0.239831 0.318591 -0.530312
0.620006 0.391074 -0.052744
0.130675 0.434282 -0.677068
0.728435 0.493043 -0.374817
0.042676 0.548512 -1.062752
0.759195 0.525802 -0.437829
0.026974 0.594067 -1.244690
0.757673 0.527971 -0.557030
0.039917 0.594988 -1.321162
0.741086 0.519178 -0.429749
0.057575 0.580499 -1.112924
0.477012 0.572248 0.143330
0.318877 0.574974 -0.143855
0.477207 0.717572 0.669237
0.345232 0.736941 0.017146
0.477343 0.838820 1.369885
0.346378 0.872591 0.648291
0.453664 0.859894 1.417535
0.356537 0.884696 0.696250
0.588563 0.878762 1.115648
0.372535 0.946930 0.345224
0.418680 0.197723 -0.840803
0.421619 0.182668 -0.771971
0.433021 0.183036 -0.773038
0.443326 0.183214 -0.772882
0.385831 0.183024 -0.811475
0.373219 0.184167 -0.812373
0.360044 0.185904 -0.812922
0.433404 0.190921 -0.409444
0.333232 0.201794 -0.590694
0.438496 0.215187 -0.700388
0.395509 0.218494 -0.757930
0.520052 0.300066 -0.134370
0.240746 0.320448 -0.507118
0.599466 0.400966 0.030672
0.136775 0.439664 -0.624941
0.683901 0.509298 -0.208595
0.061582 0.566745 -0.943754
0.700555 0.541692 -0.256174
0.063547 0.610702 -1.068079
0.698545 0.545493 -0.368601
0.089445 0.611368 -1.130092
0.685345 0.535194 -0.257793
0.101277 0.598293 -0.979547
0.475507 0.572977 0.140525
0.318280 0.575805 -0.141038
0.474889 0.717667 0.646059
0.338401 0.737557 0.045527
0.475346 0.838534 1.386708
0.345660 0.872903 0.619544
0.449904 0.859632 1.442328
0.356249 0.885013 0.664112
0.588424 0.878405 1.217437
0.372474 0.947614 0.361520
0.416510 0.197016 -0.850243
0.420356 0.181857 -0.785458
0.432752 0.182357 -0.786534
0.442968 0.182349 -0.786370
0.383626 0.182899 -0.823442
0.371293 0.184292 -0.824387
0.358095 0.186169 -0.824934
0.433677 0.190494 -0.429877
0.333362 0.201817 -0.602898
0.438068 0.214852 -0.710368
0.394416 0.218137 -0.765664
0.518803 0.300679 -0.134328
0.242306 0.321199 -0.506473
0.576022 0.411780 0.053024
0.137730 0.442250 -0.579646
0.638839 0.518080 -0.176220
0.114651 0.581135 -0.833608
0.646723 0.554150 -0.224563
0.103633 0.624029 -0.944780
0.645518 0.556318 -0.333237
0.139701 0.622519 -1.003145
0.631615 0.545069 -0.222909
0.152579 0.607124 -0.865069
0.474457 0.574325 0.139011
0.318014 0.577637 -0.139516
0.473855 0.717241 0.610964
0.334422 0.737698 0.089524
0.474156 0.838225 1.357163
0.344819 0.872168 0.730172
0.445899 0.858728 1.414045
0.355248 0.882296 0.782522
0.588167 0.878258 1.185279
0.372544 0.947757 0.495182
0.415745 0.197273 -0.819946
0.419613 0.182342 -0.757030
0.432389 0.182890 -0.758062
0.442461 0.182897 -0.757954
0.383055 0.182989 -0.793746
0.371009 0.184340 -0.794624
0.357734 0.186239 -0.795138
0.433492 0.190729 -0.427948
0.333523 0.201408 -0.587903
0.437580 0.214828 -0.688023
0.394159 0.218156 -0.740858
0.518119 0.299766 -0.096269
0.242638 0.320060 -0.478131
0.562585 0.415985 0.061559
0.153057 0.442672 -0.514637
0.596066 0.522675 -0.236557
0.144978 0.573521 -0.760312
0.602636 0.559179 -0.298270
0.139664 0.614121 -0.870631
0.596053 0.561142 -0.400544
0.172625 0.611040 -0.929010
0.583403 0.547487 -0.282110
0.181507 0.597620 -0.790813
0.473854 0.574699 0.141038
0.318846 0.578264 -0.141543
0.473892 0.716743 0.582682
0.333537 0.738331 0.062825
0.473543 0.838049 1.319627
0.343724 0.872204 0.662135
0.443919 0.858578 1.376986
0.352155 0.881858 0.710479
0.588253 0.878181 1.159180
0.373471 0.948175 0.427438
0.416113 0.197861 -0.817865
0.419448 0.182467 -0.756832
0.432218 0.182848 -0.757918
0.441994 0.182707 -0.757780
0.383416 0.183289 -0.795916
0.371403 0.184742 -0.796826
0.358153 0.186879 -0.797334
0.432897 0.190620 -0.420581
0.333807 0.201830 -0.595713
0.437625 0.214663 -0.683171
0.394654 0.218152 -0.739347
0.517749 0.298109 -0.101860
0.243221 0.319973 -0.487232
0.557820 0.419900 0.032380
0.166953 0.446013 -0.537768
0.580850 0.533390 -0.254245
0.172805 0.577952 -0.771224
0.580179 0.572381 -0.319066
0.180355 0.617934 -0.880472
0.564574 0.572904 -0.418158
0.214044 0.612834 -0.937697
0.557069 0.557698 -0.297937
0.218856 0.599776 -0.800402
0.477382 0.574453 0.139973
0.321327 0.578627 -0.140475
0.475366 0.716531 0.585872
0.333603 0.738785 0.074775
0.473917 0.838048 1.327081
0.343106 0.872637 0.667453
0.444093 0.858592 1.383529
0.351732 0.882005 0.715358
0.588276 0.878154 1.165028
0.374352 0.948788 0.434637
0.416446 0.199015 -0.773986
0.419295 0.182633 -0.720401
0.431946 0.182730 -0.721455
0.441368 0.182352 -0.721303
0.383778 0.183796 -0.753948
0.371708 0.185228 -0.755003
0.358596 0.187458 -0.755627
0.432307 0.190194 -0.419508
0.334091 0.201926 -0.566184
0.437589 0.215451 -0.648414
0.395013 0.218603 -0.697593
0.517889 0.298820 -0.106064
0.242328 0.320073 -0.461547
0.543776 0.421916 0.068735
0.184620 0.446761 -0.479778
0.543222 0.534808 -0.055171
0.199980 0.575596 -0.666212
0.543403 0.567023 -0.084107
0.206793 0.615810 -0.758259
0.527741 0.569933 -0.169713
0.240878 0.611179 -0.805210
0.519328 0.557814 -0.087842
0.248046 0.598260 -0.689077
0.479847 0.572153 0.122169
0.324001 0.578165 -0.122679
0.475723 0.716201 0.487760
0.332593 0.740242 0.046243
0.474180 0.838057 1.119507
0.342460 0.872701 0.618462
0.444310 0.858664 1.166337
0.350958 0.881817 0.655650
0.588514 0.878177 0.971182
0.374356 0.948781 0.397805
0.416389 0.199323 -0.692985
0.418852 0.182494 -0.645735
0.431483 0.182619 -0.646729
0.440505 0.182268 -0.646625
0.383709 0.183885 -0.674070
0.371716 0.185343 -0.675178
0.358886 0.187682 -0.675824
0.431914 0.190253 -0.370318
0.334207 0.201586 -0.493694
0.437442 0.215559 -0.576594
0.395267 0.218633 -0.619024
0.518019 0.299012 -0.110908
0.242571 0.320473 -0.394640
0.519929 0.421969 0.087265
0.202333 0.449135 -0.359951
0.506977 0.527408 0.018992
0.230624 0.572586 -0.453920
0.507283 0.558574 0.003660
0.238242 0.611806 -0.517682
0.502741 0.561629 -0.069535
0.270814 0.606943 -0.560682
0.497448 0.549887 -0.007016
0.276457 0.594296 -0.472337
0.482244 0.570585 0.101596
0.328135 0.578364 -0.102156
0.475891 0.716277 0.358517
0.332038 0.741422 0.036337
0.474440 0.838063 0.920426
0.342240 0.872576 0.535133
0.444339 0.858647 0.962258
0.350837 0.881040 0.571474
0.588111 0.878469 0.761015
0.374377 0.948802 0.333694
0.416588 0.199432 -0.661735
0.419000 0.182474 -0.617283
0.431488 0.182464 -0.618281
0.440227 0.182113 -0.618207
0.383933 0.183851 -0.644161
0.371935 0.185414 -0.645270
0.359013 0.187824 -0.645937
0.431592 0.190413 -0.347480
0.334371 0.201995 -0.465778
0.437444 0.215958 -0.547520
0.395326 0.218928 -0.588051
0.518695 0.299280 -0.113953
0.242908 0.320536 -0.364717
0.512700 0.422541 0.119513
0.216092 0.451088 -0.311805
0.498011 0.523463 0.115128
0.244551 0.572489 -0.367926
0.497478 0.553762 0.109016
0.244775 0.611201 -0.422583
0.495940 0.556228 0.036606
0.276029 0.605605 -0.468030
0.491812 0.544888 0.091094
0.283716 0.592990 -0.386568
0.485795 0.569753 0.086338
0.331019 0.578527 -0.086907
0.475547 0.716313 0.346836
0.331440 0.742661 0.058509
0.474484 0.838069 0.930161
0.341430 0.872489 0.535569
0.444236 0.858657 0.974976
0.349898 0.880424 0.572615
0.586782 0.878857 0.784880
0.373234 0.948772 0.342331
0.416665 0.199766 -0.573197
0.419085 0.182671 -0.531125
0.431539 0.182556 -0.532086
0.440140 0.182203 -0.532033
0.384100 0.184005 -0.554990
0.372107 0.185701 -0.556105
0.359160 0.188151 -0.556745
0.431558 0.190742 -0.279584
0.334556 0.202461 -0.385142
0.437485 0.216197 -0.467274
0.395468 0.219260 -0.503785
0.518976 0.299230 -0.097297
0.243125 0.320134 -0.294694
0.506184 0.423961 0.118373
0.219468 0.453740 -0.242589
0.493550 0.523866 0.108870
0.237437 0.574966 -0.285835
0.489766 0.553439 0.103197
0.241450 0.614350 -0.330662
0.491179 0.555220 0.036758
0.270369 0.608342 -0.376564
0.486469 0.549667 0.087037
0.276971 0.596167 -0.304405
0.486944 0.570023 0.072779
0.331256 0.578552 -0.073385
0.476071 0.716405 0.272868
0.330839 0.745191 0.053181
0.474541 0.837919 0.821335
0.341301 0.872522 0.473624
0.444307 0.858464 0.864138
0.349951 0.880084 0.511352
0.585877 0.879174 0.695478
0.373308 0.948841 0.305587
0.417433 0.200242 -0.485803
0.419203 0.182924 -0.443312
0.431582 0.182704 -0.444301
0.440110 0.182302 -0.444259
0.384596 0.184240 -0.467706
0.372156 0.186042 -0.468779
0.359427 0.188546 -0.469382
0.431446 0.191148 -0.204071
0.334727 0.203148 -0.311942
0.437538 0.216785 -0.386514
0.395892 0.219788 -0.423552
0.518896 0.299356 -0.059945
0.242901 0.319669 -0.230002
0.519344 0.423871 0.131256
0.215627 0.453722 -0.203269
0.514403 0.527205 0.110325
0.225075 0.573978 -0.276832
0.513321 0.557183 0.102518
0.228777 0.613761 -0.322115
0.509883 0.559402 0.037957
0.259871 0.608921 -0.368526
0.504543 0.550698 0.088910
0.268019 0.597005 -0.296615
0.489060 0.570407 0.064605
0.331118 0.578601 -0.065214
0.476421 0.716472 0.312143
0.329822 0.746709 0.046023
0.474501 0.837505 0.836684
0.341120 0.872953 0.426985
0.444297 0.857769 0.877209
0.349841 0.880232 0.459559
0.585109 0.879194 0.733476
0.373324 0.949265 0.268792
0.418352 0.201080 -0.480237
0.419723 0.183651 -0.434992
0.431622 0.183316 -0.436032
0.440128 0.182878 -0.435983
0.385828 0.185026 -0.465558
0.372321 0.186765 -0.466558
0.359899 0.189102 -0.467101
0.431317 0.191779 -0.186983
0.334821 0.203431 -0.323517
0.437568 0.217684 -0.378209
0.396607 0.220581 -0.423529
0.518728 0.299783 -0.031982
0.242518 0.319713 -0.253996
0.528923 0.424701 0.146392
0.212120 0.453683 -0.280182
0.538368 0.531910 0.073535
0.215223 0.573859 -0.419512
0.539563 0.565057 0.055827
0.217793 0.614216 -0.482566
0.528607 0.567781 -0.015690
0.249710 0.609544 -0.529302
0.520750 0.555739 0.047754
0.258273 0.597534 -0.441306
0.488646 0.572572 0.072408
0.330760 0.579865 -0.073004
0.476718 0.716566 0.331009
0.329849 0.749173 0.043774
0.474573 0.837298 0.926859
0.340894 0.873758 0.420680
0.444343 0.857061 0.968764
0.348810 0.880577 0.454437
0.584995 0.879139 0.767686
0.373357 0.949812 0.264908
0.420050 0.201643 -0.518903
0.420894 0.184075 -0.471930
0.431880 0.183733 -0.473010
0.440303 0.183334 -0.472935
0.388109 0.185403 -0.507654
0.373320 0.186985 -0.508616
0.361240 0.189134 -0.509116
0.430944 0.192308 -0.212643
0.334907 0.203406 -0.369953
0.437658 0.218268 -0.412555
0.397443 0.221107 -0.464735
0.517877 0.300128 -0.038526
0.242075 0.319331 -0.297223
0.533557 0.425825 0.129820
0.209816 0.453623 -0.334715
0.551390 0.539342 0.009298
0.212807 0.574693 -0.481113
0.555703 0.574717 -0.014559
0.211658 0.615687 -0.550079
0.545111 0.576722 -0.091486
0.242821 0.611420 -0.599579
0.537976 0.563279 -0.020432
0.253458 0.599381 -0.504430
0.488396 0.574779 0.074633
0.330622 0.580473 -0.075299
0.476836 0.717022 0.475402
0.329966 0.751068 0.044168
0.475045 0.837253 1.042298
0.340765 0.875939 0.447770
0.444505 0.856935 1.084061
0.348420 0.881830 0.484974
0.585015 0.878835 0.946869
0.374102 0.951109 0.289928
0.421669 0.202025 -0.542574
0.422236 0.184477 -0.485095
0.432585 0.184155 -0.486488
0.441620 0.183771 -0.486326
0.390117 0.185805 -0.544091
0.374654 0.187367 -0.544904
0.362328 0.189461 -0.545160
0.430915 0.192626 -0.234568
0.334832 0.203748 -0.419628
0.437975 0.218447 -0.416637
0.398130 0.221503 -0.500877
0.517538 0.300378 -0.051585
0.241311 0.319463 -0.337362
0.535475 0.425438 0.116013
0.204765 0.455506 -0.391780
0.560422 0.536510 -0.113464
0.195034 0.579446 -0.577349
0.557209 0.572771 -0.159543
0.198612 0.618733 -0.661558
0.548870 0.573971 -0.249770
0.226547 0.614389 -0.718895
0.542250 0.561113 -0.151602
0.235721 0.602739 -0.605256
0.488197 0.574740 0.092340
0.329956 0.580503 -0.093015
0.476940 0.717052 0.519415
0.329308 0.751009 0.046386
0.475086 0.837229 1.152759
0.340576 0.876318 0.483748
0.444524 0.856680 1.200520
0.348380 0.882118 0.519868
0.585042 0.878357 1.043920
0.374087 0.951081 0.310576
0.423121 0.202302 -0.620962
0.423851 0.184762 -0.559386
0.434001 0.184455 -0.560659
0.444128 0.184082 -0.560526
0.391400 0.186093 -0.607352
0.375504 0.187634 -0.608200
0.363004 0.189674 -0.608552
0.432129 0.192887 -0.249262
0.334881 0.203950 -0.444924
0.438671 0.218511 -0.489795
0.398946 0.221706 -0.559758
0.517325 0.300439 -0.058099
0.241300 0.319633 -0.351664
0.545134 0.425175 0.097227
0.195319 0.457731 -0.425564
0.588651 0.534540 -0.162640
0.162164 0.579502 -0.647213
0.592954 0.569205 -0.210948
0.155447 0.618288 -0.737167
0.592514 0.570710 -0.306194
0.180113 0.615541 -0.799753
0.581062 0.558513 -0.203471
0.191907 0.604244 -0.679128
0.487081 0.574207 0.100591
0.329324 0.580369 -0.101253
0.477087 0.716740 0.524149
0.329461 0.750954 0.041001
0.475443 0.837213 1.199168
0.340581 0.876813 0.493444
0.444972 0.856655 1.250628
0.348412 0.882286 0.530351
0.585089 0.878169 1.084799
0.374060 0.951258 0.310088
0.425394 0.202524 -0.691707
0.426319 0.184903 -0.630674
0.436262 0.184591 -0.631822
0.447103 0.184254 -0.631695
0.393705 0.186287 -0.675087
0.379206 0.187746 -0.675978
0.365449 0.189697 -0.676425
0.433367 0.193135 -0.303402
0.335257 0.203991 -0.504154
0.440409 0.218620 -0.561550
0.400748 0.221943 -0.626028
0.517074 0.300608 -0.069917
0.241784 0.319760 -0.416826
0.561917 0.423090 0.076587
0.181845 0.458585 -0.526653
0.630582 0.532968 -0.172364
0.126062 0.578788 -0.787068
0.637080 0.569030 -0.217008
0.116970 0.618792 -0.887210
0.638249 0.570132 -0.319403
0.135881 0.618047 -0.950417
0.623992 0.558122 -0.216556
0.149558 0.605808 -0.821108
0.485438 0.574307 0.112633
0.328852 0.580390 -0.113258
0.477152 0.716761 0.576419
0.330666 0.751603 0.037681
0.475438 0.837098 1.270895
0.340662 0.877352 0.523035
0.444939 0.856433 1.323475
0.348404 0.882390 0.563061
0.585115 0.877893 1.151870
0.374438 0.951740 0.322225
0.427165 0.202659 -0.721773
0.428692 0.184976 -0.659664
0.438787 0.184699 -0.660781
0.449852 0.184398 -0.660665
0.395474 0.186299 -0.701888
0.381747 0.187532 -0.702787
0.367311 0.189384 -0.703282
0.435033 0.193301 -0.325783
0.335715 0.203735 -0.521435
0.441570 0.218873 -0.590668
0.401887 0.222060 -0.652491
0.517031 0.300177 -0.079950
0.242662 0.319477 -0.437975
0.583957 0.413724 0.101346
0.168830 0.457789 -0.610540
0.676864 0.520033 -0.047349
0.076598 0.568617 -0.942305
0.693413 0.552450 -0.069790
0.063958 0.613599 -1.050601
0.695440 0.555911 -0.188739
0.077427 0.616643 -1.113698
0.682468 0.545713 -0.096679
0.090785 0.604289 -0.979598
0.484348 0.574343 0.121888
0.327776 0.580021 -0.122475
0.477637 0.717427 0.615072
0.332022 0.751777 0.015769
0.475468 0.837128 1.345530
0.340768 0.877553 0.533724
0.444928 0.856438 1.401518
0.348750 0.882385 0.576088
0.585125 0.877873 1.226403
0.374268 0.952187 0.323344
0.429485 0.202780 -0.795281
0.431208 0.185075 -0.731856
0.441754 0.184804 -0.732982
0.452597 0.184509 -0.732870
0.397428 0.186401 -0.774192
0.384635 0.187634 -0.775059
0.369146 0.189462 -0.775579
0.436624 0.193400 -0.385682
0.336350 0.203751 -0.580315
0.443833 0.218951 -0.659612
0.403946 0.222190 -0.721254
0.517784 0.299547 -0.140119
0.244273 0.319550 -0.491478
0.610237 0.406952 -0.072467
0.143392 0.458279 -0.686157
0.725830 0.502730 -0.378388
0.029030 0.565594 -1.009762
0.756867 0.534788 -0.432405
0.011801 0.607877 -1.118271
0.757794 0.536394 -0.540615
0.017941 0.612717 -1.187706
0.740520 0.527902 -0.429538
0.033833 0.600611 -1.050651
0.484251 0.574705 0.126779
0.326387 0.579977 -0.127335
0.479907 0.717474 0.662962
0.332438 0.751497 0.026279
0.475482 0.836904 1.352455
0.341167 0.877543 0.605098
0.444946 0.856319 1.401676
0.349829 0.882376 0.650212
0.585041 0.877856 1.176748
0.373953 0.952336 0.363839
0.433181 0.202851 -0.798184
0.434395 0.185216 -0.733756
0.444857 0.184901 -0.734899
0.454928 0.184579 -0.734796
0.401234 0.186782 -0.777438
0.389494 0.188095 -0.778289
0.373089 0.189840 -0.778808
0.437954 0.193654 -0.384723
0.338339 0.203799 -0.584008
0.447409 0.219286 -0.661022
0.408430 0.222334 -0.724403
0.520764 0.299689 -0.140226
0.247402 0.319608 -0.487659
0.633660 0.400161 -0.061499
0.134709 0.454215 -0.696825
0.763799 0.483703 -0.352639
0.005459 0.549721 -1.026413
0.806283 0.512713 -0.399976
-0.019264 0.584974 -1.128527
0.804124 0.515544 -0.508320
-0.013933 0.590090 -1.200835
0.782180 0.508905 -0.403905
0.004511 0.579008 -1.069592
0.483477 0.574406 0.131894
0.323406 0.579708 -0.132423
0.481815 0.717410 0.649567
0.333089 0.749489 -0.005296
0.475502 0.836539 1.312582
0.342126 0.876898 0.576926
0.444958 0.856298 1.357885
0.350933 0.881936 0.619195
0.585051 0.877759 1.118070
0.373021 0.952252 0.302005
0.435560 0.205500 -0.787241
0.436261 0.188549 -0.721181
0.445858 0.187616 -0.722319
0.455255 0.186893 -0.722224
0.404843 0.190530 -0.759912
0.393393 0.191714 -0.760706
0.376542 0.193016 -0.761148
0.438760 0.195349 -0.368337
0.339935 0.205892 -0.553385
0.449314 0.222711 -0.647648
0.412244 0.226107 -0.705035
0.526057 0.301358 -0.141929
0.248664 0.321919 -0.440330
0.668904 0.393654 -0.121893
0.131332 0.445668 -0.667888
0.817702 0.473439 -0.477440
-0.001223 0.529385 -1.066839
0.864293 0.501761 -0.542673
-0.026437 0.557288 -1.171033
0.859909 0.504263 -0.644383
-0.040224 0.560604 -1.246155
0.834825 0.497392 -0.528738
-0.017712 0.550860 -1.114012
0.482671 0.573839 0.130147
0.321476 0.579529 -0.130666
0.484583 0.718009 0.611351
0.335085 0.746975 -0.042577
0.475519 0.836723 1.280885
0.344535 0.875397 0.509627
0.444978 0.856473 1.326892
0.353628 0.881178 0.547541
0.584816 0.877865 1.058035
0.372997 0.950931 0.187677
0.438224 0.215988 -0.796337
0.438799 0.198268 -0.730532
0.448256 0.198005 -0.731676
0.457662 0.197756 -0.731607
0.407035 0.198225 -0.764774
0.395411 0.198624 -0.765560
0.378520 0.199632 -0.765992
0.441994 0.204992 -0.374495
0.342332 0.211726 -0.541173
0.450692 0.233876 -0.657338
0.413512 0.235347 -0.708922
0.529815 0.307255 -0.160925
0.252867 0.323787 -0.415896
0.696329 0.392414 -0.184385
0.126931 0.440433 -0.644551
0.865331 0.464600 -0.571639
-0.018330 0.515851 -1.012443
0.916619 0.489414 -0.637773
-0.046632 0.536726 -1.105070
0.910097 0.493270 -0.736085
-0.072805 0.538964 -1.181761
0.883109 0.488237 -0.622777
-0.045674 0.530899 -1.059919
0.479898 0.574146 0.129599
0.320231 0.579743 -0.130101
0.490238 0.719919 0.597595
0.341891 0.745758 -0.098278
0.475879 0.836979 1.270318
0.347529 0.873905 0.428552
0.445213 0.856528 1.317804
0.354998 0.880766 0.465916
0.584827 0.878070 1.041488
0.373944 0.949930 0.114203
0.440566 0.231805 -0.822088
0.442495 0.213847 -0.755339
0.452131 0.213865 -0.756431
0.461593 0.213972 -0.756356
0.409322 0.213838 -0.791693
0.397388 0.213990 -0.792517
0.381264 0.214815 -0.793044
0.449932 0.221053 -0.396495
0.349776 0.226028 -0.565690
0.453537 0.248637 -0.683029
0.416405 0.250928 -0.737296
0.536073 0.319871 -0.172528
0.257411 0.334369 -0.466990
0.719921 0.391979 -0.206326
0.126109 0.439349 -0.794293
0.900614 0.449994 -0.536381
-0.019884 0.514887 -1.230102
0.957096 0.473450 -0.586169
-0.044082 0.537540 -1.339023
0.953726 0.475779 -0.683690
-0.063233 0.541062 -1.403772
0.930449 0.471837 -0.586698
-0.037493 0.532750 -1.275233
0.475304 0.577115 0.129430
0.317628 0.582444 -0.129949
0.493730 0.724415 0.664485
0.352352 0.745810 -0.129429
0.477835 0.837195 1.327380
0.348833 0.873932 0.322983
0.446128 0.856869 1.372086
0.355278 0.880820 0.352526
0.585211 0.878526 1.085480
0.376638 0.949709 -0.014094
0.441854 0.250465 -0.830434
0.443895 0.233960 -0.762361
0.453274 0.233623 -0.763372
0.462758 0.233352 -0.763265
0.412057 0.234405 -0.797135
0.400130 0.234886 -0.797964
0.384734 0.235490 -0.798519
0.455200 0.238080 -0.401285
0.356676 0.244955 -0.565332
0.454333 0.266780 -0.691762
0.418799 0.269490 -0.744205
0.539265 0.332984 -0.169947
0.264990 0.349012 -0.503111
0.743535 0.392084 -0.179189
0.130161 0.435234 -0.985635
0.946701 0.443377 -0.436219
-0.001782 0.508083 -1.620770
1.001095 0.458100 -0.478597
-0.030695 0.533949 -1.771668
0.997624 0.463426 -0.578252
-0.027508 0.538541 -1.821070
0.973276 0.462864 -0.485563
-0.005124 0.531346 -1.665682
0.467661 0.580581 0.132318
0.309702 0.587269 -0.132791
0.503952 0.724221 0.654081
0.354749 0.745835 -0.292448
0.478877 0.837984 1.326176
0.350751 0.876254 0.129675
0.446236 0.859786 1.371335
0.356227 0.883773 0.156371
0.587606 0.879471 1.097027
0.377231 0.949745 -0.215340
0.444839 0.271472 -0.825435
0.447066 0.255294 -0.758277
0.455584 0.254145 -0.759262
0.464419 0.252956 -0.759138
0.416603 0.256851 -0.796499
0.404985 0.257588 -0.797307
0.390613 0.258484 -0.797868
0.455429 0.259012 -0.403494
0.360633 0.266407 -0.583333
0.456426 0.287043 -0.689336
0.421344 0.290080 -0.746270
0.539404 0.346848 -0.167055
0.273680 0.365287 -0.550986
0.744240 0.392881 -0.160605
0.143484 0.436302 -1.091223
0.962651 0.432835 -0.402978
0.007804 0.505983 -1.785622
1.011390 0.445772 -0.468960
-0.015110 0.532863 -1.952338
1.016994 0.450577 -0.548745
-0.012588 0.538732 -1.994817
0.993253 0.449206 -0.451254
0.004019 0.532350 -1.829073
0.462824 0.588278 0.138654
0.306083 0.597955 -0.139056
0.516694 0.724203 0.635324
0.357969 0.747897 -0.437999
0.480373 0.838779 1.327456
0.353150 0.877906 -0.018706
0.446448 0.861929 1.375014
0.357203 0.888104 0.007724
0.589074 0.879496 1.108311
0.377214 0.949509 -0.369119
0.449770 0.294357 -0.817067
0.451278 0.276370 -0.753903
0.459016 0.275260 -0.755252
0.467241 0.274508 -0.755146
0.421899 0.279749 -0.785042
0.409944 0.281336 -0.785700
0.396214 0.282533 -0.786203
0.455870 0.282486 -0.405904
0.365042 0.292749 -0.572935
0.461773 0.311116 -0.675173
0.428270 0.313440 -0.738967
0.538212 0.362297 -0.197700
0.284351 0.382284 -0.532323
0.741784 0.393567 -0.197310
0.168984 0.444678 -1.051683
0.959503 0.428690 -0.393385
0.067614 0.500764 -1.722700
1.020459 0.437363 -0.415532
0.004179 0.530542 -1.876940
1.022293 0.440687 -0.509536
0.031523 0.532492 -1.915547
0.990684 0.441589 -0.442564
0.063858 0.526214 -1.763540
0.455498 0.597206 0.134200
0.300208 0.606214 -0.134524
0.527927 0.725072 0.313989
0.357613 0.751115 -0.565563
0.488750 0.840443 0.921739
0.353740 0.879027 -0.125403
0.456602 0.863975 0.961922
0.357179 0.891337 -0.094792
0.593697 0.879499 0.699328
0.376596 0.948533 -0.439876
0.453729 0.316057 -0.807606
0.453576 0.297626 -0.754308
0.461125 0.296549 -0.755368
0.468801 0.295141 -0.755341
0.426471 0.299767 -0.782590
0.413436 0.300429 -0.783278
0.400330 0.301549 -0.783699
0.458141 0.301993 -0.486030
0.369727 0.312481 -0.611305
0.465730 0.332743 -0.693181
0.432913 0.334533 -0.739275
0.532614 0.378110 -0.299205
0.284367 0.407410 -0.537978
0.732057 0.400973 -0.268005
0.165566 0.497413 -0.992070
0.948402 0.424319 -0.398288
0.180684 0.500328 -1.256323
1.021112 0.432639 -0.413152
0.171285 0.520463 -1.340049
1.020432 0.437179 -0.503793
0.191779 0.504202 -1.351259
0.986733 0.440078 -0.438379
0.196308 0.499428 -1.273923
0.442537 0.600270 0.126641
0.290858 0.613887 -0.126789
0.538280 0.726670 0.219884
0.361381 0.755689 -0.461628
0.495896 0.840636 0.700928
0.354340 0.878835 -0.035471
0.463281 0.864126 0.733150
0.354967 0.890895 -0.001307
0.598121 0.879619 0.518201
0.376584 0.944906 -0.270989
0.462588 0.338403 -0.729659
0.460572 0.318909 -0.686204
0.466665 0.317660 -0.687123
0.473288 0.316419 -0.687225
0.433930 0.322352 -0.715055
0.422641 0.323691 -0.715672
0.408783 0.324655 -0.716002
0.459095 0.324610 -0.450112
0.375798 0.335263 -0.597314
0.472519 0.353748 -0.640615
0.441817 0.356430 -0.683295
0.527234 0.397333 -0.278921
0.285013 0.426184 -0.544530
0.722664 0.414463 -0.267928
0.193125 0.511142 -0.972072
0.937748 0.428245 -0.398647
0.257511 0.504523 -1.414065
1.004864 0.435331 -0.411905
0.262349 0.527109 -1.520053
1.005890 0.440120 -0.494964
0.272078 0.512676 -1.523303
0.976636 0.442225 -0.435151
0.282634 0.507409 -1.434658
0.431759 0.609958 0.126078
0.284285 0.623334 -0.126189
0.550202 0.726655 0.065994
0.364719 0.761470 -0.498302
0.500073 0.840635 0.496161
0.351865 0.878789 -0.082593
0.463510 0.863985 0.527342
0.348473 0.890616 -0.045001
0.600942 0.880040 0.367805
0.376606 0.944752 -0.245533
0.464671 0.361987 -0.658489
0.464357 0.343463 -0.622864
0.470733 0.342422 -0.623735
0.477417 0.341622 -0.623879
0.436337 0.344320 -0.644201
0.424925 0.344631 -0.644857
0.411705 0.344983 -0.645236
0.462484 0.347871 -0.441603
0.378548 0.353568 -0.521813
0.474724 0.376659 -0.577370
0.442551 0.378766 -0.610143
0.525620 0.416774 -0.286316
0.285640 0.440376 -0.533736
0.719230 0.430956 -0.365600
0.280957 0.518462 -0.957633
0.930682 0.434179 -0.523714
0.326934 0.525040 -1.448802
0.994016 0.444096 -0.539162
0.327471 0.531419 -1.566077
0.994566 0.449115 -0.607011
0.339823 0.521429 -1.578606
0.967298 0.450404 -0.556356
0.341274 0.515456 -1.475397
0.429100 0.623917 0.113590
0.283074 0.635723 -0.113744
0.562379 0.731891 0.041645
0.366864 0.768177 -0.469264
0.503343 0.840617 0.511748
0.350422 0.878777 -0.059215
0.464834 0.863009 0.549022
0.346356 0.889977 -0.021318
0.600683 0.879959 0.410111
0.376073 0.944801 -0.212084
0.465862 0.381119 -0.657816
0.467176 0.363079 -0.622365
0.474151 0.362099 -0.623229
0.481087 0.361317 -0.623361
0.438407 0.363578 -0.641490
0.427344 0.363711 -0.642084
0.414502 0.364207 -0.642382
0.466801 0.367113 -0.434137
0.382822 0.372451 -0.501804
0.476978 0.395832 -0.574076
0.443537 0.396812 -0.603907
0.528136 0.436926 -0.305711
0.291197 0.457181 -0.524504
0.712057 0.447889 -0.465586
0.350531 0.528536 -0.941349
0.918488 0.449558 -0.747266
0.409460 0.536850 -1.261147
0.978319 0.450147 -0.795893
0.430873 0.536120 -1.356879
0.977250 0.457683 -0.850793
0.431328 0.524030 -1.368275
0.950768 0.463288 -0.777616
0.429804 0.522699 -1.282442
0.424654 0.638076 0.113769
0.278474 0.644968 -0.113933
0.567289 0.738187 -0.013529
0.367767 0.773396 -0.531846
0.503771 0.841049 0.426246
0.348197 0.879939 -0.175450
0.464938 0.862759 0.461613
0.341696 0.889998 -0.140691
0.600517 0.880038 0.325656
0.375939 0.944860 -0.319264
0.467589 0.400502 -0.675545
0.469078 0.381725 -0.639380
0.476675 0.380419 -0.640239
0.484172 0.379373 -0.640333
0.440318 0.382791 -0.658394
0.429413 0.383176 -0.658978
0.416183 0.384592 -0.659238
0.472826 0.385249 -0.433332
0.387020 0.394411 -0.504346
0.479817 0.415581 -0.586925
0.445839 0.416308 -0.615851
0.528657 0.452818 -0.306316
0.299980 0.477438 -0.506039
0.692214 0.467112 -0.496694
0.396986 0.542548 -0.805214
0.899888 0.472221 -0.869388
0.461246 0.549846 -1.084277
0.960820 0.474706 -0.937411
0.484958 0.550867 -1.176870
0.958248 0.481330 -0.990512
0.477619 0.542337 -1.193061
0.935196 0.486292 -0.900903
0.473376 0.543169 -1.105004
0.420723 0.645331 0.111810
0.278324 0.651870 -0.111979
0.570902 0.740933 -0.039179
0.371047 0.778626 -0.466927
0.502899 0.842189 0.341912
0.348410 0.881729 -0.097337
0.463471 0.862550 0.372075
0.339192 0.889796 -0.061255
0.601256 0.881025 0.254764
0.376897 0.944561 -0.258391
0.469835 0.417524 -0.549703
0.470608 0.399101 -0.519419
0.477778 0.397606 -0.520159
0.484802 0.396347 -0.520223
0.442848 0.400868 -0.537938
0.431444 0.401478 -0.538448
0.418500 0.403035 -0.538579
0.473746 0.402913 -0.334342
0.390052 0.413308 -0.412213
0.482114 0.432154 -0.473082
0.448544 0.432676 -0.500972
0.528660 0.466394 -0.253696
0.307755 0.483171 -0.435701
0.679921 0.487098 -0.443623
0.366920 0.536458 -0.738851
0.868324 0.499392 -0.814109
0.481967 0.561834 -1.017210
0.932154 0.505937 -0.883382
0.522628 0.573640 -1.112616
0.920499 0.512451 -0.932460
0.536364 0.565444 -1.122078
0.898343 0.516447 -0.843395
0.523555 0.562700 -1.034110
0.419905 0.655206 0.108190
0.278116 0.662690 -0.108380
0.574690 0.745625 -0.153915
0.372004 0.781041 -0.574019
0.502521 0.844245 0.212378
0.348642 0.881805 -0.215882
0.457416 0.862497 0.242710
0.338529 0.887789 -0.178020
0.600735 0.881531 0.144288
0.377055 0.944352 -0.297741
0.470554 0.430262 -0.587216
0.471189 0.410528 -0.556903
0.478464 0.409498 -0.557629
0.485169 0.408593 -0.557673
0.444339 0.412974 -0.574433
0.432266 0.413557 -0.574954
0.419932 0.414471 -0.575095
0.475351 0.414396 -0.356561
0.392112 0.424057 -0.436950
0.482767 0.443925 -0.507057
0.449695 0.444376 -0.533683
0.531704 0.479861 -0.265151
0.311835 0.493104 -0.451392
0.675766 0.504294 -0.533810
0.382098 0.546449 -0.762515
0.848071 0.524849 -0.955560
0.528264 0.582908 -1.044779
0.910115 0.535495 -1.040338
0.566773 0.598698 -1.147544
0.895083 0.540672 -1.084396
0.589327 0.591445 -1.155428
0.869498 0.543632 -0.984169
0.575677 0.587058 -1.060739
0.420072 0.666065 0.104818
0.276331 0.675605 -0.104988
0.582547 0.748140 -0.187053
0.376031 0.782634 -0.658567
0.502268 0.844217 0.203264
0.350309 0.881764 -0.287900
0.450675 0.862029 0.236675
0.338212 0.886869 -0.247484
0.598427 0.881532 0.143841
0.377635 0.943607 -0.358889
0.471389 0.439141 -0.608636
0.471346 0.420737 -0.580065
0.479332 0.419742 -0.580781
0.485923 0.418656 -0.580816
0.444968 0.421690 -0.597623
0.433223 0.422312 -0.598147
0.421496 0.423703 -0.598305
0.476492 0.424006 -0.382269
0.393982 0.432327 -0.459559
0.483398 0.452993 -0.529386
0.451525 0.454005 -0.555735
0.533821 0.487927 -0.289998
0.315497 0.502272 -0.484029
0.667254 0.516775 -0.561520
0.398113 0.554209 -0.775158
0.828317 0.540825 -0.970604
0.565810 0.598295 -1.012994
0.888497 0.556302 -1.054369
0.609524 0.618639 -1.113591
0.874041 0.563034 -1.097496
0.634618 0.611221 -1.113762
0.847037 0.565071 -0.998388
0.621584 0.606947 -1.024018
0.420130 0.670058 0.102866
0.276825 0.680845 -0.103015
0.582123 0.751063 -0.209509
0.381197 0.785940 -0.607021
0.501718 0.844420 0.166378
0.351992 0.882850 -0.247890
0.449821 0.862002 0.199341
0.337336 0.886927 -0.208270
0.597168 0.882520 0.118104
0.377619 0.943657 -0.315084
0.472094 0.445001 -0.571685
0.471944 0.427989 -0.544620
0.480670 0.426952 -0.545271
0.487278 0.426089 -0.545288
0.445484 0.429200 -0.562690
0.434434 0.429485 -0.563164
0.423091 0.430345 -0.563279
0.478265 0.431393 -0.363242
0.396124 0.438661 -0.438089
0.484197 0.457885 -0.496424
0.452597 0.460034 -0.522528
0.535321 0.491662 -0.266747
0.320690 0.507186 -0.483066
0.665506 0.527221 -0.505814
0.405020 0.561638 -0.750812
0.816864 0.554349 -0.907574
0.589937 0.609797 -0.945461
0.872636 0.572805 -0.988104
0.633153 0.634356 -1.041504
0.864113 0.578296 -1.032344
0.661397 0.626952 -1.038601
0.837182 0.577275 -0.935502
0.648651 0.621346 -0.953710
0.421023 0.675502 0.103352
0.277027 0.686761 -0.103511
0.581476 0.752055 -0.257934
0.382013 0.786416 -0.616644
0.501592 0.845600 0.100960
0.353686 0.883557 -0.251827
0.450034 0.862457 0.132071
0.337452 0.886929 -0.211501
0.596494 0.882678 0.042858
0.377327 0.942967 -0.314494
0.471557 0.450523 -0.601795
0.472019 0.432576 -0.568138
0.480920 0.431391 -0.568929
0.488093 0.430760 -0.568956
0.444811 0.435224 -0.589250
0.433666 0.435892 -0.589802
0.422202 0.436952 -0.590006
0.482504 0.433886 -0.391875
0.395955 0.444109 -0.439137
0.484732 0.464144 -0.517431
0.451860 0.466485 -0.548487
0.537766 0.497435 -0.281739
0.322386 0.511414 -0.512846
0.660813 0.533268 -0.535523
0.416509 0.569871 -0.766441
0.809640 0.560793 -0.937798
0.605927 0.619337 -0.956182
0.868439 0.578479 -1.021576
0.644157 0.644055 -1.053548
0.855108 0.584624 -1.064937
0.673139 0.636754 -1.052089
0.828336 0.583813 -0.965480
0.662096 0.630826 -0.965159
0.421655 0.679742 0.103814
0.277519 0.690853 -0.103983
0.582425 0.752248 -0.243881
0.382831 0.787188 -0.608660
0.501242 0.845509 0.116190
0.353873 0.885017 -0.211155
0.450181 0.862605 0.148608
0.336361 0.887035 -0.166574
0.596355 0.882671 0.077100
0.376905 0.942972 -0.258947
0.472067 0.450900 -0.612879
0.473593 0.434191 -0.570617
0.481975 0.432965 -0.571131
0.489473 0.431839 -0.571120
0.445449 0.436337 -0.590918
0.433867 0.437783 -0.591659
0.422470 0.439452 -0.592097
0.485186 0.434644 -0.415722
0.396081 0.445678 -0.480443
0.486374 0.464167 -0.521577
0.452081 0.466156 -0.552401
0.538172 0.494502 -0.289887
0.323457 0.512495 -0.540161
0.657162 0.535638 -0.519987
0.427801 0.574431 -0.766681
0.808004 0.565485 -0.913532
0.614108 0.624406 -0.911181
0.866657 0.586552 -0.994613
0.649930 0.649163 -1.006719
0.853760 0.591712 -1.043433
0.680304 0.642117 -1.006192
0.826194 0.588811 -0.942935
0.671397 0.636153 -0.919967
0.421457 0.676516 0.107581
0.277966 0.690075 -0.107692
0.583692 0.752574 -0.185589
0.391430 0.791336 -0.576534
0.501014 0.845501 0.166669
0.353853 0.891605 -0.189641
0.450269 0.862815 0.197919
0.336305 0.895127 -0.147327
0.596338 0.881914 0.129897
0.377374 0.943205 -0.231325
0.472120 0.447722 -0.611305
0.474043 0.429618 -0.578126
0.482084 0.427968 -0.578744
0.489384 0.426751 -0.578749
0.445119 0.432616 -0.597498
0.433535 0.433441 -0.598093
0.422136 0.435177 -0.598345
0.485940 0.429983 -0.414883
0.395942 0.442564 -0.475858
0.487104 0.460002 -0.527856
0.451690 0.462531 -0.556204
0.539558 0.491761 -0.278228
0.324899 0.509962 -0.527411
0.656999 0.533614 -0.493240
0.427964 0.575420 -0.729046
0.807291 0.563836 -0.870624
0.617274 0.620206 -0.855787
0.867009 0.587575 -0.946798
0.650810 0.646253 -0.948137
0.853199 0.592210 -0.997368
0.678803 0.638850 -0.949112
0.824700 0.588035 -0.900347
0.668287 0.631308 -0.864754
0.421167 0.675510 0.109849
0.277986 0.688245 -0.109963
0.582210 0.754117 -0.165652
0.395659 0.792761 -0.566210
0.500777 0.845737 0.208961
0.353831 0.892700 -0.185642
0.450529 0.863161 0.242465
0.336372 0.895889 -0.140121
0.596370 0.881824 0.174275
0.377564 0.944272 -0.191967
0.473472 0.441664 -0.528625
0.474919 0.423908 -0.503400
0.482967 0.422832 -0.504064
0.489766 0.421666 -0.504091
0.445219 0.427100 -0.519989
0.433604 0.428656 -0.520489
0.423114 0.429933 -0.520635
0.486663 0.424584 -0.348381
0.396990 0.437226 -0.411517
0.489265 0.454241 -0.461576
0.452573 0.457196 -0.485491
0.543456 0.490948 -0.238799
0.325208 0.505326 -0.494263
0.658919 0.531806 -0.482491
0.425993 0.570741 -0.708111
0.807987 0.559517 -0.861790
0.611057 0.614709 -0.848451
0.864910 0.581921 -0.939368
0.647782 0.639469 -0.941366
0.851222 0.586012 -0.986774
0.676692 0.632845 -0.941334
0.820412 0.580569 -0.890655
0.667915 0.625767 -0.857753
0.420173 0.672800 0.110903
0.278135 0.684819 -0.111029
0.581541 0.755077 -0.148470
0.397626 0.790877 -0.526644
0.500638 0.847605 0.202403
0.353470 0.892304 -0.172280
0.450498 0.864378 0.232737
0.332582 0.895189 -0.127014
0.596559 0.882182 0.163083
0.377560 0.944458 -0.180204
0.473368 0.435630 -0.518363
0.474703 0.417390 -0.491794
0.483001 0.416032 -0.492447
0.489870 0.414862 -0.492468
0.445023 0.420591 -0.507959
0.433662 0.421892 -0.508461
0.422926 0.423305 -0.508587
0.486704 0.418391 -0.324376
0.396853 0.429958 -0.389755
0.489124 0.447721 -0.448762
0.452430 0.450526 -0.472412
0.543564 0.484313 -0.210411
0.325036 0.499694 -0.472750
0.659152 0.523368 -0.473913
0.417442 0.565964 -0.703004
0.813443 0.551682 -0.850862
0.595621 0.608346 -0.854330
0.870746 0.571517 -0.926217
0.635829 0.631977 -0.947256
0.857111 0.576256 -0.973962
0.664685 0.626408 -0.946233
0.826506 0.572469 -0.879887
0.654996 0.619251 -0.863382
0.419332 0.670250 0.112424
0.278067 0.681746 -0.112578
0.580655 0.754768 -0.133075
0.397214 0.790502 -0.511404
0.500518 0.848739 0.218085
0.352994 0.892235 -0.169527
0.450278 0.864887 0.247285
0.332726 0.894908 -0.123871
0.597606 0.882540 0.172896
0.377685 0.944467 -0.190120
0.473227 0.434439 -0.472001
0.474689 0.417176 -0.443075
0.483264 0.415026 -0.443724
0.490693 0.413111 -0.443771
0.445042 0.418722 -0.460341
0.433545 0.418882 -0.460844
0.422882 0.420128 -0.460981
0.487740 0.416639 -0.267095
0.396682 0.428701 -0.339554
0.489010 0.447288 -0.400342
0.452420 0.449885 -0.425692
0.543427 0.482924 -0.161751
0.324374 0.497201 -0.418736
0.659657 0.517095 -0.421802
0.411380 0.549578 -0.693400
0.817429 0.542661 -0.833545
0.582695 0.597591 -0.906875
0.875766 0.563555 -0.919076
0.621580 0.622071 -1.005391
0.857871 0.569993 -0.957526
0.649630 0.615189 -1.007040
0.830052 0.567831 -0.861017
0.639897 0.606858 -0.918135
0.419667 0.668731 0.112316
0.279701 0.680190 -0.112480
0.580708 0.754289 -0.140001
0.397846 0.790222 -0.524465
0.500858 0.848796 0.228704
0.352383 0.891842 -0.144848
0.450678 0.864833 0.259428
0.332875 0.894619 -0.097828
0.598526 0.882669 0.173331
0.377122 0.944463 -0.178272
0.472599 0.414682 -0.505422
0.473878 0.397185 -0.476074
0.482590 0.395362 -0.476750
0.490143 0.393862 -0.476809
0.444938 0.399524 -0.494361
0.433483 0.400699 -0.494909
0.422796 0.402052 -0.495077
0.487616 0.397429 -0.294152
0.396482 0.409779 -0.372017
0.488920 0.428779 -0.431310
0.451895 0.429071 -0.458174
0.543607 0.470332 -0.175673
0.323936 0.485637 -0.432013
0.662311 0.496245 -0.328458
0.407602 0.530948 -0.711353
0.839869 0.520387 -0.619028
0.570063 0.578488 -0.942871
0.897204 0.536318 -0.676506
0.605227 0.598700 -1.047109
0.891699 0.542801 -0.730537
0.630605 0.591476 -1.044742
0.864723 0.542262 -0.648494
0.622361 0.584512 -0.954769
0.422378 0.657599 0.111548
0.282524 0.665532 -0.111738
0.580445 0.753704 -0.136973
0.396960 0.785873 -0.479207
0.501461 0.848796 0.240721
0.352205 0.891793 -0.095263
0.452125 0.864742 0.271473
0.333032 0.894573 -0.052141
0.598709 0.882876 0.184744
0.376792 0.944545 -0.132587
0.471010 0.391520 -0.398397
0.472437 0.374062 -0.366406
0.480801 0.372950 -0.367091
0.488204 0.371747 -0.367190
0.443630 0.375299 -0.386030
0.431958 0.376355 -0.386579
0.420847 0.377554 -0.386749
0.484732 0.376352 -0.187372
0.394220 0.384035 -0.272098
0.486484 0.406858 -0.326926
0.448080 0.407715 -0.355716
0.543071 0.451813 -0.091826
0.319234 0.469071 -0.338200
0.666049 0.472870 -0.242047
0.398900 0.505827 -0.661988
0.858027 0.489398 -0.545596
0.514707 0.542358 -0.945511
0.921140 0.502674 -0.601171
0.562098 0.564006 -1.048491
0.916631 0.508018 -0.657320
0.583894 0.556229 -1.052413
0.890495 0.508549 -0.577239
0.576285 0.550770 -0.959120
0.424173 0.647662 0.107739
0.284994 0.654692 -0.107985
0.579069 0.748845 -0.144473
0.396275 0.780970 -0.458191
0.502267 0.848551 0.198054
0.352202 0.890341 -0.078177
0.454176 0.864372 0.225033
0.334830 0.893367 -0.038125
0.598773 0.882918 0.126743
0.376636 0.944386 -0.136715
0.468661 0.369370 -0.398000
0.469824 0.351879 -0.366235
0.477403 0.350950 -0.366982
0.484479 0.350168 -0.367099
0.443057 0.353997 -0.385698
0.431542 0.354645 -0.386257
0.420660 0.355010 -0.386430
0.481276 0.355015 -0.183915
0.394132 0.363097 -0.267918
0.482846 0.385353 -0.324744
0.446873 0.386282 -0.353432
0.542194 0.433268 -0.084107
0.317884 0.453298 -0.324957
0.672873 0.449495 -0.204540
0.403786 0.501026 -0.657415
0.873527 0.459063 -0.479200
0.476767 0.520889 -0.957510
0.936258 0.469993 -0.525846
0.518609 0.538135 -1.054919
0.935920 0.476056 -0.582955
0.527632 0.529858 -1.068016
0.910698 0.479842 -0.510633
0.518798 0.524439 -0.978902
0.425134 0.637980 0.107813
0.287763 0.644605 -0.108056
0.576931 0.745320 -0.113275
0.396190 0.776723 -0.385771
0.504101 0.846952 0.218720
0.352275 0.889731 -0.012580
0.457302 0.862782 0.248724
0.335875 0.893270 0.025587
0.598881 0.882908 0.152963
0.377061 0.944363 -0.081915
0.468299 0.347268 -0.400902
0.467987 0.330311 -0.363930
0.474710 0.329314 -0.364696
0.481043 0.327945 -0.364790
0.443008 0.330786 -0.388072
0.431482 0.331611 -0.388676
0.420265 0.333144 -0.388876
0.475349 0.333667 -0.155781
0.390945 0.341880 -0.262731
0.481051 0.363148 -0.317789
0.446817 0.365056 -0.353042
0.539136 0.413697 -0.037355
0.311640 0.429573 -0.312176
0.679028 0.427947 -0.087032
0.370176 0.474493 -0.668887
0.885118 0.433999 -0.285892
0.426830 0.498357 -1.100918
0.947372 0.441774 -0.316893
0.438597 0.511294 -1.206180
0.947431 0.446935 -0.383596
0.461055 0.504422 -1.218925
0.922080 0.450322 -0.319848
0.453650 0.500406 -1.123889
0.426478 0.628247 0.111847
0.289712 0.632308 -0.112130
0.571726 0.743667 -0.059694
0.391589 0.771680 -0.350600
0.504279 0.845861 0.260004
0.353170 0.889004 0.013540
0.458075 0.862223 0.283164
0.339494 0.893122 0.048861
0.598235 0.882967 0.160118
0.378574 0.943506 -0.074981
0.462354 0.325975 -0.389191
0.462302 0.309210 -0.349447
0.468974 0.308325 -0.350203
0.475345 0.307241 -0.350254
0.438441 0.308917 -0.374282
0.427321 0.309430 -0.374938
0.415365 0.310734 -0.375168
0.469732 0.312551 -0.131783
0.383471 0.320616 -0.241452
0.474585 0.341679 -0.302513
0.442340 0.342697 -0.338789
0.534147 0.394223 -0.001480
0.304139 0.408132 -0.287026
0.687724 0.406457 -0.033153
0.320421 0.447564 -0.684280
0.897083 0.408271 -0.215681
0.359308 0.469956 -1.148654
0.957050 0.413407 -0.241084
0.371936 0.484364 -1.259768
0.958569 0.416497 -0.312419
0.402859 0.472033 -1.274357
0.933822 0.419787 -0.251283
0.401430 0.469301 -1.173149
0.435009 0.617617 0.112862
0.294880 0.621354 -0.113171
0.566091 0.739706 -0.032986
0.383105 0.765476 -0.333648
0.504293 0.845503 0.268359
0.353609 0.886248 0.016877
0.458546 0.862359 0.287371
0.342075 0.892449 0.048969
0.598914 0.883189 0.161702
0.378558 0.943410 -0.093303
0.456184 0.304891 -0.427302
0.456631 0.287439 -0.387429
0.463919 0.286332 -0.388193
0.471804 0.285252 -0.388243
0.431441 0.288106 -0.412359
0.420555 0.288349 -0.413014
0.409956 0.289313 -0.413256
0.467536 0.291539 -0.157782
0.379082 0.298318 -0.274694
0.469499 0.321005 -0.339135
0.436681 0.321908 -0.375936
0.528095 0.374577 -0.019229
0.301203 0.385193 -0.308503
0.696809 0.385467 -0.041701
0.278715 0.438671 -0.746570
0.911219 0.384633 -0.212708
0.281842 0.447164 -1.273476
0.969811 0.389311 -0.234122
0.290528 0.462749 -1.392522
0.973797 0.391651 -0.310097
0.325445 0.447518 -1.410675
0.949481 0.394721 -0.250340
0.324834 0.445457 -1.301259
0.441183 0.609384 0.112935
0.297613 0.612071 -0.113248
0.556090 0.738841 0.009429
0.378548 0.761293 -0.368035
0.504067 0.845501 0.355910
0.354429 0.881164 0.035545
0.458507 0.862294 0.378067
0.348846 0.888301 0.072297
0.601168 0.883195 0.227389
0.378603 0.943343 -0.085039
0.453094 0.282526 -0.442725
0.452600 0.264597 -0.404949
0.460901 0.263496 -0.405705
0.469421 0.262750 -0.405750
0.427184 0.266899 -0.428662
0.415343 0.267326 -0.429305
0.403826 0.268349 -0.429545
0.466087 0.269223 -0.181770
0.373665 0.277859 -0.291888
0.467194 0.299226 -0.357254
0.433647 0.301152 -0.392246
0.524469 0.356150 -0.040121
0.297400 0.369848 -0.303195
0.705241 0.369198 -0.056372
0.210699 0.440402 -0.712402
0.928349 0.368379 -0.207468
0.212643 0.432515 -1.185526
0.984407 0.369445 -0.220261
0.222028 0.449523 -1.291555
0.989973 0.373300 -0.290141
0.249118 0.429667 -1.307083
0.967485 0.377780 -0.241822
0.254277 0.426105 -1.209821
0.448261 0.600902 0.108205
0.301920 0.602678 -0.108561
0.548444 0.735346 0.033978
0.375563 0.755119 -0.392646
0.502950 0.845444 0.381077
0.354281 0.879414 -0.002707
0.458402 0.862213 0.403445
0.348273 0.886835 0.034793
0.598229 0.883197 0.248213
0.378891 0.943615 -0.124346
0.449703 0.264051 -0.438748
0.449377 0.246585 -0.395846
0.458217 0.246282 -0.396658
0.467117 0.245977 -0.396677
0.423357 0.246734 -0.421569
0.412389 0.247055 -0.422351
0.400431 0.247612 -0.422732
0.463569 0.250736 -0.165238
0.370251 0.257527 -0.283040
0.463858 0.280229 -0.349342
0.430315 0.281313 -0.387472
0.521519 0.337303 -0.042225
0.291082 0.352283 -0.286157
0.706861 0.350997 -0.089278
0.173408 0.418382 -0.704855
0.939813 0.352061 -0.254141
0.171307 0.407781 -1.192646
0.999623 0.350659 -0.269277
0.151937 0.421076 -1.300588
1.005552 0.356115 -0.339695
0.200215 0.413565 -1.315033
0.980829 0.363434 -0.289763
0.216276 0.413005 -1.217989
0.459007 0.593933 0.098325
0.309859 0.597504 -0.098835
0.532794 0.730912 0.282156
0.371847 0.748882 -0.247795
0.500862 0.845439 0.646079
0.354389 0.877932 0.098294
0.458363 0.862245 0.669267
0.352453 0.884988 0.128193
0.597346 0.883532 0.531195
0.378419 0.943474 -0.043482
0.445352 0.242803 -0.463480
0.447224 0.226009 -0.408235
0.457159 0.226063 -0.409225
0.465848 0.225867 -0.409183
0.417932 0.226675 -0.441138
0.406948 0.227396 -0.442145
0.394747 0.228644 -0.442719
0.460595 0.229877 -0.177398
0.366013 0.238971 -0.290433
0.460852 0.259590 -0.354926
0.424689 0.261566 -0.405211
0.520985 0.323977 -0.038206
0.281255 0.337481 -0.295971
0.714041 0.342277 -0.055327
0.121237 0.406876 -0.706040
0.949499 0.347973 -0.214178
0.099979 0.414593 -1.204632
1.009169 0.348582 -0.229065
0.093903 0.417051 -1.311254
1.014529 0.352522 -0.300662
0.129214 0.410144 -1.324094
0.987401 0.357636 -0.250591
0.136803 0.411735 -1.229973
0.468072 0.588514 0.098525
0.316658 0.591616 -0.098958
0.524711 0.726567 0.451734
0.368063 0.746201 -0.063602
0.500230 0.844287 0.846196
0.350897 0.877751 0.273570
0.460943 0.862073 0.870912
0.351662 0.885456 0.299803
0.597351 0.883475 0.699676
0.378394 0.943368 0.087292
0.444438 0.227473 -0.457667
0.446503 0.210436 -0.399263
0.455129 0.210412 -0.400203
0.462170 0.210051 -0.400193
0.416194 0.211022 -0.437776
0.403542 0.212337 -0.438716
0.391789 0.214309 -0.439261
0.453093 0.214518 -0.122325
0.361651 0.225529 -0.293508
0.458930 0.245005 -0.346138
0.422299 0.246109 -0.402799
0.521681 0.309838 0.026676
0.275813 0.323586 -0.302429
0.726818 0.336387 0.027889
0.121384 0.392387 -0.781781
0.955721 0.344997 -0.113516
0.014095 0.441226 -1.305498
1.013838 0.345698 -0.121161
-0.023595 0.453382 -1.413001
1.020050 0.348210 -0.199087
-0.014465 0.450590 -1.441940
0.994425 0.353104 -0.153453
0.016408 0.449025 -1.338592
0.473180 0.579179 0.107292
0.321242 0.583376 -0.107961
0.511772 0.723133 0.556899
0.363356 0.740289 -0.030621
0.498661 0.843873 1.034118
0.348632 0.874298 0.356378
0.462563 0.862020 1.064480
0.351231 0.883237 0.384650
0.597390 0.883058 0.865376
0.377995 0.943961 0.140796
0.443651 0.215984 -0.454962
0.445642 0.198899 -0.395986
0.453337 0.198541 -0.396924
0.460604 0.198191 -0.396915
0.414575 0.200254 -0.435578
0.401936 0.201764 -0.436508
0.389787 0.203256 -0.437073
0.450894 0.203867 -0.113359
0.359871 0.211403 -0.292905
0.457312 0.234332 -0.343923
0.420534 0.233863 -0.401616
0.522176 0.301678 0.041830
0.268102 0.313369 -0.308658
0.730096 0.337105 0.039376
0.122843 0.389017 -0.810072
0.954383 0.347289 -0.122098
0.010278 0.437256 -1.381506
1.013291 0.348977 -0.133994
-0.029453 0.456006 -1.505213
1.020044 0.352621 -0.218371
-0.010865 0.457121 -1.533705
0.994258 0.356549 -0.164946
0.013489 0.455750 -1.415582
0.473963 0.571675 0.112781
0.321685 0.577092 -0.113523
0.497903 0.721035 0.585433
0.360939 0.735052 -0.035281
0.494283 0.840692 1.081896
0.347352 0.871766 0.346454
0.462449 0.860860 1.113115
0.351085 0.881776 0.372893
0.597303 0.881963 0.899492
0.376240 0.944057 0.103710
0.440534 0.210612 -0.509488
0.443852 0.193296 -0.442517
0.451609 0.193043 -0.443499
0.459963 0.192697 -0.443474
0.411234 0.193560 -0.483907
0.398340 0.194407 -0.484828
0.385227 0.195422 -0.485424
0.449566 0.197904 -0.135423
0.354638 0.204316 -0.306585
0.454173 0.227035 -0.382727
0.415914 0.228722 -0.444594
0.522445 0.295522 0.028062
0.257826 0.310333 -0.314091
0.730540 0.336159 0.021533
0.116324 0.390512 -0.819194
0.950107 0.351246 -0.170352
-0.000057 0.446898 -1.416293
1.010603 0.354974 -0.191035
-0.026582 0.466309 -1.549095
1.016846 0.357792 -0.278481
-0.018124 0.465104 -1.581012
0.989262 0.360315 -0.215219
0.002097 0.463248 -1.452723
0.474272 0.567373 0.117793
0.321122 0.574029 -0.118488
0.489370 0.720692 0.613906
0.356357 0.734417 -0.032474
0.489104 0.839944 1.180312
0.346696 0.871402 0.392404
0.462339 0.860512 1.218322
0.350900 0.881715 0.422363
0.595817 0.881296 0.989464
0.372843 0.944070 0.127062
0.438887 0.206318 -0.591683
0.440893 0.188301 -0.521703
0.448785 0.187960 -0.522695
0.457302 0.187722 -0.522644
0.410300 0.188537 -0.566440
0.398136 0.189423 -0.567295
0.384871 0.190570 -0.567852
0.445572 0.193887 -0.144462
0.353209 0.202261 -0.369238
0.453079 0.221632 -0.452140
0.415626 0.224151 -0.518511
0.522405 0.291708 0.027775
0.254497 0.303772 -0.344213
0.726752 0.339718 0.017334
0.127392 0.389434 -0.832772
0.947710 0.363136 -0.221644
-0.000169 0.452173 -1.427953
1.010249 0.368883 -0.221866
-0.029662 0.467870 -1.568162
1.017060 0.371503 -0.354472
-0.026864 0.475763 -1.613986
0.989672 0.373579 -0.229879
-0.006187 0.473802 -1.470028
0.475707 0.565651 0.137422
0.321548 0.571502 -0.138003
0.486147 0.718558 0.709886
0.348824 0.732833 -0.041686
0.484554 0.839778 1.378796
0.346372 0.872009 0.401504
0.461033 0.860516 1.424768
0.350784 0.882198 0.430023
0.594357 0.881262 1.151654
0.372133 0.946226 0.080008
0.437248 0.205565 -0.648752
0.437326 0.187676 -0.580658
0.446248 0.187421 -0.581681
0.454751 0.187305 -0.581645
0.407559 0.187476 -0.622095
0.396197 0.188649 -0.622925
0.383045 0.190186 -0.623463
0.441244 0.195818 -0.206225
0.351975 0.202880 -0.410894
0.451357 0.221723 -0.507369
0.414837 0.222729 -0.569418
0.522340 0.293306 0.015860
0.248117 0.306679 -0.358425
0.725132 0.345486 -0.008590
0.131959 0.395063 -0.812047
0.935627 0.370485 -0.268260
0.006001 0.470204 -1.369520
1.000904 0.376285 -0.305816
-0.023557 0.492496 -1.503477
1.004167 0.379869 -0.433187
-0.023478 0.498176 -1.554454
0.976750 0.376513 -0.316852
-0.001099 0.492250 -1.412358
0.477880 0.567469 0.137314
0.322616 0.573587 -0.137890
0.483192 0.718617 0.741682
0.345657 0.734488 -0.010978
0.481771 0.839819 1.467414
0.346281 0.872073 0.440326
0.460622 0.860519 1.519040
0.352145 0.883388 0.468605
0.590150 0.880906 1.238801
0.369732 0.949157 0.091247
0.437643 0.205453 -0.750554
0.436927 0.188023 -0.681825
0.445878 0.187578 -0.682909
0.453697 0.187277 -0.682890
0.407378 0.188386 -0.727377
0.395479 0.189667 -0.728193
0.382697 0.191187 -0.728715
0.439130 0.197121 -0.308631
0.350700 0.204254 -0.522694
0.451309 0.222300 -0.606280
0.415448 0.223584 -0.673115
0.522445 0.294542 -0.066163
0.245305 0.310717 -0.460816
0.713292 0.352143 -0.035148
0.131817 0.403147 -0.863978
0.908405 0.395935 -0.358290
0.008504 0.495381 -1.398411
0.971529 0.417369 -0.410248
-0.014753 0.526989 -1.536139
0.968386 0.418202 -0.523377
-0.014663 0.530708 -1.595134
0.943446 0.411716 -0.414257
0.005287 0.521099 -1.443721
0.479665 0.567838 0.141283
0.324355 0.574641 -0.141819
0.477992 0.718343 0.752185
0.343621 0.736087 0.000747
0.477327 0.839884 1.479412
0.346060 0.872449 0.520023
0.454339 0.860896 1.530018
0.352875 0.883490 0.555051
0.588973 0.880827 1.245328
0.369235 0.950326 0.183544
0.436275 0.206865 -0.800745
0.435074 0.190576 -0.727840
0.444040 0.190147 -0.728902
0.451781 0.189694 -0.728787
0.405151 0.190722 -0.773718
0.393006 0.191725 -0.774507
0.379712 0.193313 -0.774966
0.437664 0.199492 -0.342565
0.347077 0.206273 -0.554665
0.449542 0.224220 -0.651992
0.414177 0.225140 -0.718765
0.522291 0.300081 -0.093979
0.245474 0.316562 -0.486491
0.700934 0.361561 -0.159940
0.135546 0.410812 -0.839142
0.875950 0.424136 -0.633248
0.016262 0.522356 -1.231899
0.921189 0.451572 -0.715186
-0.006146 0.559395 -1.363043
0.922647 0.454183 -0.817643
0.001110 0.563558 -1.439785
0.901501 0.447408 -0.689939
0.019129 0.550214 -1.278699
0.481100 0.569922 0.145563
0.327023 0.577398 -0.146140
0.477043 0.717529 0.799770
0.343599 0.737284 0.082518
0.476441 0.839703 1.531107
0.345883 0.873277 0.671214
0.450836 0.860842 1.582764
0.352744 0.884050 0.713861
0.587894 0.880167 1.297514
0.369677 0.952397 0.356268
0.436635 0.208110 -0.836234
0.435468 0.191389 -0.763581
0.444245 0.190944 -0.764684
0.451661 0.190637 -0.764573
0.405682 0.192045 -0.811551
0.392427 0.193094 -0.812338
0.379592 0.194291 -0.812806
0.437341 0.200584 -0.374227
0.346490 0.206688 -0.595703
0.449507 0.225579 -0.685113
0.414216 0.226790 -0.754659
0.521698 0.303442 -0.114806
0.239726 0.321543 -0.513821
0.678137 0.377952 -0.153653
0.134733 0.442099 -0.824829
0.824277 0.454186 -0.597633
0.031731 0.544898 -1.241980
0.866597 0.481980 -0.679738
0.013361 0.587079 -1.374544
0.862794 0.485528 -0.781371
0.020641 0.587912 -1.439946
0.841511 0.479146 -0.652291
0.038220 0.574056 -1.285773
0.481579 0.571888 0.146442
0.326632 0.579409 -0.147018
0.476238 0.718113 0.758760
0.340203 0.738559 0.093708
0.475853 0.839750 1.506226
0.344985 0.873475 0.740234
0.448320 0.860816 1.559592
0.352672 0.884110 0.789188
0.587748 0.880054 1.267987
0.370110 0.952159 0.438878
0.436150 0.208230 -0.810786
0.435207 0.191268 -0.742441
0.443694 0.191080 -0.743535
0.450559 0.190970 -0.743430
0.405645 0.191828 -0.784616
0.391530 0.192971 -0.785426
0.378735 0.194314 -0.785887
0.436069 0.201287 -0.380573
0.344795 0.207958 -0.574396
0.448176 0.225474 -0.670921
0.412790 0.226481 -0.732356
0.520557 0.304437 -0.145050
0.235838 0.324532 -0.486125
0.640745 0.389245 -0.173635
0.141326 0.458632 -0.686564
0.757053 0.477269 -0.611796
0.036258 0.565963 -1.045325
0.793166 0.504018 -0.693374
0.020599 0.606912 -1.164587
0.791205 0.507626 -0.794708
0.051192 0.608542 -1.236433
0.770260 0.500502 -0.663961
0.071672 0.598494 -1.087099
0.481690 0.572033 0.144851
0.326520 0.579849 -0.145434
0.476011 0.717351 0.740093
0.340483 0.739140 0.022198
0.475490 0.839096 1.321041
0.344332 0.873653 0.558040
0.447463 0.859529 1.369137
0.352284 0.883775 0.599130
0.585536 0.879723 1.113404
0.370861 0.951974 0.377126
0.433129 0.208641 -0.768965
0.432827 0.191702 -0.707228
0.441414 0.191663 -0.708344
0.448131 0.191633 -0.708283
0.403473 0.192284 -0.748655
0.388552 0.193429 -0.749472
0.376253 0.194792 -0.749902
0.433846 0.201648 -0.372454
0.342296 0.208499 -0.560886
0.445230 0.225116 -0.636970
0.409696 0.226674 -0.697014
0.518051 0.305630 -0.146811
0.234955 0.326249 -0.464197
0.615340 0.402957 -0.086829
0.150710 0.464968 -0.558641
0.710502 0.503632 -0.407333
0.110155 0.589800 -0.781844
0.733367 0.536900 -0.477980
0.102462 0.627647 -0.874247
0.723145 0.541078 -0.578624
0.130423 0.627957 -0.939178
0.707689 0.531123 -0.452011
0.141045 0.616572 -0.816187
0.481929 0.572448 0.131224
0.326636 0.580714 -0.131819
0.477335 0.717666 0.620942
0.338265 0.743358 0.044758
0.475849 0.839136 1.284771
0.342717 0.874899 0.589552
0.447604 0.859541 1.324215
0.350868 0.884353 0.631777
0.585558 0.879849 1.069932
0.370901 0.951854 0.362521
0.433419 0.209268 -0.694056
0.432932 0.192198 -0.641758
0.441239 0.191997 -0.642938
0.448321 0.191652 -0.642849
0.403387 0.193691 -0.687241
0.389063 0.195028 -0.688141
0.376143 0.196439 -0.688517
0.431021 0.201918 -0.359536
0.340706 0.210376 -0.530992
0.445572 0.226515 -0.577493
0.409716 0.227898 -0.642807
0.515709 0.307200 -0.138104
0.234651 0.327136 -0.428692
0.589720 0.416987 0.053118
0.162818 0.462206 -0.476917
0.660944 0.518363 -0.161488
0.151988 0.587150 -0.672529
0.669599 0.554111 -0.206084
0.146108 0.624008 -0.758016
0.663984 0.556545 -0.302386
0.172447 0.623904 -0.816656
0.649788 0.545676 -0.202129
0.183335 0.611300 -0.702394
0.481867 0.573122 0.121474
0.326935 0.580843 -0.122080
0.478075 0.717990 0.546136
0.337660 0.747174 0.018172
0.476020 0.838804 1.240252
0.342334 0.876218 0.533722
0.447715 0.859473 1.293895
0.350151 0.885186 0.573458
0.585383 0.879918 1.070803
0.370936 0.952269 0.318042
0.433129 0.210238 -0.585304
0.432331 0.193384 -0.538179
0.440263 0.193078 -0.539326
0.447712 0.192579 -0.539252
0.402735 0.195130 -0.580517
0.389243 0.196490 -0.581412
0.375681 0.197800 -0.581808
0.429078 0.202574 -0.283752
0.339037 0.211533 -0.467608
0.445233 0.227523 -0.477773
0.409411 0.229005 -0.538755
0.514519 0.308140 -0.103489
0.235726 0.327919 -0.375962
0.569176 0.425018 0.053680
0.179508 0.459133 -0.406454
0.617570 0.530252 -0.172901
0.182169 0.578885 -0.541249
0.623323 0.564722 -0.218975
0.191188 0.619329 -0.609917
0.617723 0.565780 -0.302863
0.219580 0.616649 -0.663137
0.605432 0.555121 -0.209015
0.223670 0.602543 -0.566370
0.482916 0.573355 0.114500
0.327369 0.581029 -0.115091
0.479165 0.718130 0.538704
0.337562 0.747387 0.035862
0.476223 0.838794 1.112181
0.341725 0.876711 0.517294
0.447818 0.859782 1.152955
0.349111 0.885331 0.558964
0.585449 0.879916 0.998189
0.371357 0.952402 0.310540
0.431503 0.211513 -0.520014
0.431106 0.194865 -0.476239
0.439073 0.194422 -0.477360
0.446760 0.193816 -0.477287
0.400977 0.196628 -0.514777
0.387624 0.197960 -0.515673
0.373596 0.199144 -0.516098
0.429356 0.203236 -0.232358
0.337751 0.212301 -0.405268
0.444111 0.228624 -0.417608
0.408010 0.230355 -0.473642
0.513897 0.308459 -0.076214
0.236812 0.328023 -0.324908
0.555852 0.428654 0.066708
0.201859 0.460524 -0.348528
0.585277 0.538255 -0.128869
0.211772 0.581255 -0.456880
0.584929 0.577282 -0.169644
0.219630 0.621114 -0.516603
0.571950 0.577283 -0.245773
0.253292 0.617858 -0.569403
0.564139 0.563820 -0.160382
0.259554 0.604036 -0.480774
0.485652 0.573829 0.104419
0.330588 0.581558 -0.105011
0.479980 0.718505 0.523663
0.336835 0.747420 0.040864
0.476384 0.838805 1.045592
0.341245 0.877638 0.471779
0.447892 0.859941 1.082596
0.348564 0.885951 0.505227
0.585600 0.879916 0.943213
0.371374 0.952731 0.292090
0.430439 0.211766 -0.546058
0.430570 0.195170 -0.499145
0.438599 0.194611 -0.500256
0.446549 0.193941 -0.500198
0.399961 0.197124 -0.535763
0.387167 0.198439 -0.536690
0.372784 0.199557 -0.537167
0.429817 0.203186 -0.237721
0.337705 0.212240 -0.402743
0.443336 0.228634 -0.438010
0.407181 0.230319 -0.491444
0.514064 0.308838 -0.074266
0.237535 0.327770 -0.314763
0.545974 0.433740 0.073173
0.213116 0.460753 -0.341142
0.559387 0.542443 -0.095270
0.220225 0.583588 -0.453035
0.558256 0.579398 -0.131944
0.226954 0.622507 -0.513400
0.542266 0.579872 -0.206579
0.258011 0.620023 -0.564518
0.534748 0.566637 -0.125144
0.264358 0.606356 -0.476391
0.486607 0.575677 0.093624
0.330570 0.582375 -0.094231
0.480556 0.721144 0.454812
0.332887 0.747776 0.056433
0.476460 0.839085 0.980573
0.340605 0.878465 0.468070
0.448289 0.860300 1.018370
0.348154 0.887199 0.499533
0.585538 0.880423 0.857697
0.371313 0.953181 0.283084
0.429702 0.212098 -0.471198
0.429865 0.195600 -0.430494
0.437765 0.195017 -0.431556
0.445718 0.194330 -0.431529
0.399342 0.197517 -0.457555
0.387017 0.198751 -0.458568
0.372388 0.199791 -0.459101
0.429517 0.203430 -0.198311
0.337470 0.212114 -0.319603
0.442750 0.228837 -0.374455
0.406806 0.230260 -0.415303
0.514190 0.309130 -0.067433
0.238210 0.327725 -0.224804
0.535020 0.433622 0.109141
0.218339 0.460439 -0.218224
0.533830 0.539576 0.059019
0.223091 0.581158 -0.297404
0.531710 0.573028 0.045258
0.228642 0.619172 -0.338692
0.521704 0.573290 -0.019769
0.258106 0.616828 -0.389083
0.514690 0.561868 0.036834
0.264152 0.603962 -0.319278
0.487803 0.575782 0.067490
0.330480 0.582605 -0.068116
0.480957 0.724019 0.323055
0.329889 0.747891 0.042426
0.476816 0.840967 0.794493
0.340044 0.880285 0.398015
0.448944 0.861920 0.828316
0.347686 0.889949 0.425238
0.585575 0.881411 0.676147
0.371251 0.953549 0.231251
0.429402 0.212462 -0.462460
0.429657 0.195980 -0.423207
0.437616 0.195397 -0.424224
0.445647 0.194716 -0.424187
0.398968 0.197810 -0.449308
0.386907 0.198973 -0.450348
0.372220 0.199931 -0.450899
0.429675 0.203643 -0.196874
0.337493 0.211848 -0.313789
0.442625 0.229149 -0.368039
0.406579 0.230437 -0.407507
0.514257 0.309338 -0.066067
0.238690 0.327867 -0.228920
0.528562 0.435505 0.103900
0.216440 0.462249 -0.214922
0.523208 0.538935 0.063187
0.220433 0.587376 -0.280821
0.519430 0.570474 0.052672
0.225877 0.626428 -0.319987
0.513817 0.571194 -0.010983
0.255935 0.623717 -0.370233
0.508493 0.560842 0.041756
0.262445 0.609829 -0.301844
0.488241 0.575766 0.061777
0.330410 0.582915 -0.062431
0.481256 0.725578 0.277322
0.328932 0.749065 0.033512
0.476854 0.842384 0.728962
0.339475 0.880837 0.360848
0.449057 0.863210 0.761487
0.347284 0.890263 0.388921
0.585599 0.882381 0.613552
0.370897 0.953906 0.199502
0.429389 0.212681 -0.487277
0.429638 0.196222 -0.443154
0.437640 0.195658 -0.444199
0.445710 0.194992 -0.444145
0.398802 0.197941 -0.475059
0.386896 0.199039 -0.476057
0.372204 0.199954 -0.476598
0.429603 0.203826 -0.199047
0.337573 0.211654 -0.341017
0.442570 0.229347 -0.386296
0.406526 0.230611 -0.433485
0.514039 0.309485 -0.051424
0.238974 0.327992 -0.264004
0.532247 0.434327 0.129126
0.212929 0.463231 -0.299966
0.535698 0.539250 0.061265
0.213219 0.587229 -0.433978
0.536340 0.571122 0.045084
0.217218 0.626917 -0.494155
0.527388 0.572204 -0.026831
0.248494 0.624258 -0.541793
0.519317 0.561286 0.035249
0.255112 0.609754 -0.456060
0.488152 0.575811 0.069160
0.330692 0.583442 -0.069789
0.481489 0.725794 0.372781
0.328936 0.749519 0.026856
0.477070 0.842581 0.882379
0.339090 0.881596 0.359125
0.449307 0.863346 0.918666
0.346896 0.890755 0.387337
0.585623 0.882717 0.761385
0.370905 0.954617 0.189582
0.429429 0.212872 -0.507316
0.429689 0.196447 -0.462024
0.437757 0.195906 -0.463099
0.446018 0.195259 -0.463041
0.398841 0.198012 -0.497909
0.386971 0.199013 -0.498859
0.372282 0.199905 -0.499362
0.429713 0.204038 -0.209880
0.337667 0.211449 -0.356200
0.442448 0.229588 -0.404770
0.406294 0.230814 -0.456733
0.512592 0.309605 -0.054120
0.238649 0.328410 -0.297206
0.539457 0.433468 0.099528
0.208179 0.463797 -0.354423
0.563837 0.542551 -0.032845
0.209863 0.587045 -0.515297
0.565071 0.574823 -0.061540
0.214752 0.626934 -0.582634
0.553480 0.575453 -0.138848
0.245274 0.623280 -0.633928
0.546400 0.563510 -0.063800
0.251874 0.609117 -0.540039
0.488398 0.576156 0.071984
0.331172 0.583706 -0.072651
0.481672 0.725773 0.511115
0.329033 0.749882 0.029541
0.477360 0.842592 1.020747
0.338586 0.883035 0.372850
0.449891 0.863342 1.056141
0.346206 0.893042 0.400462
0.585642 0.882720 0.925114
0.370911 0.956113 0.195515
0.429371 0.213049 -0.550054
0.429734 0.196626 -0.500722
0.437825 0.196092 -0.501841
0.446268 0.195454 -0.501757
0.398854 0.198159 -0.540718
0.387030 0.199123 -0.541602
0.372316 0.200003 -0.542010
0.429782 0.204214 -0.229067
0.337490 0.211327 -0.403505
0.442299 0.229780 -0.439590
0.406188 0.230944 -0.497773
0.511424 0.309698 -0.059674
0.236118 0.328515 -0.312107
0.546143 0.432222 0.046773
0.198104 0.463021 -0.369307
0.579596 0.538874 -0.210291
0.178018 0.583577 -0.523796
0.583731 0.573351 -0.261526
0.172666 0.623267 -0.590824
0.576755 0.573838 -0.341859
0.194138 0.619430 -0.649437
0.567994 0.562257 -0.245574
0.205816 0.605857 -0.551831
0.488300 0.575675 0.084937
0.331161 0.583847 -0.085578
0.481796 0.724836 0.525186
0.328447 0.749644 -0.017804
0.477385 0.842392 1.079978
0.338389 0.883528 0.341708
0.449937 0.863332 1.119365
0.345656 0.894730 0.369270
0.585471 0.882710 0.962394
0.370946 0.956460 0.140126
0.428875 0.213186 -0.605178
0.429519 0.196760 -0.553952
0.437839 0.196232 -0.555081
0.446326 0.195602 -0.555031
0.398499 0.198269 -0.593317
0.386803 0.199201 -0.594179
0.371790 0.200065 -0.594575
0.429825 0.204340 -0.272569
0.336761 0.211178 -0.450265
0.441706 0.229915 -0.491989
0.405624 0.231084 -0.549558
0.510487 0.309758 -0.093882
0.232816 0.329342 -0.347269
0.548380 0.430904 0.012886
0.183319 0.468879 -0.385549
0.604907 0.534889 -0.234604
0.130210 0.582929 -0.548688
0.609997 0.569287 -0.282598
0.122049 0.622897 -0.618641
0.609224 0.570225 -0.372284
0.133132 0.621913 -0.704723
0.594986 0.559482 -0.273998
0.144876 0.609176 -0.591352
0.487821 0.575737 0.088433
0.330597 0.583962 -0.089097
0.481891 0.724818 0.513508
0.328343 0.751205 -0.018627
0.476964 0.842204 1.113613
0.338358 0.883503 0.390387
0.449926 0.863176 1.158443
0.345251 0.894538 0.425809
0.584961 0.882625 0.996653
0.371163 0.956598 0.192341
0.428825 0.213261 -0.666843
0.429535 0.196831 -0.612016
0.437887 0.196302 -0.613157
0.446394 0.195690 -0.613122
0.398395 0.198337 -0.651228
0.386640 0.199282 -0.652104
0.371597 0.200138 -0.652567
0.429857 0.204439 -0.310530
0.336505 0.211063 -0.491185
0.441355 0.230007 -0.546771
0.405626 0.231218 -0.604628
0.510386 0.309784 -0.115400
0.232328 0.329247 -0.387726
0.567552 0.430428 0.015361
0.166832 0.467677 -0.511436
0.659786 0.532758 -0.164241
0.069162 0.582091 -0.780289
0.678541 0.566545 -0.193106
0.046654 0.622722 -0.867109
0.677945 0.566998 -0.317466
0.053517 0.619820 -0.941569
0.664841 0.556351 -0.216603
0.070522 0.607196 -0.821299
0.487425 0.576181 0.094332
0.327419 0.584056 -0.094981
0.481963 0.725005 0.571895
0.328493 0.752212 -0.013088
0.476827 0.842106 1.227151
0.338411 0.883413 0.477376
0.449952 0.862959 1.276147
0.345235 0.894486 0.516950
0.584365 0.882619 1.102583
0.371232 0.956650 0.272682
0.428846 0.213354 -0.724860
0.429636 0.196933 -0.665099
0.438291 0.196389 -0.666238
0.446667 0.195788 -0.666188
0.398449 0.198391 -0.702177
0.386663 0.199316 -0.702999
0.371624 0.200177 -0.703454
0.429893 0.204514 -0.338598
0.336501 0.211119 -0.510679
0.441351 0.230105 -0.596658
0.405665 0.231406 -0.651938
0.511180 0.309576 -0.146613
0.232475 0.329087 -0.404728
0.596187 0.422051 -0.111492
0.147017 0.467447 -0.652806
0.712882 0.518474 -0.411025
0.035475 0.562041 -1.068377
0.743780 0.552403 -0.469721
0.012458 0.602201 -1.181625
0.744269 0.555127 -0.571461
0.015231 0.603040 -1.252553
0.726677 0.545661 -0.459246
0.032793 0.589383 -1.112839
0.486331 0.576242 0.099595
0.324049 0.583948 -0.100186
0.483392 0.724950 0.587624
0.330641 0.752010 -0.054311
0.476827 0.841811 1.258503
0.338594 0.883373 0.400391
0.449974 0.862951 1.306358
0.345586 0.894500 0.432795
0.584042 0.882615 1.093268
0.371056 0.957079 0.126676
0.428892 0.213694 -0.690756
0.429725 0.197186 -0.632432
0.438657 0.196663 -0.633568
0.446963 0.196109 -0.633520
0.399200 0.198597 -0.670359
0.387099 0.199420 -0.671168
0.372634 0.200243 -0.671613
0.430045 0.204585 -0.318350
0.336567 0.211175 -0.491914
0.441360 0.230515 -0.566792
0.405906 0.231717 -0.622956
0.511813 0.309590 -0.133771
0.232755 0.328713 -0.393325
0.625192 0.412770 -0.096139
0.136501 0.455568 -0.626401
0.762142 0.498002 -0.375945
0.007648 0.548129 -0.964038
0.806300 0.529782 -0.424734
-0.013840 0.584250 -1.054415
0.807090 0.534061 -0.523110
-0.016169 0.586459 -1.127070
0.786066 0.526431 -0.423147
0.004466 0.573315 -1.007885
0.483482 0.577659 0.106232
0.319924 0.584165 -0.106809
0.483957 0.724999 0.596768
0.331372 0.752402 -0.062038
0.476573 0.842494 1.189504
0.338691 0.884092 0.385297
0.449252 0.865117 1.230018
0.345802 0.895396 0.416748
0.584062 0.882909 1.069798
0.370880 0.957969 0.114801
0.429771 0.215471 -0.723660
0.430766 0.198766 -0.662109
0.440440 0.198296 -0.663234
0.448453 0.197846 -0.663168
0.401029 0.200316 -0.698901
0.388192 0.201292 -0.699644
0.374360 0.202209 -0.700016
0.431000 0.205648 -0.330800
0.336584 0.213389 -0.500680
0.442591 0.232737 -0.593602
0.407114 0.234576 -0.648537
0.513976 0.309816 -0.148539
0.234438 0.328504 -0.389176
0.660905 0.405346 -0.155065
0.129073 0.443753 -0.655178
0.818184 0.481465 -0.480717
-0.005644 0.528087 -1.022329
0.864376 0.510069 -0.539084
-0.033545 0.555483 -1.112782
0.864848 0.512672 -0.634071
-0.052245 0.559194 -1.187344
0.840672 0.505263 -0.528597
-0.026022 0.548119 -1.068673
0.480890 0.577673 0.110244
0.317281 0.584178 -0.110824
0.486574 0.724374 0.574859
0.332770 0.752004 -0.103523
0.476399 0.842578 1.166265
0.339043 0.884095 0.333819
0.448245 0.866012 1.205592
0.346507 0.895356 0.362766
0.584135 0.882850 0.967464
0.370739 0.957993 0.030427
0.432646 0.227635 -0.799951
0.434317 0.210181 -0.734202
0.443995 0.210187 -0.735312
0.451616 0.209909 -0.735229
0.401655 0.209235 -0.772287
0.388424 0.209349 -0.773050
0.374524 0.210161 -0.773451
0.435017 0.216782 -0.373145
0.337131 0.221558 -0.549782
0.444791 0.243530 -0.658418
0.407370 0.247477 -0.715349
0.519256 0.315979 -0.159358
0.242449 0.329187 -0.413587
0.692758 0.401060 -0.150537
0.126457 0.434643 -0.692108
0.867673 0.469601 -0.494083
-0.019102 0.506295 -1.097245
0.922866 0.495938 -0.552084
-0.051241 0.522427 -1.196852
0.920914 0.499121 -0.653882
-0.083556 0.525997 -1.270535
0.892019 0.491115 -0.545484
-0.047582 0.519867 -1.144910
0.475831 0.578491 0.117389
0.313169 0.584763 -0.117933
0.489997 0.727072 0.590441
0.335980 0.752133 -0.143079
0.476617 0.843158 1.269183
0.340937 0.883998 0.348793
0.447929 0.866055 1.315909
0.347589 0.894708 0.381333
0.584142 0.883574 1.032422
0.370783 0.958017 0.040271
0.434010 0.241392 -0.782878
0.435341 0.224694 -0.717756
0.444526 0.224545 -0.718799
0.452133 0.224272 -0.718700
0.402445 0.225119 -0.754280
0.389493 0.225673 -0.755082
0.375286 0.226900 -0.755545
0.437959 0.231490 -0.362260
0.341023 0.236881 -0.533457
0.445884 0.257518 -0.644252
0.410596 0.260719 -0.699067
0.526298 0.327025 -0.153047
0.249591 0.338085 -0.425833
0.718712 0.397846 -0.191718
0.122721 0.431876 -0.824172
0.905941 0.451195 -0.534614
-0.020587 0.496615 -1.365629
0.968035 0.472809 -0.587465
-0.054714 0.510104 -1.490983
0.967258 0.474607 -0.686439
-0.079438 0.513835 -1.548495
0.940997 0.471027 -0.586008
-0.043765 0.510264 -1.410881
0.472871 0.581148 0.117840
0.311158 0.587836 -0.118358
0.496318 0.729355 0.640316
0.340614 0.752152 -0.148091
0.476735 0.843149 1.319050
0.344935 0.884070 0.268498
0.447507 0.866126 1.365439
0.353842 0.894666 0.294058
0.584139 0.884442 1.095370
0.370775 0.958010 -0.070941
0.434712 0.258979 -0.640145
0.435506 0.242187 -0.581738
0.444513 0.241764 -0.582695
0.452117 0.241482 -0.582626
0.404347 0.243695 -0.613116
0.392664 0.244336 -0.613970
0.378264 0.245134 -0.614497
0.438367 0.248509 -0.279917
0.343150 0.254803 -0.428323
0.445961 0.276145 -0.525093
0.412251 0.276797 -0.572767
0.529213 0.340317 -0.123128
0.254682 0.350646 -0.400803
0.733698 0.396078 -0.144458
0.125547 0.428955 -0.835619
0.937090 0.437641 -0.380470
-0.003859 0.489509 -1.394162
0.992919 0.453355 -0.383824
-0.035456 0.509913 -1.513309
0.995171 0.455511 -0.477558
-0.035664 0.513056 -1.556198
0.972195 0.454268 -0.427765
-0.008082 0.509828 -1.434306
0.468677 0.587860 0.115752
0.308404 0.595621 -0.116262
0.504559 0.729527 0.638249
0.343539 0.752686 -0.185267
0.477034 0.843190 1.128443
0.347783 0.884254 0.144584
0.447066 0.867463 1.160668
0.356835 0.894918 0.164276
0.583828 0.885081 0.934907
0.374118 0.957840 -0.143250
0.438245 0.282258 -0.583838
0.439073 0.264128 -0.524787
0.447215 0.263247 -0.525669
0.454928 0.262438 -0.525558
0.408952 0.266118 -0.557137
0.397476 0.266801 -0.557942
0.383699 0.267861 -0.558424
0.440125 0.269753 -0.240360
0.351691 0.276497 -0.391792
0.449725 0.298202 -0.476924
0.417001 0.300296 -0.525491
0.530235 0.356434 -0.100616
0.264825 0.369499 -0.401913
0.740019 0.397160 -0.137011
0.129547 0.428190 -0.915362
0.960530 0.429532 -0.321849
0.009488 0.483701 -1.526207
1.016115 0.436874 -0.321484
-0.021861 0.504413 -1.659200
1.022958 0.439421 -0.416555
-0.033351 0.511984 -1.694805
0.994252 0.440609 -0.367822
-0.005903 0.509250 -1.564892
0.461506 0.598108 0.115752
0.304554 0.606303 -0.116274
0.516829 0.730764 0.514987
0.349108 0.754235 -0.404425
0.479321 0.843209 1.064835
0.350881 0.884180 -0.077192
0.447398 0.867498 1.103269
0.357306 0.894321 -0.054519
0.586722 0.885108 0.920997
0.375440 0.956720 -0.331787
0.442029 0.303413 -0.848682
0.442100 0.285896 -0.786145
0.449786 0.284823 -0.787019
0.457222 0.284016 -0.786916
0.413632 0.289122 -0.818702
0.402694 0.290513 -0.819458
0.388445 0.291646 -0.819937
0.444413 0.291956 -0.447792
0.357648 0.301544 -0.602948
0.453963 0.320189 -0.718319
0.423018 0.322293 -0.768034
0.530165 0.373495 -0.225171
0.274507 0.389692 -0.549509
0.745521 0.398406 -0.224180
0.128280 0.445208 -1.072550
0.966123 0.424227 -0.418160
0.013308 0.489428 -1.757599
1.030914 0.426914 -0.437550
-0.014633 0.507505 -1.915372
1.033740 0.428381 -0.539513
-0.022659 0.513719 -1.954464
0.999499 0.432564 -0.466938
0.006682 0.508964 -1.799873
0.454332 0.606415 0.124845
0.301391 0.615461 -0.125182
0.527653 0.736866 0.498157
0.357803 0.758130 -0.550115
0.481879 0.844225 1.220269
0.356184 0.884339 -0.050098
0.447656 0.868376 1.275891
0.357122 0.895264 -0.013262
0.592368 0.886033 1.020102
0.377713 0.955778 -0.369722
0.447958 0.326828 -0.930270
0.446113 0.308540 -0.872158
0.452655 0.307163 -0.872986
0.459193 0.305673 -0.872961
0.421548 0.310708 -0.901257
0.411778 0.311415 -0.901992
0.397886 0.312215 -0.902452
0.447271 0.312646 -0.560298
0.364865 0.322578 -0.696696
0.458514 0.343226 -0.809283
0.430400 0.344629 -0.853509
0.530034 0.392435 -0.331966
0.275881 0.415935 -0.633159
0.739791 0.405971 -0.322556
0.119060 0.474361 -1.139787
0.955715 0.418806 -0.504426
0.114316 0.483320 -1.784610
1.015895 0.418055 -0.535040
0.123969 0.490190 -1.942320
1.021943 0.423088 -0.623929
0.160108 0.480077 -1.945985
0.993614 0.426869 -0.546941
0.168113 0.479381 -1.809591
0.444445 0.614856 0.123638
0.294058 0.623650 -0.124008
0.539845 0.739997 0.022975
0.362366 0.763624 -0.658265
0.486546 0.848362 0.680751
0.355977 0.884387 -0.057129
0.448169 0.870838 0.728646
0.355596 0.895232 -0.008836
0.600072 0.886767 0.452764
0.377657 0.955513 -0.341484
0.452539 0.351697 -0.845580
0.450466 0.332881 -0.791606
0.456589 0.331978 -0.792448
0.463066 0.331036 -0.792435
0.426064 0.335108 -0.821351
0.415883 0.336335 -0.822071
0.402106 0.337697 -0.822473
0.452221 0.338807 -0.495276
0.371149 0.348750 -0.632426
0.463813 0.367612 -0.729190
0.434592 0.368312 -0.773994
0.529872 0.411491 -0.290358
0.285000 0.433773 -0.561459
0.730101 0.421561 -0.266970
0.138652 0.489417 -1.020044
0.949550 0.423443 -0.447005
0.111254 0.503872 -1.619318
1.008115 0.422731 -0.484589
0.058902 0.498695 -1.746643
1.013605 0.423982 -0.581002
0.071969 0.500100 -1.784570
0.988955 0.428363 -0.490920
0.082144 0.487611 -1.657784
0.437112 0.624814 0.122894
0.290183 0.633654 -0.123294
0.549338 0.743703 0.009775
0.368024 0.768327 -0.614901
0.494399 0.848429 0.598135
0.355683 0.884541 -0.082985
0.453014 0.870693 0.640525
0.353475 0.894864 -0.039475
0.601386 0.887542 0.392700
0.377614 0.954357 -0.340102
0.459054 0.374881 -0.785465
0.455798 0.356561 -0.782908
0.460767 0.355478 -0.783284
0.466196 0.354444 -0.784236
0.432075 0.358361 -0.805146
0.422534 0.359099 -0.805339
0.409508 0.359607 -0.805392
0.452172 0.362350 -0.483146
0.376107 0.368479 -0.624430
0.468336 0.389639 -0.694242
0.439996 0.392373 -0.746161
0.525332 0.431167 -0.333939
0.281849 0.455077 -0.589329
0.723337 0.437093 -0.325729
0.178224 0.517736 -1.026671
0.939601 0.430342 -0.439522
0.216505 0.507052 -1.518091
1.001030 0.433897 -0.462531
0.220931 0.509066 -1.634863
1.003307 0.435378 -0.567195
0.229848 0.505341 -1.658573
0.979141 0.438104 -0.476533
0.229554 0.499266 -1.545491
0.430252 0.636388 0.119989
0.284540 0.646011 -0.120256
0.561701 0.746988 0.025077
0.373150 0.776941 -0.549578
0.500921 0.848566 0.532843
0.355531 0.885476 -0.051082
0.458426 0.870575 0.573016
0.351189 0.894690 -0.004117
0.603518 0.887843 0.419478
0.377393 0.954362 -0.291596
0.460782 0.396019 -0.670084
0.459170 0.378490 -0.644537
0.465031 0.377675 -0.645255
0.471362 0.377072 -0.645523
0.433682 0.379023 -0.662449
0.423937 0.379224 -0.663013
0.411125 0.380027 -0.663283
0.456526 0.383492 -0.479759
0.379403 0.388882 -0.529965
0.470794 0.410904 -0.590359
0.440123 0.411549 -0.621772
0.522538 0.445297 -0.289439
0.288690 0.465657 -0.584975
0.712293 0.454190 -0.320095
0.264927 0.528615 -0.968408
0.926955 0.442349 -0.448779
0.288813 0.535411 -1.477425
0.986787 0.435390 -0.463529
0.290914 0.537737 -1.597104
0.988937 0.438907 -0.549680
0.308064 0.519224 -1.623850
0.964406 0.447323 -0.482705
0.312079 0.516793 -1.507311
0.425640 0.646717 0.115515
0.282031 0.656280 -0.115732
0.567879 0.750058 -0.011542
0.377567 0.783429 -0.535617
0.501823 0.849621 0.462228
0.354643 0.886370 -0.094478
0.459163 0.870488 0.500858
0.347489 0.894736 -0.051631
0.602989 0.888209 0.376550
0.378138 0.954242 -0.240426
0.464312 0.416514 -0.606266
0.464254 0.399125 -0.573590
0.470996 0.398594 -0.574373
0.477527 0.398230 -0.574499
0.438428 0.399834 -0.594235
0.428393 0.400292 -0.594836
0.415320 0.401143 -0.595107
0.462771 0.403025 -0.378298
0.384507 0.407757 -0.460838
0.474241 0.431505 -0.521704
0.443417 0.430992 -0.553826
0.523400 0.463278 -0.256620
0.297543 0.477532 -0.476642
0.702126 0.472954 -0.280663
0.322972 0.544288 -0.892637
0.926524 0.465086 -0.439080
0.357277 0.550743 -1.360942
0.986042 0.463544 -0.458288
0.360982 0.555738 -1.473540
0.980950 0.467194 -0.526413
0.376088 0.543133 -1.485524
0.956040 0.473439 -0.477168
0.375715 0.543372 -1.384718
0.420991 0.658217 0.114012
0.279866 0.665699 -0.114167
0.572206 0.753628 -0.091139
0.379783 0.786340 -0.632678
0.501004 0.850792 0.358376
0.354430 0.886600 -0.204143
0.458956 0.869240 0.394694
0.344204 0.894642 -0.161250
0.597754 0.888854 0.269924
0.377964 0.953833 -0.317964
0.464854 0.432871 -0.586793
0.466158 0.414383 -0.555655
0.472946 0.413272 -0.556392
0.479834 0.412465 -0.556496
0.439472 0.415258 -0.569463
0.428797 0.415758 -0.570031
0.415922 0.417163 -0.570275
0.468710 0.417973 -0.358854
0.387336 0.425582 -0.418033
0.476254 0.447174 -0.505857
0.443817 0.446923 -0.528364
0.525800 0.479885 -0.261311
0.301051 0.492890 -0.418727
0.686101 0.489306 -0.468692
0.335192 0.547130 -0.821380
0.892787 0.489317 -0.797121
0.394435 0.569019 -1.279033
0.958191 0.492816 -0.862491
0.411451 0.580797 -1.394800
0.947680 0.496497 -0.912120
0.434125 0.571384 -1.408587
0.921062 0.500523 -0.826955
0.433211 0.570202 -1.302930
0.419368 0.669525 0.097037
0.277935 0.676018 -0.097137
0.570147 0.757464 -0.165264
0.381741 0.788353 -0.650728
0.498833 0.853099 0.255141
0.354261 0.887282 -0.249596
0.457083 0.869218 0.289346
0.340636 0.894083 -0.209004
0.595419 0.888955 0.170078
0.377930 0.953237 -0.356694
0.466078 0.447786 -0.606774
0.467181 0.428185 -0.575083
0.473937 0.426871 -0.575781
0.480267 0.425775 -0.575842
0.440652 0.429752 -0.593857
0.429285 0.430119 -0.594410
0.416420 0.431223 -0.594603
0.470070 0.431185 -0.366571
0.388030 0.439373 -0.452182
0.477617 0.461133 -0.523757
0.445010 0.461175 -0.552447
0.525901 0.490459 -0.268497
0.304882 0.505845 -0.429765
0.669431 0.506954 -0.502362
0.348818 0.555253 -0.813695
0.855640 0.513101 -0.882286
0.449972 0.587847 -1.168696
0.919189 0.519231 -0.959889
0.477151 0.608972 -1.279226
0.913617 0.523217 -1.008305
0.499374 0.599535 -1.293265
0.885260 0.526104 -0.912554
0.494771 0.595363 -1.188984
0.417784 0.675697 0.098210
0.278246 0.684438 -0.098374
0.574529 0.761640 -0.107338
0.387912 0.793074 -0.656777
0.498286 0.854004 0.300803
0.354829 0.888483 -0.222926
0.455274 0.869209 0.335503
0.340820 0.893248 -0.175529
0.595639 0.889343 0.257655
0.377933 0.953203 -0.305911
0.468135 0.458503 -0.629383
0.468253 0.438566 -0.596637
0.474819 0.437354 -0.597053
0.480935 0.436276 -0.597129
0.442902 0.441195 -0.607356
0.431150 0.441758 -0.607525
0.418118 0.442612 -0.607212
0.470572 0.440747 -0.430127
0.388440 0.450373 -0.512730
0.479378 0.471578 -0.537561
0.447363 0.471548 -0.559875
0.525962 0.498601 -0.318009
0.310133 0.513997 -0.508328
0.657474 0.522864 -0.565314
0.349495 0.562391 -0.830128
0.829507 0.535897 -0.981565
0.480420 0.604400 -1.145168
0.889081 0.544119 -1.070622
0.514067 0.629586 -1.252734
0.883720 0.550085 -1.115189
0.543693 0.619620 -1.260227
0.856468 0.552220 -1.010511
0.530224 0.612569 -1.160703
0.420084 0.678472 0.098720
0.279175 0.688962 -0.098875
0.575762 0.764308 -0.141227
0.388756 0.795017 -0.625634
0.497861 0.854102 0.252263
0.360107 0.887505 -0.228854
0.453373 0.869123 0.286085
0.343217 0.891335 -0.185386
0.595559 0.889486 0.204417
0.378482 0.952734 -0.289344
0.469575 0.466875 -0.641492
0.468145 0.447367 -0.610654
0.474678 0.446255 -0.611019
0.480599 0.444989 -0.611087
0.443620 0.448872 -0.617437
0.431771 0.449272 -0.617350
0.419175 0.450228 -0.616781
0.469819 0.448420 -0.452931
0.389468 0.457292 -0.534551
0.479898 0.479132 -0.548995
0.450121 0.478954 -0.566315
0.526205 0.503187 -0.337963
0.312973 0.526700 -0.529181
0.652726 0.535293 -0.569050
0.371246 0.578014 -0.815352
0.816472 0.554700 -0.968166
0.521982 0.626553 -1.067835
0.874405 0.569275 -1.055677
0.562480 0.652426 -1.168554
0.861812 0.575277 -1.100617
0.590379 0.643901 -1.174208
0.834742 0.577094 -0.996487
0.578245 0.635737 -1.081343
0.421205 0.685702 0.098993
0.279480 0.696897 -0.099137
0.576766 0.768251 -0.093142
0.393666 0.799883 -0.566217
0.499555 0.854192 0.259622
0.359931 0.894495 -0.197238
0.453738 0.869430 0.289934
0.341831 0.896179 -0.157904
0.595250 0.890752 0.222532
0.378802 0.952776 -0.259049
0.469041 0.472561 -0.683066
0.467755 0.453755 -0.665834
0.474952 0.452558 -0.666392
0.481027 0.451186 -0.666435
0.442799 0.454480 -0.678961
0.431071 0.454999 -0.679314
0.418351 0.456306 -0.679283
0.471459 0.453853 -0.493330
0.389353 0.462175 -0.565048
0.479623 0.484819 -0.604171
0.449331 0.485523 -0.623862
0.527669 0.508913 -0.372919
0.311694 0.525790 -0.557428
0.650050 0.547073 -0.626256
0.375449 0.585041 -0.827655
0.807194 0.568850 -1.026159
0.543331 0.641106 -1.079849
0.867439 0.588555 -1.116169
0.585047 0.668314 -1.181031
0.851489 0.593689 -1.157192
0.610597 0.659952 -1.182162
0.822436 0.592628 -1.053061
0.600902 0.651362 -1.090706
0.421945 0.689614 0.094717
0.280044 0.698796 -0.094819
0.576522 0.770899 -0.198573
0.391550 0.799970 -0.583507
0.497791 0.858570 0.167530
0.360017 0.896965 -0.232125
0.451583 0.872256 0.200086
0.341275 0.898046 -0.192015
0.591096 0.896165 0.118831
0.378792 0.953872 -0.284086
0.469318 0.473606 -0.720270
0.468452 0.456111 -0.702661
0.476295 0.454788 -0.703281
0.482298 0.453639 -0.703329
0.442487 0.457855 -0.721708
0.430919 0.458160 -0.722187
0.418927 0.458803 -0.722330
0.472139 0.457080 -0.526177
0.389785 0.465319 -0.610442
0.479876 0.485781 -0.643384
0.449561 0.487555 -0.670412
0.528515 0.512594 -0.396255
0.310764 0.531045 -0.607699
0.646251 0.553215 -0.624937
0.389743 0.591702 -0.851832
0.803896 0.578268 -1.014594
0.554230 0.652015 -1.095500
0.862752 0.602159 -1.102537
0.593274 0.679463 -1.199820
0.847251 0.606748 -1.148539
0.619959 0.670253 -1.202385
0.817870 0.602864 -1.043102
0.609069 0.661527 -1.106768
0.422229 0.691291 0.095536
0.280441 0.701699 -0.095652
0.577349 0.771875 -0.184677
0.390252 0.798752 -0.593428
0.497736 0.859031 0.199104
0.359797 0.898336 -0.210276
0.451029 0.873159 0.233765
0.340793 0.898087 -0.166612
0.591056 0.896066 0.159299
0.378834 0.954623 -0.263374
0.469253 0.474866 -0.718319
0.468162 0.457468 -0.700315
0.475973 0.456381 -0.700943
0.482123 0.455422 -0.700985
0.441835 0.460167 -0.719320
0.430422 0.460741 -0.719821
0.418548 0.461591 -0.719983
0.472625 0.458075 -0.526564
0.389783 0.467527 -0.606380
0.479592 0.487046 -0.642169
0.449190 0.489450 -0.669106
0.528929 0.511695 -0.399590
0.309819 0.530439 -0.604174
0.648789 0.555784 -0.623448
0.395754 0.594798 -0.851056
0.807120 0.584229 -1.003691
0.554791 0.656200 -1.063894
0.864793 0.607670 -1.090411
0.592800 0.683866 -1.164721
0.847000 0.612921 -1.136564
0.618880 0.674506 -1.168798
0.817605 0.608898 -1.031978
0.608829 0.665748 -1.075331
0.426092 0.691005 0.095251
0.281437 0.701109 -0.095353
0.578751 0.771894 -0.235095
0.390553 0.799779 -0.587527
0.497064 0.860888 0.124117
0.359633 0.897625 -0.192991
0.450220 0.874833 0.157360
0.340567 0.898043 -0.148833
0.590415 0.898063 0.091546
0.378815 0.954491 -0.217503
0.468904 0.472575 -0.717998
0.468212 0.456275 -0.701077
0.476226 0.455078 -0.701702
0.482484 0.453723 -0.701736
0.441551 0.458153 -0.719726
0.430083 0.459300 -0.720241
0.418328 0.460803 -0.720415
0.473304 0.456481 -0.528504
0.389460 0.466757 -0.605778
0.479512 0.484963 -0.641592
0.448832 0.486998 -0.668089
0.529074 0.507684 -0.391849
0.309700 0.526768 -0.596132
0.650089 0.555032 -0.590659
0.388355 0.590676 -0.833328
0.812065 0.584982 -0.950822
0.546970 0.657942 -1.035016
0.868093 0.609591 -1.032076
0.584932 0.684957 -1.133905
0.850734 0.614339 -1.080772
0.611539 0.675193 -1.138172
0.821412 0.609638 -0.979300
0.600812 0.667116 -1.046313
0.426431 0.688599 0.095254
0.281525 0.699329 -0.095349
0.577853 0.771893 -0.196535
0.390169 0.800363 -0.548641
0.496912 0.860398 0.159492
0.359102 0.897586 -0.183377
0.450226 0.874810 0.192044
0.339532 0.898093 -0.138052
0.591452 0.897932 0.124894
0.378763 0.954123 -0.194900
0.468776 0.467829 -0.724002
0.468027 0.449566 -0.704839
0.476028 0.447777 -0.705461
0.482367 0.446573 -0.705487
0.441460 0.453115 -0.723958
0.429950 0.453740 -0.724469
0.418078 0.454792 -0.724632
0.473398 0.448927 -0.522252
0.389246 0.461787 -0.602604
0.479504 0.480171 -0.644752
0.448574 0.482711 -0.671857
0.529207 0.505350 -0.382005
0.309397 0.522405 -0.593138
0.651083 0.550524 -0.578546
0.385949 0.586892 -0.835733
0.817318 0.584723 -0.934578
0.537230 0.653557 -1.054223
0.873890 0.606669 -1.014426
0.576057 0.680856 -1.154367
0.858735 0.610485 -1.064021
0.600750 0.670760 -1.158937
0.829963 0.606665 -0.963400
0.592046 0.663329 -1.066138
0.426797 0.686462 0.095750
0.281591 0.697590 -0.095825
0.577091 0.771492 -0.158920
0.390643 0.799788 -0.543351
0.496796 0.860269 0.195365
0.359069 0.898136 -0.179266
0.450288 0.874977 0.226585
0.339082 0.898575 -0.134922
0.591727 0.897739 0.157902
0.378763 0.954072 -0.196594
0.468454 0.461477 -0.697013
0.467935 0.443555 -0.678468
0.475840 0.441923 -0.679098
0.482166 0.440540 -0.679117
0.441131 0.446611 -0.699077
0.429078 0.447724 -0.699592
0.417700 0.448953 -0.699746
0.473173 0.443303 -0.506416
0.388898 0.454703 -0.592930
0.479474 0.473713 -0.619452
0.448126 0.476244 -0.648615
0.528869 0.500577 -0.350073
0.309096 0.517747 -0.582798
0.652151 0.543418 -0.501905
0.377938 0.581219 -0.798309
0.818512 0.577320 -0.816446
0.519498 0.644118 -1.003063
0.874073 0.596525 -0.882967
0.555953 0.670411 -1.099012
0.862127 0.600681 -0.938162
0.584352 0.660663 -1.108017
0.833615 0.598364 -0.846208
0.575623 0.654244 -1.016465
0.426991 0.684177 0.099098
0.282383 0.695235 -0.099192
0.576544 0.771073 -0.062327
0.391636 0.799835 -0.524875
0.497831 0.860183 0.281672
0.358980 0.897875 -0.140905
0.452337 0.874867 0.310574
0.338952 0.898465 -0.096217
0.593600 0.896981 0.266171
0.378770 0.954062 -0.159546
0.467426 0.458276 -0.576651
0.467888 0.441098 -0.555870
0.475688 0.439753 -0.556521
0.482109 0.438376 -0.556590
0.439865 0.443412 -0.575935
0.427639 0.444649 -0.576477
0.417073 0.446071 -0.576648
0.473022 0.442076 -0.388678
0.388304 0.453423 -0.475991
0.479228 0.470982 -0.504527
0.444616 0.473783 -0.533818
0.528264 0.499340 -0.265936
0.308804 0.508836 -0.500642
0.652782 0.542257 -0.407170
0.373709 0.571779 -0.732937
0.832305 0.569072 -0.684293
0.507672 0.637214 -0.944802
0.892006 0.587777 -0.740220
0.541457 0.665152 -1.035468
0.877144 0.591639 -0.793186
0.572000 0.655016 -1.045164
0.845694 0.589585 -0.712622
0.564044 0.648364 -0.958636
0.427229 0.683842 0.099348
0.283486 0.693821 -0.099466
0.575870 0.770636 -0.073899
0.394292 0.799829 -0.528867
0.498869 0.859947 0.282918
0.358923 0.897666 -0.130712
0.454135 0.874813 0.313328
0.338778 0.898395 -0.084775
0.594468 0.896866 0.264942
0.378766 0.954073 -0.145057
0.467274 0.442490 -0.476003
0.467823 0.423003 -0.447149
0.475606 0.422056 -0.447789
0.481741 0.420974 -0.447886
0.439810 0.424715 -0.470080
0.427589 0.425745 -0.470619
0.416997 0.426610 -0.470828
0.472493 0.423992 -0.276340
0.388165 0.434140 -0.378073
0.479344 0.454107 -0.406973
0.444864 0.457509 -0.440318
0.528288 0.487839 -0.183479
0.308697 0.497494 -0.432365
0.654528 0.520479 -0.346457
0.357411 0.553998 -0.722552
0.840349 0.548120 -0.626906
0.497748 0.615806 -0.988208
0.900808 0.566055 -0.681178
0.539211 0.645730 -1.084777
0.889633 0.572559 -0.729559
0.563469 0.636691 -1.090618
0.860088 0.571160 -0.654243
0.558341 0.629139 -1.001395
0.428155 0.679910 0.098937
0.285439 0.687999 -0.099087
0.568544 0.770272 -0.081436
0.394557 0.798391 -0.554988
0.499972 0.859880 0.308524
0.358813 0.897617 -0.134409
0.456976 0.874770 0.345106
0.338822 0.897252 -0.088205
0.594536 0.896509 0.292232
0.378704 0.954108 -0.159730
0.465148 0.421074 -0.535944
0.466985 0.401589 -0.504709
0.475343 0.400777 -0.505385
0.481340 0.399831 -0.505457
0.436869 0.404140 -0.527000
0.425365 0.405056 -0.527549
0.413892 0.405334 -0.527719
0.472346 0.403243 -0.309280
0.384267 0.412012 -0.409568
0.478663 0.434955 -0.457276
0.442354 0.437193 -0.490170
0.527223 0.471957 -0.201112
0.307873 0.485547 -0.440614
0.657818 0.500505 -0.327458
0.350063 0.538336 -0.726711
0.849677 0.525695 -0.569895
0.458428 0.593735 -1.150864
0.909395 0.537028 -0.620152
0.486891 0.620606 -1.262016
0.904476 0.543240 -0.676079
0.519961 0.613448 -1.272377
0.880264 0.544197 -0.599746
0.517213 0.606391 -1.170323
0.428055 0.668457 0.099043
0.285872 0.673900 -0.099200
0.564157 0.769597 -0.046002
0.394240 0.792915 -0.514740
0.501267 0.858046 0.363687
0.358940 0.894509 -0.098592
0.459476 0.873570 0.399340
0.341950 0.894015 -0.053831
0.595575 0.896254 0.339219
0.378663 0.954120 -0.131944
0.465115 0.396565 -0.492405
0.465586 0.380070 -0.458028
0.473449 0.379414 -0.458719
0.479275 0.378873 -0.458784
0.436760 0.381956 -0.484161
0.425343 0.382888 -0.484716
0.413849 0.383757 -0.484883
0.467407 0.384140 -0.257515
0.383392 0.392911 -0.376024
0.478150 0.411939 -0.412645
0.441891 0.414828 -0.450873
0.524894 0.454770 -0.145490
0.302575 0.466609 -0.421317
0.661790 0.478747 -0.239762
0.337054 0.517118 -0.763492
0.862613 0.501685 -0.469412
0.406219 0.569774 -1.228825
0.922646 0.512901 -0.514699
0.423929 0.597539 -1.347031
0.921982 0.517045 -0.579978
0.459563 0.588698 -1.364220
0.897662 0.517435 -0.503559
0.458169 0.581346 -1.252595
0.426486 0.655357 0.104999
0.285727 0.659357 -0.105185
0.556719 0.762504 -0.027646
0.393922 0.786441 -0.478594
0.501890 0.857206 0.377875
0.357044 0.892982 -0.060079
0.460503 0.872835 0.410426
0.341747 0.893389 -0.017738
0.597424 0.895619 0.321062
0.378513 0.954116 -0.127752
0.464390 0.374419 -0.472141
0.462985 0.357895 -0.436074
0.470178 0.357213 -0.436816
0.475922 0.356575 -0.436893
0.436301 0.359524 -0.463727
0.425252 0.361051 -0.464310
0.413534 0.362346 -0.464497
0.463560 0.361138 -0.233819
0.381970 0.370302 -0.358619
0.476735 0.389980 -0.391761
0.441211 0.393027 -0.431987
0.522353 0.436774 -0.121287
0.297088 0.447008 -0.391576
0.672042 0.459700 -0.173156
0.323215 0.519117 -0.761220
0.886524 0.475590 -0.358140
0.362244 0.562805 -1.183136
0.943528 0.485269 -0.388879
0.375701 0.585646 -1.291789
0.941413 0.488174 -0.455454
0.401167 0.570913 -1.311440
0.916785 0.489438 -0.391442
0.400836 0.564030 -1.207158
0.426367 0.646520 0.106582
0.287603 0.649549 -0.106789
0.551404 0.758111 0.018095
0.392884 0.781277 -0.456636
0.501794 0.856311 0.400896
0.357039 0.892163 -0.043637
0.459285 0.872567 0.430492
0.344233 0.893420 -0.002426
0.597437 0.895417 0.337481
0.378837 0.954129 -0.113289
0.460254 0.352142 -0.514499
0.457612 0.335990 -0.480261
0.464077 0.335315 -0.481032
0.469686 0.334713 -0.481133
0.434718 0.337215 -0.508607
0.424234 0.337836 -0.509206
0.412278 0.338646 -0.509422
0.457973 0.340571 -0.276267
0.379697 0.346368 -0.403277
0.470654 0.368351 -0.432230
0.438768 0.370106 -0.473237
0.516014 0.418250 -0.145567
0.289673 0.431696 -0.413786
0.684719 0.438118 -0.145779
0.277358 0.520643 -0.769921
0.899743 0.450358 -0.292327
0.306951 0.553094 -1.183583
0.957745 0.456680 -0.313400
0.319974 0.572068 -1.285798
0.956756 0.459712 -0.381727
0.335258 0.552788 -1.308799
0.932867 0.462541 -0.325132
0.333621 0.546052 -1.208959
0.429355 0.633089 0.106919
0.290765 0.638872 -0.107139
0.547537 0.753818 0.016975
0.391483 0.777540 -0.454321
0.501694 0.855994 0.384524
0.357305 0.889683 -0.018091
0.458678 0.872441 0.412056
0.350585 0.892823 0.024018
0.598531 0.895257 0.335635
0.378817 0.954168 -0.098076
0.456688 0.332592 -0.516826
0.454827 0.315301 -0.497295
0.461452 0.314385 -0.497928
0.467543 0.313510 -0.498003
0.432370 0.316896 -0.513665
0.422479 0.317710 -0.513989
0.411044 0.318546 -0.513968
0.453773 0.318550 -0.300537
0.375953 0.325727 -0.418940
0.465895 0.348558 -0.452317
0.436551 0.349675 -0.482240
0.510514 0.395601 -0.134694
0.285038 0.416319 -0.403422
0.693829 0.421045 -0.070969
0.213872 0.509627 -0.684024
0.911854 0.431564 -0.182308
0.242324 0.534788 -1.048083
0.973501 0.437929 -0.191807
0.254049 0.554139 -1.131395
0.974061 0.440690 -0.261360
0.263460 0.529483 -1.157315
0.949537 0.443592 -0.214429
0.263079 0.521437 -1.072133
0.429729 0.616430 0.107935
0.291762 0.623800 -0.108155
0.539032 0.746314 0.042474
0.383000 0.771383 -0.411972
0.501662 0.856031 0.410141
0.356909 0.888250 0.024826
0.458572 0.872528 0.434909
0.350127 0.892673 0.064842
0.598426 0.895036 0.333462
0.378974 0.953823 -0.098908
0.447583 0.306727 -0.521121
0.447511 0.290274 -0.483640
0.455637 0.289025 -0.484372
0.462953 0.287914 -0.484380
0.423439 0.292800 -0.505731
0.413990 0.294002 -0.506371
0.402137 0.295655 -0.506636
0.452886 0.293110 -0.258709
0.370333 0.304527 -0.367103
0.461118 0.322188 -0.436964
0.430791 0.324062 -0.471010
0.510813 0.377548 -0.100992
0.285716 0.392921 -0.350845
0.705848 0.403930 -0.070009
0.186291 0.484101 -0.677862
0.925241 0.419750 -0.171550
0.173053 0.509974 -1.081028
0.983976 0.425466 -0.177460
0.166589 0.539105 -1.168247
0.987916 0.427643 -0.250351
0.198436 0.515453 -1.214542
0.962321 0.430210 -0.205200
0.208457 0.506586 -1.117754
0.442357 0.611554 0.106854
0.298589 0.616244 -0.107128
0.533585 0.745739 0.184428
0.379228 0.767716 -0.432427
0.501259 0.854942 0.610787
0.356432 0.888447 -0.015042
0.458509 0.871520 0.641203
0.350240 0.892706 0.024637
0.597384 0.893722 0.509556
0.379397 0.953879 -0.122894
0.445361 0.284419 -0.532275
0.445977 0.267124 -0.489435
0.454667 0.266287 -0.490220
0.462251 0.265281 -0.490226
0.419520 0.269013 -0.517072
0.409288 0.270025 -0.517785
0.397250 0.271493 -0.518139
0.452949 0.270379 -0.248479
0.366688 0.281466 -0.381971
0.459716 0.301633 -0.442265
0.428070 0.302955 -0.482666
0.511041 0.359722 -0.091306
0.283975 0.375540 -0.375649
0.715995 0.391129 -0.082541
0.175039 0.461813 -0.737896
0.947015 0.410089 -0.204643
0.111545 0.501650 -1.261242
1.006480 0.415631 -0.210702
0.076301 0.532819 -1.371253
1.011904 0.417611 -0.289834
0.110973 0.518164 -1.402258
0.986550 0.420027 -0.242597
0.134536 0.511366 -1.293678
0.454632 0.606493 0.107913
0.304305 0.610404 -0.108256
0.528359 0.740403 0.381604
0.376123 0.761652 -0.342544
0.499358 0.854765 0.790969
0.356187 0.888572 0.036107
0.458446 0.871490 0.816533
0.351148 0.893588 0.067925
0.594070 0.892647 0.651044
0.379478 0.953388 -0.127712
0.440092 0.263741 -0.475439
0.442043 0.246905 -0.424778
0.451170 0.246455 -0.425568
0.459147 0.245879 -0.425542
0.413347 0.247906 -0.452846
0.402026 0.248603 -0.453697
0.388914 0.249647 -0.454190
0.451328 0.251065 -0.179741
0.359424 0.259915 -0.308533
0.455694 0.280229 -0.382519
0.421708 0.282326 -0.424044
0.513743 0.340889 -0.044150
0.279144 0.356849 -0.328154
0.721064 0.382609 -0.070231
0.164500 0.436722 -0.709874
0.947235 0.405448 -0.197012
0.066118 0.496417 -1.205962
1.008428 0.409023 -0.201845
0.022039 0.529682 -1.311085
1.012123 0.412425 -0.283120
0.055245 0.529162 -1.336374
0.984555 0.415237 -0.236574
0.076616 0.521085 -1.231907
0.465884 0.598163 0.104676
0.310617 0.602063 -0.105209
0.522461 0.736101 0.463212
0.370066 0.756870 -0.171316
0.497852 0.852725 0.890482
0.353266 0.888279 0.173325
0.459489 0.871108 0.917927
0.350987 0.894170 0.199475
0.594162 0.891169 0.762861
0.379209 0.953428 -0.013826
0.440778 0.243595 -0.443397
0.441581 0.227386 -0.387496
0.450197 0.227234 -0.388327
0.457055 0.226682 -0.388300
0.413307 0.228243 -0.423666
0.401451 0.229140 -0.424533
0.389199 0.230452 -0.425069
0.447190 0.232022 -0.126569
0.358847 0.242147 -0.291904
0.454698 0.260881 -0.344285
0.421555 0.262715 -0.396620
0.518234 0.326925 0.014901
0.270438 0.338862 -0.327668
0.720189 0.378115 0.014447
0.159572 0.425022 -0.720883
0.941376 0.407574 -0.108902
0.031425 0.497574 -1.198537
1.003810 0.415204 -0.110353
-0.013109 0.531116 -1.306998
1.005816 0.417756 -0.198265
0.018526 0.533882 -1.341901
0.978743 0.419932 -0.151733
0.043475 0.525751 -1.230327
0.470998 0.590415 0.105532
0.313373 0.593466 -0.106132
0.511518 0.733605 0.546195
0.365373 0.753752 -0.073817
0.496092 0.851964 1.017376
0.351369 0.888391 0.295365
0.460055 0.871056 1.048010
0.350811 0.896168 0.322455
0.596144 0.890937 0.872442
0.379216 0.954226 0.083544
0.441312 0.230116 -0.467710
0.441162 0.212712 -0.431136
0.449000 0.212412 -0.431906
0.454984 0.212029 -0.431918
0.412417 0.213700 -0.459369
0.399586 0.215271 -0.460036
0.387552 0.217468 -0.460336
0.445124 0.217321 -0.172016
0.357532 0.228234 -0.331942
0.454108 0.247621 -0.385301
0.420977 0.248583 -0.427792
0.519092 0.313389 -0.021282
0.262247 0.326973 -0.345316
0.716032 0.376346 -0.026689
0.150302 0.420295 -0.714707
0.932387 0.413194 -0.181883
0.022960 0.501364 -1.194416
0.994146 0.426903 -0.190017
-0.011009 0.535647 -1.302196
0.997468 0.429628 -0.282228
0.010584 0.537084 -1.321806
0.970358 0.428984 -0.226668
0.032123 0.528019 -1.217057
0.473323 0.580049 0.105170
0.319272 0.585054 -0.105806
0.497752 0.727064 0.527454
0.359832 0.742675 -0.065009
0.492310 0.849614 0.996756
0.349544 0.880954 0.313052
0.460025 0.870298 1.026647
0.351772 0.892488 0.340230
0.597044 0.890906 0.837734
0.376161 0.955102 0.093644
0.440027 0.218863 -0.559000
0.440193 0.202610 -0.506262
0.447403 0.202353 -0.507301
0.453844 0.201974 -0.507367
0.410225 0.204042 -0.542706
0.397479 0.205707 -0.543555
0.385075 0.207314 -0.544051
0.443922 0.208838 -0.174672
0.355416 0.217344 -0.383432
0.453691 0.236274 -0.447894
0.418095 0.237967 -0.501839
0.519523 0.305339 -0.052692
0.255993 0.319784 -0.359693
0.713082 0.379517 -0.062879
0.139629 0.423042 -0.693234
0.931392 0.426337 -0.356832
0.015696 0.508760 -1.107883
0.989532 0.437701 -0.387728
-0.016937 0.541638 -1.201279
0.991112 0.441759 -0.486225
-0.003250 0.542205 -1.261315
0.963987 0.441924 -0.407316
0.020310 0.533463 -1.148594
0.476249 0.575354 0.104770
0.320452 0.581126 -0.105436
0.489922 0.728526 0.560685
0.358727 0.743644 -0.058782
0.488513 0.849279 1.085985
0.348958 0.881108 0.320098
0.460114 0.869702 1.120754
0.353455 0.892370 0.346048
0.597024 0.890499 0.915750
0.372015 0.955576 0.078982
0.439413 0.213835 -0.749303
0.439553 0.197282 -0.689296
0.447019 0.197225 -0.690360
0.453988 0.197189 -0.690332
0.409120 0.196980 -0.731614
0.396903 0.197698 -0.732464
0.384021 0.198567 -0.732962
0.443304 0.203853 -0.346072
0.353455 0.209773 -0.548477
0.453274 0.230495 -0.617517
0.415980 0.233411 -0.679535
0.519782 0.301393 -0.130896
0.248100 0.319945 -0.481540
0.711043 0.385066 -0.166074
0.136201 0.425539 -0.794378
0.904329 0.434121 -0.521325
0.014219 0.514824 -1.226347
0.962789 0.462990 -0.575618
-0.013042 0.546155 -1.344588
0.963511 0.468270 -0.677230
-0.003207 0.552525 -1.411513
0.939859 0.461373 -0.574286
0.016890 0.542050 -1.271455
0.478267 0.573870 0.118083
0.321318 0.580660 -0.118737
0.488354 0.725944 0.715965
0.353027 0.742875 0.023689
0.482834 0.848603 1.363708
0.348092 0.881738 0.489138
0.457484 0.869537 1.407609
0.353412 0.893516 0.519998
0.593658 0.889823 1.145661
0.372005 0.955843 0.178289
0.438902 0.210405 -0.782716
0.438717 0.193753 -0.720437
0.446683 0.194123 -0.721516
0.453853 0.194084 -0.721454
0.409007 0.193975 -0.760440
0.396606 0.194848 -0.761243
0.383706 0.196176 -0.761715
0.442121 0.201455 -0.376441
0.352986 0.208381 -0.561674
0.452738 0.227310 -0.648776
0.415111 0.230417 -0.707501
0.519831 0.301572 -0.162917
0.246176 0.320801 -0.474458
0.697755 0.391418 -0.234459
0.137976 0.428036 -0.720773
0.863970 0.463114 -0.674650
0.019611 0.525799 -1.064812
0.907439 0.492685 -0.753476
-0.003859 0.562728 -1.172995
0.908768 0.497302 -0.852242
0.001889 0.571327 -1.255865
0.887822 0.491333 -0.727889
0.020888 0.558547 -1.112207
0.478548 0.573916 0.121170
0.320679 0.579760 -0.121811
0.487371 0.724736 0.662393
0.348213 0.744298 0.003478
0.480598 0.848308 1.307974
0.347602 0.882010 0.523030
0.456700 0.869113 1.351128
0.353288 0.893556 0.559396
0.591591 0.888303 1.063900
0.370729 0.956283 0.209238
0.439195 0.210605 -0.852627
0.438465 0.193447 -0.784854
0.446551 0.193791 -0.785928
0.453448 0.193753 -0.785792
0.409399 0.193679 -0.829110
0.396906 0.194754 -0.829909
0.384328 0.196726 -0.830392
0.439374 0.202587 -0.416188
0.353019 0.209991 -0.619923
0.452403 0.226746 -0.708899
0.415302 0.229885 -0.773361
0.519520 0.303338 -0.169626
0.246150 0.322145 -0.526506
0.670388 0.395855 -0.226861
0.143033 0.435097 -0.756163
0.809929 0.481224 -0.590958
0.036536 0.539552 -1.130950
0.849648 0.512692 -0.664079
0.014680 0.581976 -1.265036
0.847511 0.516860 -0.771795
0.022513 0.587132 -1.347307
0.827782 0.508279 -0.645749
0.039654 0.572491 -1.182007
0.477779 0.573563 0.130690
0.320099 0.578362 -0.131285
0.482239 0.724332 0.684131
0.347067 0.743622 0.013240
0.479383 0.848101 1.401522
0.347332 0.882292 0.575772
0.456263 0.869015 1.450675
0.353186 0.894139 0.615397
0.588678 0.887045 1.151252
0.370835 0.956413 0.249437
0.439429 0.209780 -0.809323
0.437853 0.193224 -0.742331
0.445745 0.193510 -0.743442
0.452284 0.193396 -0.743351
0.409666 0.193720 -0.785662
0.396765 0.194834 -0.786446
0.384422 0.197148 -0.786922
0.436931 0.203348 -0.386885
0.351955 0.211302 -0.584771
0.451765 0.226669 -0.670833
0.415574 0.229092 -0.733919
0.519473 0.308229 -0.162962
0.241960 0.325950 -0.497334
0.645292 0.398932 -0.223017
0.148863 0.442553 -0.742293
0.758562 0.497598 -0.609025
0.057393 0.554503 -1.138232
0.795334 0.530815 -0.693438
0.037092 0.598651 -1.277243
0.792468 0.533724 -0.799762
0.046647 0.601445 -1.356215
0.771037 0.524768 -0.663583
0.062504 0.587647 -1.190162
0.479511 0.576768 0.129691
0.321848 0.581409 -0.130250
0.477473 0.725096 0.669317
0.344847 0.744001 0.013618
0.477947 0.847796 1.391415
0.347329 0.882396 0.552613
0.454306 0.868995 1.441521
0.353084 0.894783 0.590122
0.588270 0.886665 1.158926
0.371266 0.956625 0.237163
0.439024 0.210501 -0.823254
0.437176 0.193506 -0.758213
0.445089 0.193655 -0.759355
0.451624 0.193528 -0.759271
0.408860 0.193823 -0.804176
0.395327 0.194917 -0.804991
0.383182 0.197326 -0.805514
0.435910 0.203601 -0.407021
0.350064 0.211683 -0.619498
0.450629 0.227264 -0.686031
0.414265 0.229391 -0.752759
0.519503 0.311549 -0.166839
0.240823 0.328955 -0.528491
0.623005 0.408481 -0.105398
0.154563 0.455236 -0.727601
0.721902 0.515093 -0.423159
0.059886 0.571845 -1.056734
0.749210 0.548761 -0.491817
0.044117 0.613454 -1.180171
0.747196 0.552789 -0.605681
0.050809 0.615440 -1.251456
0.730457 0.542719 -0.475371
0.067794 0.603856 -1.098168
0.482082 0.579499 0.134337
0.324232 0.584267 -0.134827
0.476988 0.725582 0.731134
0.339167 0.745145 0.040270
0.476995 0.846804 1.459083
0.347300 0.882580 0.619972
0.451747 0.868791 1.511263
0.353476 0.894713 0.663616
0.588335 0.886305 1.254743
0.371316 0.956770 0.337977
0.437257 0.211558 -0.779987
0.436083 0.194929 -0.717920
0.443964 0.194939 -0.719027
0.450772 0.194958 -0.718961
0.407576 0.195268 -0.759600
0.393549 0.196285 -0.760425
0.381451 0.198636 -0.760916
0.435007 0.205384 -0.384338
0.348153 0.213441 -0.576591
0.448151 0.229224 -0.649119
0.412311 0.230512 -0.709820
0.519278 0.314265 -0.161018
0.240412 0.330471 -0.517404
0.601971 0.425975 -0.028963
0.161743 0.458765 -0.601184
0.681583 0.529207 -0.299037
0.112602 0.577024 -0.874759
0.695906 0.563319 -0.355471
0.102279 0.616099 -0.980402
0.693982 0.565301 -0.461155
0.118815 0.618175 -1.045920
0.681410 0.555527 -0.346235
0.130140 0.606540 -0.911015
0.483143 0.580199 0.133897
0.323701 0.584887 -0.134378
0.478192 0.725201 0.633095
0.332157 0.745901 0.023861
0.476372 0.845811 1.325471
0.346219 0.882581 0.567671
0.450701 0.868246 1.379648
0.353434 0.893845 0.609788
0.587233 0.886106 1.162844
0.371384 0.956947 0.323939
0.433169 0.210846 -0.758283
0.434179 0.194553 -0.698541
0.442763 0.194370 -0.699618
0.450002 0.194085 -0.699551
0.403561 0.195233 -0.738535
0.389460 0.196488 -0.739361
0.377812 0.198576 -0.739836
0.435291 0.203560 -0.373722
0.346246 0.212267 -0.559858
0.446490 0.228699 -0.630893
0.409386 0.230461 -0.689532
0.518587 0.312711 -0.140833
0.241910 0.328796 -0.464895
0.578694 0.430365 0.004926
0.173980 0.458752 -0.521247
0.639917 0.538367 -0.262785
0.148125 0.583699 -0.767370
0.646926 0.573679 -0.320346
0.138561 0.621647 -0.868757
0.641628 0.575559 -0.421631
0.163367 0.623125 -0.931208
0.626931 0.565524 -0.307307
0.174201 0.610662 -0.800174
0.483753 0.580024 0.128364
0.323588 0.585095 -0.128891
0.478841 0.724930 0.606749
0.330385 0.746259 0.050380
0.476071 0.845442 1.278523
0.345686 0.882802 0.573630
0.449890 0.868213 1.331417
0.353438 0.893858 0.614265
0.586289 0.885979 1.132367
0.371359 0.957696 0.348790
0.431530 0.210005 -0.692491
0.433090 0.194325 -0.637467
0.441843 0.194070 -0.638592
0.449344 0.193724 -0.638493
0.401978 0.195004 -0.677478
0.387736 0.196256 -0.678380
0.376419 0.198325 -0.678842
0.435085 0.202793 -0.329928
0.345306 0.212623 -0.512795
0.445483 0.227677 -0.568763
0.407943 0.229763 -0.627013
0.518525 0.310310 -0.099239
0.242874 0.327945 -0.418785
0.563193 0.430729 0.037430
0.192209 0.459090 -0.472964
0.602321 0.540706 -0.222034
0.178622 0.583854 -0.679979
0.607488 0.576732 -0.277302
0.177424 0.623756 -0.772522
0.598899 0.579403 -0.371155
0.206409 0.624268 -0.831149
0.588173 0.567881 -0.263000
0.214504 0.610069 -0.709366
0.485476 0.579153 0.126640
0.325259 0.585539 -0.127201
0.479603 0.724290 0.601642
0.331833 0.746740 0.053900
0.476270 0.844693 1.242116
0.345348 0.882897 0.539771
0.449925 0.867756 1.290576
0.353234 0.893771 0.577832
0.585674 0.885956 1.095475
0.371542 0.957660 0.328450
0.430854 0.210423 -0.555250
0.432551 0.194267 -0.509212
0.441156 0.193909 -0.510315
0.448726 0.193519 -0.510264
0.401163 0.195093 -0.542041
0.386935 0.196328 -0.542956
0.375692 0.198546 -0.543421
0.435170 0.202309 -0.254575
0.344739 0.212189 -0.403437
0.444814 0.227743 -0.451561
0.407159 0.229984 -0.500138
0.519362 0.309827 -0.087045
0.243453 0.327786 -0.317911
0.557809 0.434378 0.037622
0.211002 0.460607 -0.350922
0.579551 0.548357 -0.161139
0.206067 0.586813 -0.514995
0.580239 0.584075 -0.205514
0.208385 0.627446 -0.586516
0.563983 0.585563 -0.284986
0.242671 0.626084 -0.645377
0.556304 0.572967 -0.193804
0.253235 0.611825 -0.542928
0.488296 0.579311 0.098394
0.330287 0.585887 -0.099025
0.480374 0.724065 0.486852
0.333100 0.746988 0.029642
0.476210 0.843260 1.035310
0.345275 0.882969 0.434615
0.449625 0.866366 1.075061
0.353709 0.892646 0.462696
0.584415 0.885947 0.918944
0.371385 0.957850 0.278603
0.430817 0.210789 -0.523644
0.432352 0.194306 -0.482710
0.440773 0.193950 -0.483743
0.448503 0.193641 -0.483705
0.401095 0.195196 -0.506518
0.386980 0.196337 -0.507549
0.375576 0.198700 -0.508118
0.435263 0.202467 -0.243898
0.344630 0.212310 -0.351807
0.444726 0.227721 -0.424770
0.407132 0.230000 -0.461463
0.521699 0.309845 -0.087226
0.243824 0.326349 -0.264500
0.546024 0.432778 0.077657
0.233070 0.457749 -0.258424
0.533840 0.539968 0.019045
0.241025 0.582883 -0.343180
0.532499 0.572491 0.005043
0.238866 0.624038 -0.388993
0.522720 0.574626 -0.060975
0.273596 0.622167 -0.438024
0.515130 0.563434 -0.003416
0.281878 0.607277 -0.364594
0.490012 0.576620 0.079716
0.330606 0.582582 -0.080341
0.480710 0.724133 0.319552
0.334000 0.744831 0.006977
0.475783 0.843348 0.804186
0.344843 0.882907 0.309756
0.449114 0.866484 0.838899
0.352766 0.892319 0.334554
0.583949 0.886491 0.672088
0.371379 0.957776 0.120627
0.431011 0.210037 -0.511790
0.432443 0.193596 -0.473585
0.440821 0.193185 -0.474617
0.448560 0.192872 -0.474606
0.401263 0.194631 -0.495561
0.387242 0.195789 -0.496610
0.375693 0.198297 -0.497196
0.435300 0.201916 -0.241193
0.344702 0.212162 -0.340062
0.444840 0.226796 -0.414412
0.407302 0.229124 -0.448615
0.524203 0.309793 -0.093000
0.244016 0.326242 -0.242420
0.536836 0.431990 0.087968
0.241796 0.455777 -0.209738
0.520182 0.535162 0.062806
0.247562 0.581340 -0.249717
0.518397 0.566239 0.052808
0.242152 0.619838 -0.284643
0.513262 0.568865 -0.011780
0.274176 0.614883 -0.334538
0.508395 0.558425 0.041606
0.282915 0.601440 -0.270562
0.492150 0.576405 0.068139
0.330836 0.582146 -0.068738
0.481182 0.724205 0.290854
0.333959 0.744521 0.004732
0.475850 0.843951 0.781193
0.344771 0.882948 0.339183
0.449136 0.867249 0.817012
0.352751 0.892327 0.366499
0.583508 0.887051 0.650381
0.371418 0.957761 0.147079
0.431886 0.210457 -0.525173
0.432769 0.193520 -0.486677
0.440902 0.193083 -0.487705
0.448723 0.192803 -0.487689
0.401830 0.194652 -0.510588
0.388549 0.195695 -0.511638
0.375926 0.198229 -0.512229
0.435397 0.202263 -0.252351
0.344834 0.212524 -0.360199
0.445192 0.227766 -0.427473
0.407884 0.229500 -0.464079
0.525558 0.309774 -0.095556
0.244474 0.326594 -0.266189
0.529806 0.431928 0.057292
0.243394 0.455825 -0.246267
0.519991 0.536344 -0.008645
0.243397 0.578279 -0.316050
0.519670 0.566935 -0.024115
0.238221 0.616511 -0.359275
0.515001 0.571058 -0.092289
0.270323 0.613190 -0.410980
0.509532 0.560446 -0.032539
0.280502 0.599862 -0.338076
0.492843 0.576858 0.064523
0.330871 0.582197 -0.065115
0.481542 0.724324 0.289870
0.332508 0.744763 -0.010297
0.476130 0.844453 0.788735
0.344771 0.882726 0.315211
0.449318 0.867676 0.825270
0.352909 0.891808 0.342343
0.583475 0.887546 0.667157
0.370912 0.957780 0.131257
0.433262 0.211456 -0.516070
0.433369 0.193809 -0.478357
0.441285 0.193230 -0.479431
0.449500 0.192906 -0.479435
0.402678 0.195182 -0.505917
0.390740 0.196149 -0.506928
0.376627 0.198554 -0.507510
0.435483 0.202534 -0.253953
0.344926 0.212856 -0.375834
0.446341 0.229023 -0.422483
0.409572 0.230369 -0.463697
0.527303 0.310142 -0.101858
0.244772 0.327186 -0.286375
0.541412 0.433059 0.056039
0.237984 0.459223 -0.287854
0.538550 0.543720 0.001183
0.231796 0.584261 -0.381824
0.538230 0.576221 -0.014114
0.229657 0.622413 -0.431063
0.526928 0.577932 -0.083221
0.261137 0.620242 -0.485619
0.518934 0.566732 -0.022632
0.271956 0.606763 -0.405886
0.493809 0.577207 0.063273
0.331495 0.582582 -0.063884
0.481752 0.724316 0.345531
0.331907 0.744949 0.012295
0.476312 0.844183 0.866716
0.345154 0.882723 0.345640
0.449548 0.867368 0.905044
0.354351 0.891347 0.376568
0.583116 0.887540 0.750573
0.369807 0.958013 0.162583
0.434218 0.211922 -0.498490
0.433844 0.193944 -0.454066
0.441679 0.193335 -0.455153
0.450295 0.193018 -0.455116
0.403343 0.195372 -0.488824
0.392275 0.196260 -0.489754
0.377353 0.198548 -0.490266
0.435552 0.202704 -0.209467
0.344987 0.212914 -0.365275
0.446989 0.229686 -0.397880
0.410823 0.230758 -0.448855
0.527398 0.310517 -0.061557
0.245143 0.326838 -0.284752
0.549607 0.437159 0.080831
0.233661 0.460178 -0.318370
0.565066 0.553711 -0.070551
0.221606 0.587426 -0.477692
0.566569 0.587046 -0.101164
0.217443 0.626717 -0.547204
0.551710 0.588600 -0.178348
0.247137 0.625167 -0.604976
0.544694 0.576221 -0.101362
0.257825 0.611031 -0.505393
0.494701 0.579650 0.067932
0.332979 0.584594 -0.068520
0.481875 0.726385 0.462354
0.330715 0.746716 0.032618
0.476613 0.844165 1.086762
0.345466 0.883328 0.424253
0.449690 0.867134 1.135284
0.355597 0.891361 0.456894
0.582332 0.887397 1.003024
0.368857 0.958238 0.253559
0.435424 0.211512 -0.522751
0.435029 0.193498 -0.479814
0.443440 0.192986 -0.480840
0.452600 0.192846 -0.480813
0.404020 0.194778 -0.510748
0.393096 0.195557 -0.511716
0.378135 0.197709 -0.512299
0.435751 0.202557 -0.230024
0.345038 0.212380 -0.373748
0.447609 0.229472 -0.421379
0.412045 0.230323 -0.466504
0.527866 0.310544 -0.072991
0.245428 0.325787 -0.298830
0.554069 0.436858 0.064718
0.231937 0.460206 -0.346579
0.578727 0.554230 -0.161638
0.199510 0.585281 -0.519792
0.582764 0.591552 -0.210258
0.192078 0.624652 -0.590924
0.571742 0.592738 -0.300084
0.214282 0.624115 -0.642738
0.563456 0.580543 -0.199757
0.223313 0.610655 -0.547998
0.494511 0.579692 0.070987
0.332800 0.584640 -0.071619
0.482101 0.726395 0.506604
0.328947 0.747129 0.023523
0.476856 0.844151 1.153927
0.345445 0.884944 0.403577
0.450121 0.867024 1.203424
0.355578 0.893538 0.432350
0.582233 0.887123 1.062399
0.368349 0.959140 0.218264
0.437251 0.211200 -0.606020
0.437850 0.193162 -0.557749
0.447718 0.192850 -0.558858
0.456985 0.192840 -0.558815
0.405964 0.194201 -0.592517
0.394688 0.194981 -0.593431
0.379503 0.196906 -0.593903
0.438833 0.202550 -0.285127
0.345199 0.212010 -0.444157
0.449237 0.229453 -0.495762
0.413397 0.229966 -0.547085
0.528687 0.310384 -0.106453
0.245634 0.324566 -0.345200
0.561029 0.436673 0.034452
0.223422 0.460201 -0.398546
0.608387 0.552609 -0.192476
0.175397 0.584171 -0.609213
0.611191 0.588540 -0.239146
0.161327 0.622928 -0.690826
0.607789 0.590086 -0.334441
0.181830 0.623023 -0.759186
0.595984 0.578975 -0.233031
0.195086 0.610513 -0.644026
0.493189 0.579726 0.075724
0.332278 0.583825 -0.076360
0.482166 0.726191 0.508847
0.327708 0.747160 0.021371
0.476926 0.844134 1.156968
0.345431 0.885104 0.411107
0.450141 0.866926 1.205649
0.355549 0.893984 0.439681
0.582058 0.886851 1.047023
0.368042 0.959475 0.215769
0.440097 0.211337 -0.647953
0.442264 0.193335 -0.597583
0.453242 0.193112 -0.598702
0.461436 0.193109 -0.598645
0.410528 0.194111 -0.633489
0.397992 0.194874 -0.634380
0.383333 0.196337 -0.634825
0.442449 0.202758 -0.316246
0.346503 0.211141 -0.480338
0.451804 0.229738 -0.535110
0.415842 0.229979 -0.588160
0.529174 0.310555 -0.132294
0.245785 0.324205 -0.381956
0.580594 0.436968 -0.021870
0.215822 0.460191 -0.453945
0.653996 0.549576 -0.258341
0.151686 0.583831 -0.679089
0.662448 0.584330 -0.305783
0.138032 0.621921 -0.763742
0.661706 0.586188 -0.404689
0.149695 0.622630 -0.837186
0.648426 0.575635 -0.301698
0.159661 0.609835 -0.717074
0.490572 0.579715 0.081311
0.330420 0.583194 -0.081931
0.482223 0.726072 0.526835
0.327905 0.747180 0.020586
0.476472 0.843997 1.166125
0.345433 0.884901 0.421019
0.449698 0.866506 1.213014
0.355522 0.893815 0.449868
0.581282 0.886324 1.039474
0.367995 0.959511 0.215405
0.441744 0.211595 -0.670343
0.444611 0.193609 -0.618722
0.456014 0.193375 -0.619829
0.463696 0.193353 -0.619760
0.412569 0.194400 -0.654729
0.399723 0.195186 -0.655616
0.385069 0.196625 -0.656066
0.445583 0.202949 -0.332770
0.348104 0.211076 -0.497595
0.453513 0.229934 -0.556372
0.417770 0.230231 -0.609614
0.529759 0.310671 -0.146304
0.246678 0.324043 -0.405464
0.605571 0.436506 -0.051169
0.200025 0.460177 -0.506513
0.696458 0.548085 -0.281055
0.127711 0.583039 -0.754525
0.713729 0.583882 -0.325149
0.114632 0.621858 -0.842720
0.713792 0.585425 -0.426848
0.123119 0.623917 -0.915855
0.700142 0.573714 -0.326002
0.135938 0.611877 -0.793560
0.487824 0.579751 0.088033
0.326520 0.582606 -0.088627
0.482431 0.725900 0.574053
0.327981 0.747209 0.021526
0.475750 0.843992 1.208929
0.345441 0.884901 0.422053
0.449009 0.866503 1.254914
0.355509 0.893841 0.450667
0.580797 0.885955 1.080543
0.368017 0.959509 0.207227
0.444249 0.211786 -0.652307
0.447281 0.193827 -0.601712
0.458170 0.193590 -0.602809
0.465344 0.193552 -0.602746
0.416622 0.194627 -0.635837
0.402845 0.195423 -0.636728
0.389376 0.196893 -0.637184
0.448047 0.203106 -0.323060
0.351395 0.210460 -0.481557
0.454955 0.230098 -0.541570
0.420846 0.230309 -0.591789
0.532433 0.310758 -0.155397
0.248807 0.324164 -0.390637
0.629866 0.435191 -0.130113
0.188231 0.458160 -0.501208
0.736050 0.544735 -0.410508
0.104475 0.580338 -0.753023
0.763095 0.579824 -0.462595
0.082756 0.621584 -0.836054
0.762848 0.582833 -0.559695
0.092385 0.623090 -0.912127
0.745681 0.572903 -0.455493
0.109680 0.610969 -0.793636
0.483236 0.580308 0.088644
0.321442 0.582621 -0.089252
0.482535 0.725919 0.550948
0.327735 0.747504 0.009636
0.474936 0.843818 1.164150
0.345919 0.884995 0.375711
0.447643 0.866310 1.208638
0.355832 0.893847 0.401022
0.580774 0.885878 1.043697
0.368050 0.959745 0.156339
0.447678 0.212757 -0.698246
0.450356 0.195669 -0.644704
0.460582 0.195344 -0.645795
0.467717 0.195195 -0.645727
0.420110 0.196545 -0.675973
0.405544 0.197313 -0.676801
0.392191 0.198497 -0.677201
0.450090 0.204172 -0.355934
0.353785 0.210938 -0.499182
0.458901 0.231078 -0.585017
0.424383 0.231855 -0.631578
0.535772 0.311781 -0.195768
0.252395 0.325565 -0.404470
0.652793 0.432679 -0.199609
0.183227 0.458143 -0.562423
0.774038 0.533796 -0.512302
0.090536 0.576840 -0.881106
0.811337 0.568376 -0.573876
0.065700 0.619647 -0.977441
0.808188 0.571106 -0.674554
0.075836 0.622689 -1.057652
0.787742 0.561488 -0.559991
0.093373 0.610736 -0.926006
0.478800 0.580816 0.089031
0.315972 0.582869 -0.089635
0.483546 0.726157 0.534471
0.327542 0.747778 -0.027013
0.474704 0.843848 1.163297
0.346806 0.884997 0.355799
0.447341 0.866320 1.209265
0.358194 0.893776 0.381562
0.580702 0.885765 1.031773
0.367746 0.959744 0.111824
0.448856 0.221126 -0.792556
0.450843 0.203329 -0.733494
0.460757 0.202705 -0.734590
0.468462 0.202330 -0.734496
0.421395 0.204284 -0.769044
0.408167 0.204838 -0.769895
0.394178 0.205817 -0.770361
0.450947 0.210060 -0.411758
0.354628 0.217811 -0.574189
0.459769 0.240146 -0.666657
0.425873 0.240329 -0.719096
0.537145 0.316873 -0.206389
0.255449 0.331253 -0.486972
0.670878 0.430044 -0.178677
0.182995 0.458399 -0.706621
0.805159 0.529172 -0.463524
0.089865 0.572352 -1.079306
0.846616 0.560837 -0.518219
0.064951 0.618175 -1.194214
0.844541 0.564786 -0.625100
0.073385 0.622447 -1.266208
0.823490 0.556596 -0.513846
0.091214 0.610233 -1.122900
0.473645 0.581230 0.103005
0.312880 0.585095 -0.103566
0.483644 0.726144 0.606255
0.333935 0.749224 -0.025261
0.474424 0.844074 1.263871
0.346850 0.885485 0.427571
0.445082 0.867242 1.309819
0.358150 0.894431 0.458500
0.580691 0.885955 1.095966
0.369934 0.960019 0.132589
0.450122 0.236123 -0.865742
0.453176 0.218999 -0.810072
0.462778 0.218757 -0.811177
0.471184 0.218587 -0.811088
0.422320 0.218332 -0.836591
0.409304 0.218043 -0.837430
0.394627 0.218059 -0.837891
0.457808 0.225268 -0.497235
0.357741 0.227014 -0.620632
0.460848 0.253333 -0.744356
0.426412 0.254526 -0.785199
0.540486 0.327400 -0.297024
0.264104 0.339295 -0.537242
0.694691 0.430091 -0.339986
0.184925 0.459133 -0.826805
0.857256 0.525151 -0.672764
0.099360 0.566471 -1.295640
0.895068 0.556793 -0.739180
0.065979 0.614200 -1.425470
0.891548 0.560231 -0.846060
0.078094 0.620211 -1.496541
0.868526 0.551931 -0.724838
0.100097 0.607653 -1.342367
0.468213 0.582287 0.105798
0.309006 0.585265 -0.106349
0.486871 0.726135 0.576580
0.343046 0.748842 -0.074021
0.474110 0.844188 1.210422
0.348167 0.885250 0.339300
0.444142 0.867463 1.255913
0.358132 0.894360 0.365282
0.581435 0.886435 1.034034
0.374477 0.959807 0.038260
0.451811 0.257220 -0.935652
0.453992 0.241646 -0.877296
0.462958 0.241201 -0.878355
0.471240 0.240657 -0.878251
0.424448 0.241714 -0.907465
0.412089 0.242076 -0.908274
0.397279 0.242597 -0.908775
0.460242 0.245962 -0.550004
0.363137 0.251603 -0.689078
0.462365 0.272493 -0.808352
0.429714 0.274828 -0.853830
0.541532 0.341112 -0.321783
0.271456 0.354841 -0.614691
0.710214 0.430222 -0.373636
0.185937 0.465607 -0.953403
0.888674 0.519424 -0.702056
0.103652 0.565458 -1.467425
0.939957 0.549504 -0.761482
0.078394 0.612978 -1.609755
0.934397 0.553862 -0.869005
0.085656 0.616833 -1.671143
0.909156 0.546137 -0.754254
0.106535 0.604119 -1.510545
0.462473 0.585877 0.114280
0.301928 0.588638 -0.114776
0.497801 0.726588 0.563105
0.350305 0.748681 -0.233208
0.474119 0.847710 1.193782
0.349694 0.885434 0.172789
0.442815 0.872597 1.227244
0.357966 0.896782 0.198599
0.583489 0.886839 0.957983
0.374773 0.959610 -0.136618
0.457422 0.281868 -0.867831
0.457963 0.264810 -0.811362
0.466259 0.263784 -0.812361
0.474194 0.262770 -0.812260
0.429209 0.265545 -0.842484
0.417603 0.265898 -0.843246
0.403296 0.266719 -0.843712
0.461377 0.269275 -0.502168
0.370677 0.275586 -0.646166
0.468203 0.297281 -0.747665
0.434290 0.300089 -0.794455
0.541521 0.358329 -0.290885
0.277622 0.376631 -0.587980
0.716982 0.432252 -0.344979
0.196556 0.475708 -0.972151
0.906847 0.508579 -0.635676
0.133610 0.564917 -1.529593
0.961268 0.536369 -0.683572
0.107059 0.611568 -1.676439
0.957101 0.539400 -0.781632
0.133764 0.610142 -1.723779
0.933666 0.534061 -0.682454
0.153874 0.596115 -1.567647
0.458477 0.596687 0.118069
0.299674 0.601074 -0.118528
0.508220 0.728033 0.472459
0.351944 0.750645 -0.468426
0.476839 0.848598 1.079071
0.349798 0.885284 -0.014794
0.443044 0.872922 1.118246
0.354237 0.897155 0.018659
0.590674 0.887085 0.871751
0.375666 0.956746 -0.301562
0.461899 0.306482 -0.812377
0.461825 0.288337 -0.754956
0.469480 0.287422 -0.755633
0.477017 0.286621 -0.755517
0.432954 0.290806 -0.774693
0.421299 0.292040 -0.775230
0.406898 0.293220 -0.775571
0.462011 0.294738 -0.467777
0.375307 0.302915 -0.564684
0.472632 0.323904 -0.704956
0.440576 0.326244 -0.733645
0.541273 0.376851 -0.275630
0.283751 0.395101 -0.551838
0.719375 0.436823 -0.303591
0.212152 0.494187 -0.876863
0.914105 0.504284 -0.566609
0.183242 0.565272 -1.418728
0.972549 0.526003 -0.611322
0.171315 0.611599 -1.553505
0.969131 0.528503 -0.704956
0.207850 0.606736 -1.591494
0.941419 0.524320 -0.609980
0.221143 0.592590 -1.452511
0.456640 0.606875 0.116640
0.298794 0.613541 -0.117014
0.523654 0.731770 0.242933
0.358264 0.754001 -0.531492
0.481980 0.849421 0.775052
0.351167 0.884857 -0.108787
0.446105 0.873494 0.810365
0.353100 0.897113 -0.076927
0.593468 0.887614 0.577433
0.375848 0.955556 -0.375574
0.464820 0.331285 -0.817049
0.463420 0.311875 -0.764005
0.470044 0.311042 -0.764864
0.477086 0.309969 -0.764809
0.437537 0.313251 -0.791213
0.427506 0.313988 -0.791834
0.413472 0.314864 -0.792201
0.461686 0.318562 -0.480246
0.378198 0.324200 -0.608536
0.474091 0.348170 -0.707072
0.444605 0.347785 -0.747878
0.540120 0.399718 -0.290116
0.284328 0.416132 -0.571184
0.720136 0.446001 -0.301513
0.242520 0.504982 -1.004107
0.918863 0.500374 -0.528694
0.251430 0.564131 -1.562819
0.976313 0.519390 -0.541540
0.238674 0.603078 -1.701744
0.971009 0.523009 -0.623438
0.274051 0.592709 -1.726623
0.945744 0.521207 -0.561393
0.282544 0.582795 -1.592548
0.444643 0.612755 0.115466
0.292241 0.618962 -0.115837
0.535750 0.735381 0.167419
0.360179 0.761203 -0.539894
0.490054 0.850022 0.659002
0.351546 0.884957 -0.070007
0.451056 0.873655 0.691925
0.351748 0.897066 -0.031201
0.596441 0.887924 0.478457
0.375805 0.955203 -0.288514
0.469984 0.357584 -0.790735
0.468554 0.338130 -0.760956
0.475122 0.337304 -0.761595
0.481930 0.336389 -0.761876
0.441593 0.339007 -0.780591
0.431070 0.339641 -0.781015
0.417343 0.340135 -0.781230
0.465849 0.343925 -0.487513
0.381518 0.348251 -0.609325
0.478229 0.372357 -0.693127
0.447488 0.374546 -0.741120
0.539791 0.420636 -0.338980
0.284501 0.439906 -0.573683
0.714902 0.459247 -0.353975
0.278912 0.536638 -0.955423
0.909089 0.498593 -0.517931
0.305089 0.565067 -1.421357
0.965769 0.515223 -0.534898
0.304444 0.597189 -1.539014
0.964028 0.518778 -0.608486
0.330284 0.582524 -1.566709
0.939853 0.518188 -0.557450
0.334567 0.574471 -1.450292
0.441595 0.624156 0.112358
0.289950 0.630132 -0.112579
0.543686 0.740514 0.046521
0.361874 0.766898 -0.490533
0.495044 0.851196 0.493480
0.351543 0.883455 -0.083684
0.454491 0.873589 0.527167
0.351276 0.894732 -0.047131
0.599729 0.888979 0.377363
0.375277 0.955063 -0.246218
0.471415 0.381580 -0.727189
0.471458 0.362621 -0.694363
0.478093 0.361545 -0.695112
0.484710 0.360513 -0.695295
0.442800 0.364265 -0.715150
0.431949 0.364799 -0.715680
0.418720 0.365091 -0.715987
0.469780 0.366549 -0.471502
0.384642 0.371812 -0.581005
0.480657 0.396238 -0.643027
0.448623 0.398903 -0.678048
0.538862 0.440306 -0.326946
0.291488 0.458744 -0.556380
0.708580 0.472292 -0.407218
0.323999 0.541691 -0.951521
0.900319 0.501716 -0.605659
0.356964 0.566460 -1.399248
0.955136 0.517134 -0.639332
0.362180 0.595557 -1.516851
0.952561 0.521747 -0.706865
0.379941 0.583748 -1.537217
0.928002 0.521419 -0.639799
0.380742 0.575300 -1.425128
0.435415 0.638139 0.106619
0.289507 0.643352 -0.106819
0.554627 0.744716 -0.040309
0.362513 0.775241 -0.428943
0.498384 0.851767 0.386394
0.349495 0.884362 -0.008568
0.459176 0.873509 0.419235
0.348001 0.894734 0.021580
0.599417 0.889098 0.270469
0.374343 0.955059 -0.192811
0.473904 0.405278 -0.736288
0.474587 0.386809 -0.696259
0.481746 0.385854 -0.697128
0.488555 0.384943 -0.697189
0.445099 0.388128 -0.721253
0.433860 0.388474 -0.721869
0.420544 0.389226 -0.722225
0.474774 0.390803 -0.485496
0.388855 0.397834 -0.583752
0.482682 0.422559 -0.644554
0.449415 0.422343 -0.681791
0.537723 0.458606 -0.362649
0.296687 0.481050 -0.557994
0.705704 0.486550 -0.510011
0.355529 0.562239 -0.913967
0.887573 0.508089 -0.807812
0.410566 0.578616 -1.321394
0.941382 0.521333 -0.865864
0.419643 0.599915 -1.419026
0.936811 0.525514 -0.926194
0.444391 0.591129 -1.427424
0.912351 0.522839 -0.840156
0.443783 0.583509 -1.335782
0.425597 0.648876 0.103109
0.286359 0.653476 -0.103249
0.566152 0.748986 -0.130382
0.363526 0.779491 -0.482036
0.502606 0.851549 0.280263
0.349086 0.886227 -0.135772
0.462261 0.872401 0.312706
0.346386 0.894863 -0.103987
0.596997 0.889622 0.186709
0.373800 0.954504 -0.266734
0.475645 0.428500 -0.691358
0.476299 0.407924 -0.658740
0.483906 0.406536 -0.659453
0.490753 0.405206 -0.659498
0.446666 0.409919 -0.678504
0.435475 0.410541 -0.679049
0.421540 0.412264 -0.679266
0.477678 0.409720 -0.455937
0.390699 0.420744 -0.531800
0.484567 0.443769 -0.604093
0.451248 0.444790 -0.633188
0.537706 0.474942 -0.335921
0.303145 0.493940 -0.522080
0.689421 0.503833 -0.583162
0.349864 0.555877 -0.840312
0.868872 0.523742 -0.988603
0.437761 0.589319 -1.178755
0.939193 0.531630 -1.072025
0.464536 0.614755 -1.286223
0.921601 0.536424 -1.119720
0.495801 0.606779 -1.299217
0.893304 0.538228 -1.019329
0.490081 0.600406 -1.196872
0.425966 0.660996 0.093810
0.284928 0.664042 -0.093930
0.571029 0.756088 -0.159939
0.367500 0.784037 -0.524786
0.502078 0.851631 0.210372
0.349568 0.886476 -0.191283
0.460177 0.872275 0.240828
0.344889 0.893949 -0.156930
0.592598 0.891005 0.138316
0.374273 0.954256 -0.288082
0.476151 0.444125 -0.669365
0.477255 0.424346 -0.643244
0.484988 0.423094 -0.643903
0.491775 0.422031 -0.643945
0.447235 0.426050 -0.660103
0.435911 0.426469 -0.660609
0.422347 0.427348 -0.660756
0.479724 0.426457 -0.455087
0.391740 0.435058 -0.523469
0.485308 0.458851 -0.588892
0.451021 0.458989 -0.614527
0.537672 0.490017 -0.339013
0.308628 0.503407 -0.520850
0.676872 0.518929 -0.601010
0.344684 0.559125 -0.838909
0.847008 0.542156 -1.005172
0.469724 0.597652 -1.172093
0.922032 0.555898 -1.093926
0.509138 0.627434 -1.282760
0.899192 0.560481 -1.137641
0.534634 0.620996 -1.294284
0.865230 0.561023 -1.033711
0.521964 0.611912 -1.190008
0.428199 0.674438 0.094170
0.284404 0.678672 -0.094308
0.573489 0.763639 -0.163311
0.371535 0.790154 -0.625299
0.501140 0.851798 0.243879
0.350284 0.889282 -0.248699
0.459874 0.871061 0.277982
0.342757 0.894171 -0.208289
0.593959 0.891077 0.173861
0.374322 0.954271 -0.334124
0.477012 0.457070 -0.693317
0.477753 0.437209 -0.646738
0.485249 0.435869 -0.647903
0.492022 0.434840 -0.647921
0.448699 0.439909 -0.676601
0.437259 0.440697 -0.677273
0.423517 0.441579 -0.677632
0.480341 0.439206 -0.484277
0.392563 0.449268 -0.543936
0.487469 0.470730 -0.594765
0.452925 0.472031 -0.634530
0.537480 0.500137 -0.369564
0.314462 0.518139 -0.544405
0.667515 0.534109 -0.632965
0.354852 0.569897 -0.858124
0.824287 0.560415 -1.043431
0.497141 0.610977 -1.194752
0.894032 0.575478 -1.135793
0.530648 0.640126 -1.308250
0.871460 0.579601 -1.177794
0.559009 0.633912 -1.317657
0.838974 0.579403 -1.071173
0.546736 0.625370 -1.212048
0.429248 0.682659 0.094469
0.283829 0.690280 -0.094612
0.584929 0.765481 -0.128626
0.372658 0.796477 -0.619547
0.500476 0.851086 0.288887
0.350838 0.890090 -0.230207
0.457011 0.866444 0.325105
0.340475 0.894142 -0.187099
0.594273 0.891131 0.240318
0.374745 0.954281 -0.298613
0.478224 0.467104 -0.637171
0.478059 0.446531 -0.611390
0.485174 0.445490 -0.612121
0.491821 0.444453 -0.612170
0.450696 0.448399 -0.631153
0.438952 0.449133 -0.631656
0.425731 0.450422 -0.631803
0.480195 0.448934 -0.441532
0.394515 0.458494 -0.508725
0.489127 0.479818 -0.557990
0.455801 0.481152 -0.585893
0.537900 0.507686 -0.364425
0.316225 0.534843 -0.508349
0.667197 0.547554 -0.561666
0.383490 0.586532 -0.758856
0.812680 0.577788 -0.958507
0.538972 0.631220 -0.986713
0.874427 0.592429 -1.045080
0.581849 0.659808 -1.081432
0.851544 0.595826 -1.084785
0.604514 0.651351 -1.086313
0.822175 0.595232 -0.984306
0.592385 0.642719 -0.998783
0.430373 0.689662 0.093470
0.284083 0.699663 -0.093602
0.592382 0.768369 -0.217537
0.380859 0.800594 -0.584712
0.500382 0.851975 0.168679
0.354042 0.893609 -0.217509
0.452862 0.866662 0.204381
0.340542 0.895317 -0.175574
0.592862 0.892117 0.139361
0.375925 0.954292 -0.271603
0.478527 0.474530 -0.664923
0.478626 0.455056 -0.636270
0.486120 0.453797 -0.637023
0.492802 0.452554 -0.637060
0.450890 0.456010 -0.656612
0.438827 0.456444 -0.657145
0.425827 0.457732 -0.657333
0.482707 0.455696 -0.455605
0.395387 0.464307 -0.519609
0.490021 0.487396 -0.581443
0.456279 0.488671 -0.610860
0.539478 0.511961 -0.366615
0.316458 0.536567 -0.524033
0.659788 0.554289 -0.635203
0.394935 0.592958 -0.789703
0.798365 0.586288 -1.050136
0.553563 0.643790 -1.044820
0.858979 0.601809 -1.142780
0.592920 0.669573 -1.143154
0.833341 0.605031 -1.177236
0.614206 0.662034 -1.143540
0.805043 0.604573 -1.074674
0.604408 0.654537 -1.055465
0.431775 0.689795 0.090752
0.285734 0.699125 -0.090850
0.591716 0.771250 -0.232542
0.381842 0.804146 -0.568015
0.498999 0.854632 0.143176
0.355755 0.895702 -0.208361
0.449271 0.867352 0.177833
0.340484 0.896031 -0.167091
0.588384 0.897244 0.108385
0.376357 0.954918 -0.260292
0.478316 0.475073 -0.645390
0.478770 0.456816 -0.623619
0.486714 0.455782 -0.624293
0.493202 0.454823 -0.624350
0.450480 0.458146 -0.641584
0.438520 0.458323 -0.642088
0.425880 0.458972 -0.642253
0.483151 0.458963 -0.454010
0.397312 0.464972 -0.520987
0.489685 0.487901 -0.570763
0.456277 0.488924 -0.596617
0.540854 0.514633 -0.356675
0.315416 0.535316 -0.524432
0.655929 0.558013 -0.605342
0.391011 0.595809 -0.789363
0.791140 0.591484 -1.004915
0.554010 0.648996 -1.013446
0.854198 0.609046 -1.094404
0.592760 0.674210 -1.109364
0.827788 0.614105 -1.132926
0.614413 0.666499 -1.110877
0.796640 0.612925 -1.030541
0.604719 0.658263 -1.023921
0.433359 0.692788 0.090893
0.286955 0.702294 -0.090997
0.594343 0.771977 -0.212253
0.385591 0.805434 -0.560711
0.498706 0.855638 0.152613
0.358397 0.897579 -0.195269
0.448110 0.868073 0.186737
0.340594 0.896688 -0.152565
0.587186 0.897375 0.127076
0.377078 0.954978 -0.235638
0.478074 0.474165 -0.653089
0.478698 0.456503 -0.639314
0.487035 0.455775 -0.639867
0.493437 0.454692 -0.639953
0.450311 0.458585 -0.657007
0.438461 0.459602 -0.657414
0.425569 0.460787 -0.657470
0.483750 0.457616 -0.480859
0.397341 0.466724 -0.557440
0.489407 0.487560 -0.584026
0.456088 0.489513 -0.606722
0.540785 0.511808 -0.366319
0.314278 0.537449 -0.555093
0.654442 0.558086 -0.589280
0.384522 0.596535 -0.798905
0.793762 0.592501 -0.983475
0.550906 0.649430 -1.029620
0.854672 0.614104 -1.071067
0.590858 0.674632 -1.128047
0.829998 0.619775 -1.115165
0.611690 0.665236 -1.131388
0.800187 0.616901 -1.010874
0.602505 0.657446 -1.040947
0.433705 0.691164 0.091348
0.286945 0.702425 -0.091425
0.591725 0.773649 -0.182325
0.387227 0.806591 -0.548757
0.498380 0.856919 0.183286
0.358736 0.898363 -0.165147
0.448179 0.870459 0.217220
0.340737 0.897785 -0.111450
0.587275 0.897182 0.158342
0.377568 0.954868 -0.151902
0.477784 0.469465 -0.664749
0.478569 0.452191 -0.645006
0.486857 0.450457 -0.645629
0.493329 0.449130 -0.645698
0.450131 0.454414 -0.663604
0.438244 0.455163 -0.664072
0.425519 0.456729 -0.664198
0.483797 0.452658 -0.480097
0.397234 0.463943 -0.556508
0.489177 0.482191 -0.589755
0.455912 0.484135 -0.615421
0.541093 0.509808 -0.363648
0.313411 0.532794 -0.556692
0.656300 0.554956 -0.580937
0.376800 0.592648 -0.803294
0.799729 0.592198 -0.961054
0.541536 0.647134 -1.032122
0.858789 0.612642 -1.045364
0.584663 0.672836 -1.132074
0.836610 0.617336 -1.091414
0.605784 0.663184 -1.136573
0.807606 0.615232 -0.989024
0.597036 0.656892 -1.044521
0.433955 0.690520 0.092714
0.286341 0.700805 -0.092766
0.589969 0.773616 -0.145428
0.390753 0.809801 -0.516195
0.499040 0.857137 0.219792
0.359137 0.898765 -0.119820
0.449431 0.871185 0.253170
0.340850 0.898519 -0.069514
0.591101 0.897104 0.195719
0.378087 0.954887 -0.117669
0.477742 0.461349 -0.655412
0.478248 0.443632 -0.632250
0.485713 0.442304 -0.632931
0.491961 0.441068 -0.633016
0.449908 0.445916 -0.653290
0.438037 0.447491 -0.653787
0.425361 0.449238 -0.653953
0.482894 0.444828 -0.457252
0.396951 0.455495 -0.545003
0.489059 0.474203 -0.578663
0.455766 0.476792 -0.608084
0.538306 0.503017 -0.334651
0.313557 0.526848 -0.552273
0.656213 0.546078 -0.506685
0.371885 0.586726 -0.805587
0.802770 0.583920 -0.849083
0.518157 0.639649 -1.037457
0.861436 0.603275 -0.920365
0.558722 0.667590 -1.135538
0.837428 0.608396 -0.973456
0.581939 0.659416 -1.142000
0.808453 0.607559 -0.878861
0.575897 0.649896 -1.051257
0.433373 0.686475 0.100470
0.286276 0.696899 -0.100548
0.588049 0.773728 -0.106357
0.394059 0.807537 -0.510181
0.499502 0.858418 0.242273
0.359048 0.901172 -0.120512
0.450044 0.872226 0.275282
0.340224 0.901531 -0.072640
0.591475 0.897823 0.273023
0.379664 0.955013 -0.127052
0.477348 0.454678 -0.560326
0.477380 0.436458 -0.534435
0.484316 0.435178 -0.535121
0.490388 0.433988 -0.535215
0.448976 0.438725 -0.556295
0.437069 0.439899 -0.556803
0.425032 0.441380 -0.556957
0.481650 0.438090 -0.354998
0.396801 0.447947 -0.449682
0.488981 0.467832 -0.485533
0.455017 0.470032 -0.516914
0.536842 0.498399 -0.242442
0.313252 0.521767 -0.476646
0.656993 0.538882 -0.439372
0.357440 0.574289 -0.753092
0.821957 0.574869 -0.811291
0.499625 0.617782 -1.014527
0.886752 0.587237 -0.884177
0.554265 0.648143 -1.112087
0.870561 0.595182 -0.934594
0.574748 0.639600 -1.122571
0.835707 0.599175 -0.841350
0.574722 0.630223 -1.030078
0.433416 0.683796 0.102762
0.286332 0.693765 -0.102894
0.586763 0.773318 -0.087248
0.397253 0.805429 -0.520682
0.500488 0.858759 0.260087
0.359910 0.901550 -0.131789
0.451737 0.872304 0.295819
0.340429 0.902528 -0.085072
0.592885 0.897643 0.277029
0.380711 0.955040 -0.148228
0.475434 0.443114 -0.536162
0.474625 0.424449 -0.508874
0.482474 0.423590 -0.509551
0.488523 0.422619 -0.509677
0.444880 0.426961 -0.529640
0.434196 0.428047 -0.530170
0.423140 0.428782 -0.530356
0.481205 0.425323 -0.330648
0.396051 0.436957 -0.421775
0.488296 0.456742 -0.463479
0.453445 0.459457 -0.493796
0.536550 0.490344 -0.235065
0.313148 0.512524 -0.453033
0.662773 0.516790 -0.415172
0.357073 0.562549 -0.770598
0.843453 0.543911 -0.735369
0.459805 0.607551 -1.087446
0.906057 0.553935 -0.799962
0.495384 0.635027 -1.189276
0.899588 0.560602 -0.850449
0.526639 0.628663 -1.205209
0.872527 0.565018 -0.764815
0.522526 0.621529 -1.107858
0.433527 0.682215 0.102356
0.286593 0.690678 -0.102505
0.581016 0.772374 -0.099274
0.397721 0.804505 -0.543537
0.501400 0.858740 0.267929
0.360661 0.901306 -0.124842
0.454466 0.872288 0.300484
0.342009 0.901913 -0.075367
0.593911 0.897483 0.279135
0.380802 0.955051 -0.133257
0.467782 0.422432 -0.582660
0.469713 0.403800 -0.552777
0.479040 0.402947 -0.553475
0.486322 0.402637 -0.553570
0.440784 0.406714 -0.573656
0.429895 0.407457 -0.574192
0.418139 0.407581 -0.574370
0.480378 0.406026 -0.351763
0.391419 0.414298 -0.444836
0.483915 0.438937 -0.502879
0.446756 0.438412 -0.533534
0.537038 0.475379 -0.244560
0.310165 0.497677 -0.456454
0.675941 0.494375 -0.407513
0.353537 0.555599 -0.830926
0.872629 0.519593 -0.707688
0.401611 0.584622 -1.264733
0.931959 0.527379 -0.768421
0.416635 0.611834 -1.379480
0.930978 0.531267 -0.824537
0.443588 0.608412 -1.400234
0.905808 0.534202 -0.739658
0.444585 0.601548 -1.290590
0.433026 0.671798 0.101141
0.287165 0.675865 -0.101310
0.575746 0.772213 -0.089949
0.396550 0.800202 -0.524981
0.501554 0.858628 0.316824
0.361085 0.898816 -0.064398
0.455473 0.872310 0.351733
0.343883 0.899265 -0.015441
0.594562 0.897237 0.296061
0.380895 0.955124 -0.090413
0.466654 0.397587 -0.482405
0.466355 0.379406 -0.445911
0.474275 0.378265 -0.446612
0.481570 0.377543 -0.446700
0.439892 0.383610 -0.467240
0.429203 0.384895 -0.467808
0.417173 0.385548 -0.468008
0.475940 0.381550 -0.240472
0.388167 0.393815 -0.336372
0.482319 0.413629 -0.401994
0.446307 0.415509 -0.433687
0.536564 0.457761 -0.140806
0.306594 0.474472 -0.363323
0.683490 0.472131 -0.263742
0.323147 0.535489 -0.767318
0.890852 0.489097 -0.514676
0.347841 0.572204 -1.215675
0.950069 0.495041 -0.560326
0.348031 0.596041 -1.327072
0.949819 0.500140 -0.618941
0.381525 0.587532 -1.352310
0.923774 0.504078 -0.546910
0.384778 0.581319 -1.243424
0.432756 0.662014 0.101146
0.288309 0.662697 -0.101324
0.568487 0.767571 -0.045810
0.396457 0.792636 -0.524049
0.501523 0.857422 0.354815
0.360855 0.897125 -0.077822
0.455485 0.872118 0.386907
0.343954 0.898417 -0.032115
0.595228 0.897135 0.298445
0.380877 0.955413 -0.109686
0.464963 0.375074 -0.515745
0.463070 0.357365 -0.477272
0.470553 0.355817 -0.477995
0.477607 0.354646 -0.478088
0.438666 0.360268 -0.502321
0.427647 0.361328 -0.502935
0.415724 0.362902 -0.503203
0.471963 0.359900 -0.256953
0.385626 0.371212 -0.370674
0.479806 0.390944 -0.428703
0.445274 0.393564 -0.465442
0.536331 0.439594 -0.118735
0.302712 0.454019 -0.382623
0.697717 0.452570 -0.133559
0.287156 0.532372 -0.773695
0.914919 0.463667 -0.273114
0.292741 0.554745 -1.231781
0.973491 0.470010 -0.290994
0.291114 0.575152 -1.337684
0.973428 0.474599 -0.355609
0.315169 0.563333 -1.361652
0.948568 0.477875 -0.304669
0.322967 0.557346 -1.258904
0.432816 0.649701 0.106582
0.290573 0.651381 -0.106754
0.564596 0.760871 -0.015091
0.393875 0.783171 -0.547949
0.501725 0.855904 0.403357
0.359835 0.893458 -0.086570
0.455693 0.871262 0.435489
0.344090 0.895614 -0.041392
0.597433 0.897103 0.314760
0.380808 0.955490 -0.166425
0.460881 0.354396 -0.621384
0.456973 0.335810 -0.577049
0.464368 0.334034 -0.577814
0.471736 0.332656 -0.577884
0.433571 0.338917 -0.602911
0.422189 0.339643 -0.603633
0.410816 0.341143 -0.604007
0.466476 0.339084 -0.304896
0.380947 0.349643 -0.438305
0.474572 0.369993 -0.521352
0.441676 0.373571 -0.559509
0.533966 0.418481 -0.179809
0.295183 0.440308 -0.414784
0.710373 0.433502 -0.155327
0.211234 0.520299 -0.740401
0.932963 0.443730 -0.227130
0.233180 0.532468 -1.160112
0.994575 0.447562 -0.232262
0.226139 0.553037 -1.240044
0.997308 0.451649 -0.296387
0.254693 0.539633 -1.265594
0.970841 0.455566 -0.256396
0.261416 0.530113 -1.187067
0.436770 0.636423 0.105188
0.295557 0.641357 -0.105337
0.559576 0.758794 0.021222
0.393404 0.778571 -0.541687
0.502022 0.855810 0.466413
0.357932 0.891883 -0.053151
0.456068 0.871221 0.500705
0.344036 0.895433 -0.005269
0.598623 0.896749 0.373925
0.380598 0.955510 -0.153216
0.457128 0.332073 -0.642163
0.453010 0.314419 -0.598463
0.460490 0.313038 -0.599236
0.467902 0.311946 -0.599320
0.430580 0.316992 -0.625277
0.419757 0.317611 -0.626009
0.407850 0.319007 -0.626400
0.461217 0.318135 -0.329535
0.377322 0.327713 -0.471602
0.470113 0.348408 -0.545152
0.439140 0.351085 -0.584539
0.529279 0.399840 -0.197153
0.288324 0.423913 -0.427659
0.719926 0.416810 -0.171217
0.179055 0.507746 -0.785342
0.951308 0.424640 -0.263730
0.168482 0.509466 -1.260594
1.014499 0.421751 -0.270812
0.158322 0.530122 -1.357885
1.019764 0.425343 -0.339333
0.187398 0.509403 -1.382038
0.993042 0.431600 -0.295838
0.199761 0.503319 -1.287509
0.439818 0.628084 0.104881
0.298793 0.634174 -0.105035
0.552102 0.753418 -0.004492
0.388885 0.775163 -0.531533
0.502058 0.855818 0.435682
0.357464 0.890974 -0.040993
0.456188 0.871673 0.468581
0.344056 0.895459 0.004169
0.598542 0.896723 0.350324
0.380502 0.954529 -0.165354
0.451942 0.310393 -0.604203
0.450109 0.293793 -0.553800
0.458383 0.292771 -0.554542
0.466495 0.291822 -0.554541
0.425901 0.296037 -0.580020
0.416170 0.297584 -0.580826
0.403910 0.299479 -0.581261
0.460036 0.297348 -0.304129
0.372198 0.309006 -0.424291
0.467341 0.326008 -0.507830
0.435383 0.328384 -0.546885
0.529522 0.382483 -0.163589
0.288091 0.398692 -0.409733
0.730740 0.404050 -0.173005
0.165424 0.465146 -0.806439
0.963973 0.416795 -0.273438
0.108950 0.486882 -1.327653
1.029015 0.416912 -0.277276
0.060939 0.513172 -1.436792
1.031463 0.421834 -0.351800
0.111301 0.504825 -1.462475
1.000297 0.427108 -0.308685
0.144649 0.499618 -1.357513
0.449616 0.621177 0.104235
0.304764 0.625036 -0.104475
0.545597 0.751864 0.080293
0.386007 0.770903 -0.515546
0.500552 0.856751 0.526331
0.357379 0.889444 -0.051854
0.456380 0.872180 0.558727
0.347126 0.895026 -0.008915
0.597136 0.896803 0.418887
0.380485 0.954321 -0.186131
0.450787 0.288070 -0.529739
0.449561 0.271579 -0.479299
0.458282 0.271003 -0.480101
0.466250 0.270381 -0.480067
0.423553 0.273760 -0.511062
0.413273 0.275560 -0.511907
0.401171 0.277847 -0.512383
0.458990 0.276043 -0.233725
0.369345 0.288200 -0.376897
0.466420 0.305371 -0.435264
0.433652 0.306846 -0.481649
0.531011 0.368487 -0.088518
0.288380 0.381463 -0.397763
0.737523 0.394615 -0.098330
0.152057 0.446368 -0.841635
0.963610 0.409507 -0.212410
0.050075 0.487385 -1.367523
1.025109 0.414517 -0.214265
0.011866 0.510430 -1.480244
1.028759 0.416589 -0.296879
0.038174 0.510913 -1.509662
1.000383 0.419522 -0.252415
0.059620 0.508389 -1.400619
0.459375 0.616051 0.108655
0.307368 0.617987 -0.109100
0.536901 0.745866 0.334928
0.381340 0.765613 -0.288743
0.498849 0.856738 0.722633
0.354624 0.888508 0.082574
0.456538 0.872371 0.746676
0.347103 0.894778 0.113328
0.597149 0.896073 0.587113
0.378994 0.953651 -0.088094
0.447296 0.269870 -0.536823
0.446574 0.253494 -0.484361
0.455558 0.253221 -0.485220
0.463972 0.252893 -0.485239
0.419912 0.254494 -0.514703
0.409383 0.255387 -0.515537
0.396728 0.256942 -0.516052
0.455852 0.257966 -0.220587
0.363899 0.267744 -0.360355
0.462819 0.286738 -0.436963
0.429475 0.288718 -0.482085
0.531114 0.350245 -0.080765
0.281188 0.365175 -0.361027
0.741208 0.385323 -0.094941
0.134250 0.434675 -0.831407
0.966680 0.408509 -0.220985
0.015485 0.487491 -1.355677
1.026106 0.411877 -0.226350
-0.030394 0.506249 -1.469541
1.031472 0.415910 -0.310263
-0.009972 0.509509 -1.505285
1.002209 0.418686 -0.261822
0.020706 0.508308 -1.392467
0.467424 0.606999 0.108305
0.311392 0.609818 -0.108695
0.527490 0.740840 0.512972
0.376547 0.759686 -0.223286
0.498448 0.854887 0.974996
0.350713 0.888090 0.125682
0.458596 0.871902 1.004064
0.347102 0.895405 0.151321
0.596322 0.895014 0.808428
0.378994 0.953912 -0.094146
0.443290 0.251534 -0.543757
0.443880 0.234266 -0.504367
0.453725 0.234162 -0.505155
0.461929 0.234012 -0.505191
0.414381 0.235485 -0.526636
0.403134 0.236836 -0.527259
0.390258 0.238936 -0.527517
0.453802 0.238778 -0.220947
0.359478 0.250258 -0.378281
0.458720 0.269347 -0.454988
0.422699 0.270760 -0.495719
0.531245 0.335742 -0.048856
0.273459 0.348775 -0.357396
0.739780 0.381472 -0.021787
0.129654 0.428743 -0.826953
0.960297 0.411657 -0.155288
-0.014450 0.486753 -1.330358
1.019241 0.417202 -0.162427
-0.045645 0.506887 -1.440181
1.023161 0.421520 -0.248423
-0.056529 0.509836 -1.478105
0.994285 0.424111 -0.197649
-0.016653 0.506547 -1.367754
0.470158 0.597266 0.112975
0.314294 0.599334 -0.113510
0.519012 0.738163 0.573816
0.372208 0.756599 -0.046447
0.497896 0.853849 1.103983
0.348141 0.888245 0.370558
0.460267 0.871900 1.139404
0.347088 0.895652 0.400791
0.596757 0.893591 0.919073
0.378920 0.955561 0.124270
0.443398 0.235200 -0.630112
0.443701 0.218576 -0.571711
0.452832 0.218601 -0.572744
0.459792 0.218495 -0.572770
0.412842 0.219528 -0.607923
0.400011 0.221251 -0.608779
0.387777 0.223743 -0.609314
0.450410 0.224204 -0.249903
0.357540 0.236260 -0.423335
0.457595 0.253808 -0.508690
0.421235 0.255221 -0.563040
0.533924 0.326242 -0.079315
0.263956 0.338672 -0.369993
0.738651 0.381683 -0.032154
0.111655 0.426989 -0.660317
0.952913 0.416185 -0.201965
-0.039415 0.491928 -0.992633
1.010791 0.426068 -0.213003
-0.078016 0.511015 -1.066488
1.014898 0.429028 -0.300778
-0.106559 0.508605 -1.126368
0.987591 0.429707 -0.245377
-0.065295 0.506968 -1.033340
0.474428 0.589893 0.113454
0.318126 0.592148 -0.114045
0.505308 0.734944 0.612524
0.366246 0.747860 0.029615
0.495380 0.851737 1.159716
0.347767 0.884060 0.494187
0.460223 0.871617 1.196861
0.347679 0.894138 0.529393
0.596747 0.892658 0.964905
0.377712 0.955592 0.251755
0.439992 0.223416 -0.676356
0.441493 0.207188 -0.616640
0.450222 0.207443 -0.617696
0.456782 0.207634 -0.617708
0.408096 0.208822 -0.654134
0.394073 0.211317 -0.655005
0.383439 0.214174 -0.655550
0.448783 0.215002 -0.279860
0.354163 0.225740 -0.464784
0.454414 0.242053 -0.550938
0.415841 0.244413 -0.605840
0.533944 0.316580 -0.100308
0.259180 0.331520 -0.379888
0.734810 0.382408 -0.083546
0.111346 0.423399 -0.651893
0.947129 0.424535 -0.283394
-0.044121 0.495932 -0.960176
1.005501 0.436769 -0.302605
-0.087604 0.513126 -1.032260
1.008672 0.440569 -0.373265
-0.112227 0.511900 -1.096706
0.980597 0.441687 -0.320208
-0.072417 0.510320 -1.001987
0.475220 0.583570 0.115620
0.319445 0.587115 -0.116278
0.496587 0.732413 0.614917
0.361684 0.744742 0.001002
0.491123 0.850936 1.147542
0.347168 0.884025 0.444282
0.460200 0.871433 1.182131
0.348332 0.894188 0.476391
0.596223 0.891253 0.938756
0.376435 0.955864 0.187598
0.437756 0.215185 -0.716096
0.440410 0.198941 -0.655241
0.448487 0.199254 -0.656307
0.455592 0.199576 -0.656308
0.405193 0.201117 -0.693030
0.390195 0.203720 -0.693883
0.379009 0.206130 -0.694399
0.447016 0.207742 -0.312847
0.350127 0.218476 -0.493333
0.453168 0.234896 -0.585511
0.411482 0.236700 -0.640743
0.534750 0.310444 -0.111748
0.256258 0.327202 -0.396176
0.733326 0.387660 -0.102075
0.124988 0.418311 -0.692806
0.932985 0.427530 -0.446309
-0.015911 0.498566 -1.044397
0.989903 0.455739 -0.489034
-0.047165 0.514131 -1.124943
0.990879 0.456509 -0.584066
-0.065215 0.516221 -1.170839
0.967336 0.450333 -0.495855
-0.032626 0.513399 -1.041120
0.476537 0.581197 0.116819
0.320291 0.584963 -0.117453
0.489236 0.731240 0.598301
0.353071 0.744225 -0.050193
0.486294 0.849390 1.168800
0.346756 0.883876 0.374272
0.460121 0.870548 1.206210
0.348974 0.894221 0.403421
0.591617 0.890350 0.952995
0.373288 0.956867 0.100345
0.437536 0.210093 -0.819500
0.440091 0.195220 -0.751613
0.447948 0.195467 -0.752718
0.455634 0.195478 -0.752672
0.405225 0.196425 -0.791592
0.390893 0.198313 -0.792382
0.379084 0.200146 -0.792851
0.445464 0.203481 -0.378429
0.348708 0.213396 -0.564788
0.453155 0.229054 -0.675689
0.411797 0.231769 -0.734498
0.534707 0.306579 -0.158679
0.253364 0.326114 -0.452642
0.717478 0.394068 -0.228618
0.128097 0.422130 -0.817872
0.894633 0.454097 -0.649815
-0.009857 0.502348 -1.304590
0.944750 0.484831 -0.722226
-0.043895 0.518150 -1.424690
0.945821 0.487392 -0.819001
-0.062873 0.522964 -1.489919
0.923420 0.480902 -0.702185
-0.030609 0.513590 -1.347758
0.478089 0.579465 0.122782
0.321544 0.583316 -0.123335
0.486858 0.727537 0.666567
0.348025 0.742360 -0.056008
0.480237 0.849203 1.312830
0.346654 0.884113 0.413276
0.457189 0.870235 1.355245
0.349165 0.894350 0.444498
0.589722 0.890247 1.059103
0.373086 0.958479 0.087489
0.435336 0.209805 -0.760741
0.438554 0.194882 -0.696731
0.446299 0.194767 -0.697802
0.454578 0.194575 -0.697764
0.403750 0.195432 -0.732629
0.389740 0.196642 -0.733430
0.377372 0.197975 -0.733897
0.444085 0.201601 -0.359175
0.347017 0.210458 -0.524040
0.451685 0.228084 -0.627931
0.409471 0.230687 -0.680867
0.534510 0.307230 -0.157292
0.251464 0.325018 -0.428956
0.695938 0.398008 -0.224432
0.130790 0.427834 -0.686510
0.852175 0.477203 -0.640210
-0.001714 0.520181 -1.071924
0.894514 0.507117 -0.714106
-0.034882 0.557899 -1.176109
0.893711 0.510601 -0.809522
-0.032770 0.561024 -1.256219
0.871786 0.503664 -0.691321
-0.005836 0.545933 -1.119346
0.480319 0.581465 0.122644
0.322081 0.585567 -0.123222
0.485020 0.728322 0.612217
0.344456 0.743808 -0.022795
0.478200 0.849282 1.218086
0.346725 0.884213 0.444337
0.456245 0.870207 1.257446
0.350666 0.894379 0.475964
0.586037 0.890115 0.977216
0.372171 0.958839 0.134963
0.434028 0.209613 -0.771917
0.436790 0.194472 -0.706688
0.444628 0.194339 -0.707791
0.453557 0.194539 -0.707715
0.402372 0.195042 -0.743525
0.389085 0.196094 -0.744330
0.376776 0.197535 -0.744813
0.442875 0.202102 -0.363375
0.346945 0.211659 -0.530208
0.450843 0.227200 -0.638499
0.409051 0.230317 -0.692391
0.533217 0.309493 -0.157323
0.248194 0.326457 -0.435471
0.664706 0.399826 -0.219845
0.134983 0.431255 -0.651199
0.796224 0.488962 -0.649904
0.013640 0.541313 -1.000219
0.836538 0.518498 -0.728330
-0.014392 0.582083 -1.104781
0.832513 0.522215 -0.825943
-0.012057 0.584445 -1.184545
0.812711 0.514673 -0.701265
0.010253 0.570321 -1.046204
0.481013 0.582545 0.122658
0.321756 0.585671 -0.123230
0.482580 0.727625 0.593531
0.344047 0.745693 -0.011741
0.477349 0.849355 1.217258
0.345913 0.884239 0.486539
0.455704 0.870243 1.258451
0.350738 0.894810 0.521387
0.585679 0.889543 0.978046
0.371246 0.959065 0.184803
0.432555 0.208698 -0.764905
0.435166 0.193614 -0.699660
0.443405 0.193709 -0.700810
0.452782 0.194006 -0.700750
0.401154 0.194007 -0.737481
0.388395 0.194991 -0.738276
0.375874 0.196383 -0.738767
0.441522 0.201784 -0.359092
0.346604 0.210626 -0.530645
0.449737 0.226132 -0.632699
0.408660 0.228808 -0.688242
0.531918 0.311318 -0.156440
0.243760 0.330518 -0.436370
0.638710 0.403769 -0.141729
0.139099 0.450912 -0.667139
0.752369 0.507538 -0.525817
0.026286 0.560713 -1.048304
0.785136 0.540947 -0.627329
-0.002039 0.599018 -1.157306
0.784332 0.543531 -0.797300
0.000572 0.600012 -1.229427
0.765240 0.534952 -0.582368
0.024557 0.587089 -1.093250
0.481525 0.583947 0.122665
0.321451 0.586628 -0.123217
0.480450 0.728262 0.610067
0.340102 0.746912 -0.029550
0.474402 0.849433 1.261018
0.345471 0.884349 0.489090
0.451339 0.870266 1.304404
0.350881 0.894903 0.526066
0.584461 0.888231 1.021020
0.370398 0.959551 0.189186
0.431953 0.208280 -0.822466
0.433798 0.193506 -0.753212
0.442608 0.193730 -0.754372
0.452036 0.193920 -0.754269
0.400699 0.193867 -0.797849
0.388266 0.195041 -0.798674
0.375272 0.196664 -0.799217
0.440566 0.201910 -0.389451
0.345916 0.211762 -0.594611
0.449538 0.225671 -0.680990
0.409089 0.228746 -0.745881
0.529095 0.312604 -0.154902
0.242506 0.330768 -0.501246
0.616815 0.416833 -0.055396
0.153123 0.461772 -0.676887
0.713257 0.523380 -0.370702
0.074158 0.570196 -1.073215
0.735899 0.557600 -0.436438
0.061081 0.610772 -1.181585
0.733697 0.561202 -0.558828
0.065272 0.612035 -1.243703
0.716784 0.550055 -0.423066
0.078037 0.598913 -1.115022
0.481065 0.585615 0.132571
0.321659 0.588034 -0.133024
0.480088 0.727916 0.671065
0.337123 0.747720 -0.000796
0.474408 0.849113 1.433706
0.344467 0.884435 0.605154
0.450695 0.869716 1.489526
0.350876 0.894915 0.651677
0.584011 0.888135 1.222858
0.369169 0.959871 0.318456
0.430863 0.208834 -0.787582
0.432122 0.194099 -0.722230
0.441638 0.194323 -0.723354
0.450806 0.194362 -0.723271
0.399454 0.194767 -0.762718
0.387154 0.196010 -0.763560
0.374141 0.197946 -0.764069
0.439752 0.202214 -0.376820
0.345986 0.212879 -0.562288
0.448669 0.225422 -0.652528
0.408917 0.229067 -0.711561
0.526131 0.313101 -0.130527
0.244085 0.330066 -0.492382
0.590849 0.425514 0.014702
0.173654 0.461092 -0.554068
0.668330 0.530657 -0.248996
0.133852 0.575634 -0.806312
0.681586 0.565669 -0.302673
0.121466 0.613480 -0.907515
0.680681 0.568828 -0.409003
0.138466 0.615798 -0.973061
0.667840 0.557304 -0.295951
0.150429 0.603763 -0.842262
0.480514 0.585193 0.131889
0.321547 0.588226 -0.132341
0.480248 0.725914 0.616348
0.335744 0.747939 0.032665
0.474312 0.848317 1.346315
0.344234 0.884378 0.604549
0.449477 0.869337 1.401303
0.350866 0.894705 0.648827
0.583961 0.887653 1.172065
0.369202 0.959740 0.350758
0.429325 0.209063 -0.804611
0.430145 0.194186 -0.739722
0.440339 0.194609 -0.740865
0.449532 0.194702 -0.740754
0.398247 0.194692 -0.780298
0.386163 0.195969 -0.781193
0.373044 0.197895 -0.781719
0.438949 0.202288 -0.393304
0.345577 0.213080 -0.578130
0.447741 0.225604 -0.668451
0.408311 0.228944 -0.727336
0.524689 0.312038 -0.131667
0.244770 0.330589 -0.489140
0.574432 0.431703 0.023526
0.194604 0.464301 -0.571480
0.632822 0.542688 -0.234478
0.168417 0.585902 -0.836076
0.637288 0.578054 -0.290424
0.164737 0.624555 -0.946591
0.636164 0.579859 -0.397707
0.189513 0.623304 -1.010838
0.623593 0.569372 -0.281356
0.198848 0.611339 -0.870482
0.480518 0.582967 0.132404
0.321671 0.586201 -0.132850
0.480344 0.725625 0.589190
0.335401 0.748163 0.020471
0.474681 0.848365 1.341053
0.343568 0.884410 0.587326
0.449499 0.869479 1.399260
0.350450 0.894630 0.631673
0.585168 0.887673 1.186995
0.369088 0.959891 0.344596
0.429221 0.209139 -0.794377
0.429334 0.194095 -0.727758
0.439538 0.194588 -0.728984
0.448570 0.194614 -0.728742
0.398436 0.194480 -0.779504
0.386253 0.195643 -0.780613
0.373256 0.197455 -0.781126
0.437841 0.202219 -0.377059
0.345424 0.212465 -0.564018
0.447247 0.225867 -0.651754
0.408431 0.228655 -0.722468
0.523382 0.309616 -0.102201
0.245621 0.330978 -0.478529
0.558842 0.433307 0.057046
0.209620 0.465868 -0.530022
0.591924 0.547019 -0.210529
0.198915 0.592863 -0.768545
0.592860 0.584443 -0.269724
0.197910 0.631897 -0.878406
0.589537 0.586417 -0.370998
0.230686 0.630884 -0.938948
0.580979 0.574260 -0.254912
0.239755 0.617407 -0.799734
0.481325 0.582446 0.132745
0.322639 0.586848 -0.133204
0.480756 0.725898 0.578152
0.335874 0.748258 0.060106
0.474693 0.848408 1.323835
0.343042 0.884445 0.632347
0.449113 0.869943 1.382769
0.349849 0.894580 0.677837
0.585197 0.887677 1.184642
0.369222 0.959880 0.406830
0.429420 0.209233 -0.717162
0.429493 0.193830 -0.656799
0.439569 0.194161 -0.657951
0.448281 0.193854 -0.657779
0.398531 0.194436 -0.703732
0.386499 0.195499 -0.704719
0.373413 0.197354 -0.705253
0.437240 0.201308 -0.338095
0.345624 0.212059 -0.539294
0.447340 0.225685 -0.588829
0.408567 0.228646 -0.655046
0.523459 0.309318 -0.083108
0.246747 0.331259 -0.469924
0.552949 0.437098 0.116431
0.227938 0.465629 -0.509161
0.578304 0.554588 -0.069860
0.223097 0.591389 -0.728738
0.573811 0.590932 -0.113540
0.228305 0.631167 -0.833352
0.562012 0.592531 -0.210389
0.256332 0.627878 -0.888516
0.556731 0.579701 -0.109923
0.264576 0.614557 -0.756870
0.484096 0.583211 0.132277
0.328303 0.587584 -0.132739
0.480817 0.726140 0.573680
0.336383 0.748664 0.090279
0.474558 0.847667 1.308418
0.342840 0.884135 0.663011
0.448538 0.869173 1.365772
0.349462 0.893144 0.709862
0.583486 0.887668 1.179504
0.369945 0.959812 0.456490
0.429248 0.209713 -0.727889
0.429122 0.193851 -0.666948
0.439377 0.194127 -0.668024
0.447871 0.193718 -0.667825
0.398620 0.194597 -0.709180
0.386441 0.195740 -0.710256
0.373658 0.197667 -0.710892
0.437395 0.201039 -0.341188
0.345688 0.212127 -0.533219
0.447127 0.225620 -0.595338
0.408688 0.228758 -0.656704
0.523553 0.308026 -0.086165
0.249593 0.331754 -0.455876
0.541583 0.434741 0.108262
0.239609 0.466761 -0.474946
0.552103 0.543433 -0.054020
0.228867 0.591336 -0.679533
0.545707 0.577829 -0.087738
0.234337 0.631409 -0.779147
0.540069 0.580748 -0.181047
0.259146 0.628270 -0.832051
0.534391 0.568633 -0.091639
0.266283 0.615397 -0.705562
0.489010 0.580745 0.125779
0.334195 0.587179 -0.126263
0.481304 0.726028 0.440426
0.336008 0.748881 0.045067
0.474661 0.847155 1.185322
0.342820 0.884129 0.591598
0.448229 0.868907 1.245335
0.349768 0.892322 0.634854
0.581207 0.887724 1.051773
0.370007 0.959756 0.362220
0.429113 0.210317 -0.655139
0.429155 0.194060 -0.598894
0.439448 0.194295 -0.599927
0.447764 0.193832 -0.599784
0.398764 0.194787 -0.634424
0.386428 0.195946 -0.635440
0.373843 0.197830 -0.636049
0.437522 0.201192 -0.296697
0.345773 0.211893 -0.457970
0.446964 0.226091 -0.533440
0.408653 0.229129 -0.585515
0.523784 0.307750 -0.065858
0.250443 0.331419 -0.390718
0.537070 0.433555 0.109017
0.238256 0.466886 -0.417112
0.539157 0.543844 -0.042845
0.222401 0.590486 -0.603911
0.535128 0.578419 -0.073370
0.227498 0.629444 -0.693464
0.529855 0.581685 -0.160808
0.254770 0.627007 -0.746111
0.524200 0.569678 -0.077677
0.260941 0.614812 -0.629465
0.491677 0.579876 0.117347
0.336376 0.587070 -0.117858
0.481757 0.725930 0.442716
0.334163 0.748665 0.033976
0.474503 0.846782 1.126330
0.342688 0.884028 0.500170
0.447954 0.868669 1.179827
0.349922 0.891566 0.537724
0.581262 0.887864 1.003516
0.369581 0.959604 0.290556
0.429187 0.210654 -0.668735
0.429273 0.194241 -0.612219
0.439527 0.194378 -0.613276
0.447742 0.193867 -0.613158
0.398899 0.194955 -0.648962
0.386456 0.196155 -0.649939
0.373981 0.198098 -0.650531
0.437543 0.201309 -0.305591
0.345906 0.212234 -0.471492
0.446887 0.226194 -0.545678
0.408722 0.229321 -0.599213
0.524920 0.308535 -0.074023
0.250557 0.330921 -0.398571
0.537829 0.435205 0.099730
0.231366 0.466535 -0.439604
0.545586 0.547045 -0.062023
0.210818 0.590064 -0.638280
0.544051 0.581088 -0.097417
0.208486 0.628979 -0.732121
0.535672 0.584675 -0.188456
0.235282 0.626586 -0.787579
0.529367 0.572599 -0.098902
0.244297 0.613418 -0.665616
0.491634 0.580460 0.114631
0.336053 0.587205 -0.115146
0.481068 0.726049 0.446734
0.334553 0.748712 0.053064
0.474371 0.846544 1.157222
0.342692 0.884613 0.542884
0.447757 0.868564 1.215234
0.349920 0.892081 0.582300
0.581363 0.887777 1.065568
0.370009 0.960263 0.335649
0.429287 0.210468 -0.705588
0.429437 0.194163 -0.647811
0.439681 0.194212 -0.648962
0.447779 0.193663 -0.648862
0.399200 0.194790 -0.691133
0.386491 0.195927 -0.692052
0.374124 0.197914 -0.692629
0.437506 0.201410 -0.329324
0.346010 0.212533 -0.523580
0.446909 0.226397 -0.577000
0.408781 0.229462 -0.639679
0.525109 0.309007 -0.082996
0.250823 0.330952 -0.435720
0.547424 0.436270 0.082016
0.228757 0.467441 -0.473552
0.572328 0.551854 -0.116381
0.199145 0.592859 -0.718362
0.569966 0.587464 -0.161231
0.194939 0.631952 -0.801795
0.559650 0.589444 -0.257918
0.220003 0.628816 -0.850393
0.554547 0.576425 -0.157450
0.230331 0.615099 -0.748431
0.492193 0.581126 0.115592
0.335786 0.588154 -0.116101
0.481294 0.725627 0.617673
0.334710 0.748790 0.108094
0.474392 0.845568 1.425878
0.343011 0.884619 0.648019
0.447757 0.867364 1.490782
0.351561 0.891890 0.691609
0.581253 0.887503 1.328140
0.369783 0.960292 0.438140
0.429520 0.210172 -0.706443
0.429762 0.194162 -0.648728
0.439872 0.194148 -0.649876
0.447871 0.193652 -0.649783
0.399344 0.194767 -0.690287
0.386562 0.195941 -0.691197
0.374169 0.198013 -0.691753
0.437549 0.201787 -0.330318
0.346086 0.213023 -0.522722
0.446883 0.226630 -0.579051
0.408833 0.229640 -0.639699
0.525202 0.309555 -0.099818
0.250454 0.330814 -0.430902
0.553569 0.436877 0.042578
0.225777 0.467217 -0.491892
0.588414 0.550665 -0.199033
0.187484 0.592514 -0.733951
0.589011 0.586735 -0.253963
0.182381 0.631586 -0.829954
0.582970 0.588390 -0.350636
0.206907 0.630505 -0.890817
0.575535 0.576079 -0.240539
0.215432 0.617342 -0.766788
0.491908 0.581418 0.115520
0.335508 0.588310 -0.116037
0.481356 0.724610 0.620202
0.334916 0.748848 0.075396
0.474470 0.845196 1.344427
0.343380 0.884553 0.599386
0.447885 0.867133 1.400380
0.353212 0.891444 0.633251
0.581287 0.887000 1.225672
0.368840 0.960247 0.414877
0.429574 0.209598 -0.704298
0.430044 0.194050 -0.647902
0.440055 0.194030 -0.649052
0.448076 0.193631 -0.648975
0.399384 0.194590 -0.686897
0.386623 0.195726 -0.687810
0.374259 0.197699 -0.688345
0.437579 0.202112 -0.335213
0.346099 0.212953 -0.520319
0.446757 0.226593 -0.580099
0.408763 0.229460 -0.638134
0.525251 0.309921 -0.123994
0.250003 0.331008 -0.426463
0.555861 0.436859 0.007982
0.211475 0.467213 -0.502276
0.605549 0.548986 -0.219781
0.166520 0.591727 -0.742671
0.608841 0.584429 -0.268681
0.154204 0.630311 -0.836574
0.607572 0.586302 -0.368058
0.175881 0.630630 -0.900799
0.593522 0.575034 -0.262182
0.188177 0.618107 -0.776444
0.491709 0.581657 0.111398
0.335206 0.587796 -0.111965
0.481540 0.724289 0.606803
0.334300 0.748888 0.031335
0.474446 0.844875 1.271465
0.343765 0.884551 0.467420
0.447890 0.866714 1.320354
0.354515 0.891280 0.499706
0.581231 0.886908 1.164464
0.368126 0.960237 0.257521
0.429863 0.209126 -0.705272
0.430590 0.193849 -0.648183
0.440356 0.193788 -0.649344
0.448314 0.193423 -0.649276
0.399655 0.194363 -0.687501
0.386680 0.195408 -0.688412
0.374385 0.197271 -0.688947
0.437614 0.202154 -0.344923
0.346143 0.212496 -0.520002
0.446740 0.226505 -0.582834
0.408789 0.229259 -0.638249
0.525579 0.310454 -0.142324
0.248864 0.331098 -0.426019
0.572818 0.436538 -0.011080
0.199008 0.467167 -0.508319
0.648963 0.548051 -0.227679
0.139667 0.590434 -0.750134
0.658686 0.583009 -0.272990
0.128475 0.629673 -0.837396
0.658594 0.585046 -0.376920
0.143776 0.631285 -0.922126
0.643890 0.573093 -0.272338
0.154503 0.617752 -0.793486
0.489624 0.581795 0.107416
0.332610 0.587427 -0.108009
0.481586 0.724340 0.595146
0.333595 0.749397 0.032745
0.474307 0.844849 1.249325
0.343822 0.884596 0.486913
0.447656 0.866615 1.297176
0.354868 0.891230 0.521817
0.580877 0.886939 1.111685
0.367210 0.960262 0.259297
0.431355 0.209057 -0.712193
0.431654 0.193786 -0.653637
0.440817 0.193655 -0.654794
0.448687 0.193300 -0.654740
0.400828 0.194243 -0.690613
0.387805 0.195192 -0.691498
0.375544 0.197046 -0.692016
0.437552 0.202260 -0.345685
0.346186 0.212507 -0.517628
0.446790 0.226527 -0.589797
0.409010 0.229211 -0.642904
0.526121 0.310671 -0.150174
0.248826 0.330072 -0.421693
0.604037 0.436098 -0.077210
0.186399 0.463983 -0.563351
0.696946 0.541559 -0.351908
0.097549 0.579439 -0.907355
0.715407 0.574426 -0.405694
0.084492 0.624549 -1.014613
0.714207 0.577546 -0.511826
0.089809 0.627430 -1.092432
0.700766 0.567995 -0.400103
0.101491 0.614578 -0.951756
0.489591 0.581894 0.107007
0.331282 0.586686 -0.107582
0.481687 0.724373 0.609896
0.332391 0.749482 -0.015817
0.474194 0.844545 1.284975
0.343828 0.885101 0.399156
0.447428 0.866594 1.333491
0.355002 0.891680 0.428193
0.580714 0.886930 1.138302
0.366745 0.960474 0.139864
0.432597 0.208839 -0.713770
0.432722 0.193525 -0.654422
0.441324 0.193313 -0.655575
0.449093 0.192924 -0.655528
0.401804 0.194005 -0.690773
0.388998 0.194947 -0.691655
0.376774 0.196774 -0.692169
0.437576 0.202116 -0.345613
0.346309 0.212442 -0.503350
0.446905 0.226499 -0.592084
0.409264 0.229140 -0.642998
0.526971 0.310749 -0.164499
0.248895 0.328487 -0.411698
0.630850 0.431573 -0.164290
0.178045 0.457822 -0.615218
0.740628 0.527482 -0.490003
0.077788 0.564194 -1.008493
0.768796 0.560883 -0.552628
0.056476 0.607729 -1.119590
0.771316 0.562983 -0.654477
0.058700 0.610768 -1.195158
0.754436 0.553340 -0.538677
0.074242 0.596154 -1.053824
0.489500 0.581965 0.105819
0.329026 0.586135 -0.106395
0.481773 0.724590 0.598952
0.332432 0.749406 -0.047714
0.473302 0.844489 1.267444
0.343931 0.885107 0.357924
0.446337 0.866593 1.311239
0.355295 0.891669 0.385679
0.580514 0.886908 1.097511
0.366345 0.960469 0.089949
0.434211 0.208743 -0.735908
0.433958 0.193302 -0.673464
0.441978 0.193000 -0.674601
0.449701 0.192593 -0.674551
0.402868 0.193818 -0.706472
0.390265 0.194755 -0.707280
0.377960 0.196590 -0.707725
0.437595 0.201947 -0.349524
0.346587 0.212339 -0.503575
0.447283 0.226532 -0.609682
0.409689 0.229137 -0.658161
0.527721 0.309933 -0.172821
0.248956 0.327967 -0.410434
0.647602 0.419162 -0.214148
0.170974 0.454377 -0.641182
0.776743 0.509925 -0.600254
0.062523 0.556531 -1.049463
0.820241 0.542876 -0.676532
0.038685 0.598474 -1.163114
0.818352 0.546912 -0.777512
0.041231 0.602297 -1.241850
0.798909 0.538737 -0.651139
0.059107 0.587963 -1.096970
0.488491 0.582065 0.106114
0.325971 0.586012 -0.106687
0.481537 0.725465 0.594183
0.332613 0.749449 -0.047347
0.472968 0.845255 1.260756
0.344003 0.885370 0.393263
0.445752 0.867818 1.302846
0.355286 0.891935 0.423759
0.580604 0.887176 1.058251
0.366102 0.960516 0.110291
0.436508 0.208813 -0.747962
0.435521 0.193384 -0.684666
0.442739 0.193075 -0.685789
0.450366 0.192687 -0.685738
0.405032 0.193938 -0.719185
0.392838 0.194856 -0.719968
0.379727 0.196720 -0.720382
0.437549 0.202033 -0.354079
0.346721 0.212426 -0.512868
0.447869 0.226713 -0.619969
0.411263 0.229214 -0.671285
0.528097 0.309318 -0.175567
0.249721 0.326966 -0.424292
0.667408 0.411057 -0.209450
0.169770 0.449251 -0.702412
0.818681 0.498950 -0.576497
0.056886 0.550361 -1.130065
0.864997 0.528814 -0.646991
0.026916 0.589895 -1.248717
0.862743 0.532837 -0.750995
0.031404 0.595541 -1.323924
0.838616 0.525091 -0.628543
0.052551 0.582297 -1.177253
0.485391 0.582142 0.106739
0.321323 0.586070 -0.107316
0.481574 0.726101 0.608331
0.332663 0.749680 -0.052670
0.472410 0.845478 1.291529
0.344343 0.885393 0.401182
0.444502 0.868302 1.337688
0.355419 0.891966 0.432481
0.580659 0.887249 1.083843
0.366106 0.960535 0.116952
0.438842 0.210054 -0.744344
0.437557 0.193939 -0.681987
0.444031 0.193770 -0.683109
0.451595 0.193573 -0.683053
0.408204 0.194447 -0.716859
0.396987 0.195235 -0.717666
0.382339 0.197061 -0.718104
0.437559 0.203515 -0.350569
0.346938 0.212652 -0.509004
0.448631 0.228714 -0.617191
0.413529 0.230042 -0.668889
0.528674 0.309212 -0.168892
0.253926 0.326025 -0.426761
0.685323 0.404248 -0.205032
0.172119 0.437934 -0.755838
0.861338 0.485109 -0.565973
0.062876 0.541353 -1.235751
0.907786 0.513409 -0.633265
0.033027 0.582186 -1.363273
0.904080 0.517597 -0.739348
0.043089 0.589116 -1.433481
0.878347 0.509761 -0.619288
0.064099 0.574509 -1.282980
0.483482 0.581911 0.110028
0.317098 0.586039 -0.110588
0.482001 0.726248 0.634517
0.331425 0.749615 -0.071546
0.472062 0.845559 1.309389
0.344542 0.885492 0.334484
0.443762 0.868690 1.355384
0.356466 0.892369 0.359653
0.580686 0.887475 1.111906
0.366110 0.960661 0.033018
0.439085 0.215806 -0.723074
0.437541 0.200085 -0.655921
0.444053 0.199694 -0.656985
0.451609 0.198867 -0.656869
0.408598 0.201426 -0.694201
0.396894 0.202283 -0.695014
0.382329 0.203376 -0.695454
0.437701 0.208291 -0.306571
0.346960 0.217187 -0.483837
0.448942 0.234009 -0.589085
0.415658 0.236118 -0.645861
0.528850 0.311064 -0.099527
0.258838 0.326897 -0.427056
0.696686 0.398093 -0.185181
0.172560 0.431641 -0.828973
0.877000 0.471692 -0.488651
0.065140 0.530580 -1.387523
0.929618 0.497286 -0.550586
0.048128 0.571134 -1.533802
0.925184 0.500121 -0.653587
0.056524 0.574749 -1.586387
0.898748 0.494716 -0.538611
0.072279 0.560546 -1.429575
0.481506 0.581005 0.122051
0.317221 0.585978 -0.122557
0.482305 0.725817 0.681458
0.332699 0.748527 -0.075249
0.472114 0.845623 1.340011
0.344822 0.885042 0.316265
0.443731 0.868717 1.384465
0.357000 0.892223 0.339909
0.580732 0.887479 1.145714
0.366848 0.960452 0.008070
0.439276 0.228654 -0.744738
0.437726 0.210488 -0.672948
0.444519 0.209924 -0.673914
0.452032 0.209389 -0.673743
0.408596 0.211166 -0.708574
0.396653 0.211475 -0.709395
0.382322 0.212395 -0.709867
0.439537 0.218086 -0.312712
0.347636 0.223896 -0.481170
0.449573 0.246634 -0.602804
0.415967 0.247579 -0.656498
0.529421 0.317733 -0.088093
0.264783 0.332835 -0.436036
0.710196 0.396068 -0.168909
0.179969 0.429933 -0.874842
0.896844 0.459083 -0.544806
0.110495 0.522391 -1.487134
0.954502 0.483057 -0.611310
0.090275 0.562858 -1.651227
0.950242 0.485283 -0.716238
0.124047 0.563753 -1.692217
0.926524 0.481419 -0.598799
0.140169 0.549917 -1.525208
0.477622 0.581083 0.127246
0.314856 0.586016 -0.127694
0.487284 0.725591 0.660402
0.337426 0.748539 -0.130048
0.472478 0.845711 1.359143
0.344889 0.885024 0.253289
0.443724 0.868844 1.408636
0.356997 0.892333 0.276223
0.580748 0.887472 1.164109
0.369146 0.960280 -0.081301
0.437107 0.245650 -0.751102
0.437491 0.228785 -0.676934
0.444544 0.228606 -0.677867
0.452134 0.228523 -0.677693
0.406190 0.229612 -0.710624
0.394949 0.230960 -0.711445
0.381378 0.232696 -0.711937
0.443574 0.236126 -0.309360
0.349286 0.244038 -0.464964
0.449501 0.262777 -0.607011
0.415368 0.265762 -0.658223
0.529883 0.330599 -0.068403
0.265942 0.349000 -0.435557
0.712135 0.394918 -0.165847
0.188209 0.433242 -0.900765
0.896252 0.445349 -0.507240
0.160238 0.523341 -1.597394
0.956727 0.466435 -0.571144
0.149428 0.561834 -1.779733
0.953986 0.469961 -0.676158
0.194445 0.554048 -1.812081
0.930564 0.466577 -0.560025
0.206265 0.543652 -1.633771
0.473385 0.585311 0.134222
0.310154 0.590203 -0.134584
0.494046 0.725634 0.546755
0.341981 0.750177 -0.312095
0.474389 0.845917 1.341812
0.345051 0.885140 0.116228
0.443839 0.869500 1.388308
0.357042 0.892448 0.144242
0.581855 0.887593 1.150536
0.371001 0.959628 -0.229820
0.438506 0.266742 -0.741344
0.439035 0.251618 -0.671144
0.446341 0.251172 -0.672032
0.453599 0.250746 -0.671881
0.409738 0.252493 -0.699591
0.397631 0.253358 -0.700369
0.385084 0.254624 -0.700880
0.446692 0.257985 -0.312816
0.354418 0.263802 -0.455481
0.451101 0.283905 -0.603144
0.418620 0.284383 -0.647730
0.530773 0.344501 -0.076927
0.273877 0.366016 -0.427008
0.711632 0.396860 -0.186111
0.214900 0.452311 -0.887030
0.897139 0.441095 -0.539886
0.229902 0.524491 -1.569788
0.959209 0.458631 -0.604612
0.223800 0.558367 -1.744199
0.957845 0.461465 -0.702538
0.255565 0.545820 -1.772009
0.933261 0.459723 -0.589281
0.266833 0.535001 -1.603718
0.469688 0.590786 0.133746
0.306946 0.597235 -0.133979
0.506593 0.725698 0.422226
0.345978 0.752663 -0.398854
0.476393 0.846842 1.128395
0.346195 0.886704 0.000522
0.444305 0.871195 1.178604
0.357045 0.895465 0.027062
0.582028 0.888432 0.927310
0.373089 0.959704 -0.328409
0.440032 0.293216 -0.812925
0.440656 0.275518 -0.748412
0.448285 0.274811 -0.749423
0.455371 0.274292 -0.749398
0.411315 0.276948 -0.776983
0.398643 0.278454 -0.777651
0.387110 0.280278 -0.778119
0.447887 0.281806 -0.406433
0.358302 0.292163 -0.542020
0.453441 0.310655 -0.681012
0.421093 0.312173 -0.725359
0.529237 0.364285 -0.194186
0.275644 0.389800 -0.496656
0.707808 0.397537 -0.300464
0.246811 0.496321 -1.016659
0.889984 0.435566 -0.686854
0.286690 0.525238 -1.719974
0.954435 0.452921 -0.760421
0.289802 0.550857 -1.901296
0.946614 0.455853 -0.846895
0.311095 0.535790 -1.922797
0.918837 0.453460 -0.732206
0.316736 0.528253 -1.753410
0.463920 0.603878 0.132940
0.302945 0.611758 -0.133165
0.527526 0.732098 0.418524
0.348283 0.759079 -0.452861
0.482508 0.847532 1.144287
0.346411 0.891523 0.049645
0.448425 0.871528 1.197362
0.352859 0.901898 0.086740
0.588388 0.888720 0.941171
0.375565 0.959943 -0.255114
0.445678 0.318521 -0.898047
0.443407 0.300652 -0.832209
0.450064 0.300118 -0.833214
0.456278 0.299196 -0.833192
0.418085 0.301875 -0.870761
0.405866 0.302646 -0.871442
0.393022 0.303767 -0.871868
0.447829 0.307785 -0.483513
0.361359 0.315637 -0.663800
0.456299 0.337002 -0.763285
0.427808 0.336848 -0.820351
0.522496 0.383751 -0.244867
0.274864 0.415809 -0.637374
0.701473 0.407331 -0.313167
0.294871 0.510252 -1.215663
0.881937 0.437677 -0.667219
0.339189 0.527350 -1.937161
0.943715 0.451328 -0.728947
0.350431 0.548033 -2.129553
0.937792 0.454582 -0.822907
0.357180 0.531131 -2.139067
0.913627 0.454413 -0.715040
0.357799 0.525632 -1.966299
0.454583 0.617723 0.141352
0.298208 0.626987 -0.141459
0.545516 0.740092 0.188589
0.349894 0.768424 -0.500717
0.487162 0.850344 0.885861
0.347381 0.892159 0.056364
0.451656 0.872641 0.937995
0.351611 0.902994 0.099247
0.594676 0.889577 0.689406
0.375617 0.958918 -0.220451
0.448859 0.341726 -0.895587
0.445381 0.323184 -0.836431
0.451347 0.322756 -0.837403
0.457135 0.322038 -0.837417
0.421512 0.324251 -0.869059
0.409825 0.324874 -0.869691
0.396236 0.326117 -0.870036
0.447715 0.331177 -0.514717
0.363545 0.337713 -0.665219
0.458064 0.359439 -0.771234
0.430156 0.358546 -0.819819
0.519189 0.405923 -0.327759
0.277264 0.428800 -0.649630
0.690456 0.424295 -0.538121
0.324784 0.505333 -1.258835
0.872815 0.444799 -1.009666
0.383839 0.528955 -1.983911
0.934124 0.456905 -1.102404
0.393313 0.548322 -2.174642
0.927943 0.461235 -1.187879
0.405810 0.538419 -2.185082
0.903500 0.462101 -1.058272
0.405730 0.532230 -2.014071
0.442903 0.628524 0.136592
0.292492 0.635595 -0.136623
0.558975 0.750826 -0.033131
0.351157 0.775964 -0.442976
0.496035 0.852039 0.584042
0.348728 0.892807 0.056477
0.453863 0.873389 0.629740
0.350436 0.903199 0.093548
0.599530 0.890176 0.388933
0.376093 0.958365 -0.208629
0.453065 0.363460 -0.759249
0.449062 0.345301 -0.714797
0.454642 0.344494 -0.715630
0.460410 0.343517 -0.715773
0.425315 0.347503 -0.733312
0.414388 0.348711 -0.733832
0.400821 0.350180 -0.734025
0.448738 0.352126 -0.473927
0.368277 0.361515 -0.548049
0.462755 0.380800 -0.663616
0.434636 0.380473 -0.691233
0.519498 0.427677 -0.331100
0.282819 0.444951 -0.599259
0.678063 0.443683 -0.694917
0.327299 0.499431 -1.100774
0.870644 0.447611 -1.253786
0.407369 0.529173 -1.749331
0.926149 0.463696 -1.373999
0.425177 0.552147 -1.918701
0.920696 0.468041 -1.437754
0.448103 0.543552 -1.937456
0.899423 0.463695 -1.296626
0.448804 0.535459 -1.780767
0.440296 0.637522 0.097923
0.290474 0.643514 -0.098104
0.569346 0.754163 -0.207868
0.353329 0.782713 -0.448908
0.497646 0.852306 0.304809
0.349454 0.892697 -0.031399
0.455230 0.873106 0.343692
0.349738 0.901426 0.001305
0.598839 0.890567 0.162442
0.374780 0.957880 -0.227887
0.455584 0.386641 -0.617909
0.451393 0.367685 -0.579111
0.456822 0.366878 -0.579897
0.462561 0.366109 -0.580004
0.426954 0.370221 -0.596079
0.416299 0.371762 -0.596599
0.402935 0.373339 -0.596757
0.451108 0.374437 -0.370026
0.372935 0.384039 -0.436897
0.466181 0.402189 -0.533559
0.436471 0.403531 -0.559712
0.519906 0.446307 -0.294366
0.292780 0.464574 -0.479782
0.664217 0.465101 -0.648640
0.336891 0.506920 -0.960115
0.844711 0.465618 -1.158889
0.439017 0.536982 -1.473451
0.907284 0.474259 -1.267895
0.467888 0.558426 -1.616120
0.896733 0.482717 -1.321372
0.488856 0.549224 -1.627447
0.869080 0.484641 -1.195581
0.485616 0.546052 -1.498179
0.435038 0.649416 0.089083
0.286468 0.653600 -0.089332
0.576390 0.755106 -0.268908
0.359685 0.787509 -0.501747
0.499712 0.852623 0.210337
0.349301 0.892022 -0.100454
0.456808 0.873062 0.249393
0.347090 0.899139 -0.064548
0.600771 0.891768 0.117069
0.373418 0.957190 -0.235222
0.457657 0.408167 -0.470061
0.453846 0.388379 -0.436243
0.459452 0.387403 -0.437000
0.465200 0.386573 -0.437073
0.428435 0.391740 -0.455434
0.417235 0.393300 -0.455957
0.404077 0.394659 -0.456129
0.454278 0.394515 -0.254895
0.375392 0.404796 -0.336717
0.469232 0.422897 -0.398026
0.437913 0.424342 -0.426796
0.520031 0.465116 -0.212500
0.300105 0.480880 -0.390801
0.656321 0.483733 -0.506312
0.355843 0.523676 -0.758093
0.823511 0.493845 -0.958326
0.474551 0.550332 -1.110828
0.885682 0.502276 -1.048596
0.511621 0.570125 -1.223517
0.872991 0.510897 -1.114395
0.530535 0.564147 -1.230907
0.843461 0.514045 -0.996042
0.523083 0.561372 -1.128499
0.431710 0.660422 0.091121
0.284737 0.664876 -0.091376
0.578699 0.755975 -0.186294
0.360837 0.790676 -0.518772
0.499674 0.853697 0.210828
0.348845 0.891623 -0.157828
0.457373 0.872997 0.243177
0.344748 0.897176 -0.122364
0.600253 0.892029 0.144301
0.371883 0.956849 -0.243228
0.458421 0.426129 -0.522003
0.455362 0.406177 -0.489420
0.461466 0.405228 -0.490165
0.467561 0.404310 -0.490236
0.429703 0.409276 -0.507268
0.417880 0.410428 -0.507771
0.404657 0.411760 -0.507941
0.458223 0.410656 -0.296880
0.376492 0.421111 -0.377554
0.470775 0.440488 -0.446680
0.439372 0.441329 -0.473593
0.521139 0.479672 -0.226925
0.306498 0.495166 -0.418356
0.653513 0.502622 -0.532412
0.375271 0.540130 -0.782686
0.807176 0.518737 -0.969571
0.508574 0.567797 -1.116885
0.870096 0.531653 -1.059514
0.543215 0.586455 -1.226703
0.850088 0.539383 -1.104017
0.563442 0.579864 -1.230428
0.819682 0.540536 -0.998805
0.553579 0.575912 -1.132134
0.432169 0.670279 0.092374
0.285247 0.675695 -0.092613
0.582802 0.758418 -0.253131
0.364596 0.793561 -0.610444
0.499375 0.854543 0.153083
0.349026 0.890795 -0.240030
0.457280 0.870736 0.188242
0.344525 0.895116 -0.200459
0.594844 0.892048 0.099188
0.371212 0.956602 -0.303830
0.458120 0.440033 -0.550205
0.455704 0.421672 -0.521615
0.462720 0.420626 -0.522308
0.469198 0.419622 -0.522331
0.429290 0.423493 -0.537361
0.417528 0.424419 -0.537877
0.405220 0.425937 -0.538034
0.461863 0.425004 -0.313524
0.379892 0.435572 -0.406021
0.470560 0.453599 -0.476017
0.439165 0.455131 -0.500261
0.521891 0.491286 -0.249971
0.308038 0.500755 -0.436650
0.650390 0.519175 -0.560736
0.383477 0.550788 -0.784552
0.799210 0.542906 -0.993307
0.536297 0.587027 -1.090957
0.864673 0.558912 -1.084321
0.575276 0.606670 -1.203207
0.837715 0.566061 -1.123766
0.598679 0.600734 -1.204809
0.806979 0.564999 -1.020587
0.587179 0.595523 -1.104413
0.424481 0.678875 0.094699
0.278018 0.683933 -0.094942
0.581102 0.761451 -0.196246
0.365340 0.793401 -0.670259
0.496892 0.854502 0.230948
0.348274 0.890754 -0.291611
0.454964 0.870178 0.267592
0.339376 0.895309 -0.250518
0.592380 0.891968 0.176752
0.371492 0.955154 -0.361941
0.458345 0.454632 -0.588161
0.456687 0.435605 -0.555345
0.464948 0.434486 -0.556081
0.471816 0.433277 -0.556093
0.429427 0.437324 -0.573201
0.417805 0.438574 -0.573727
0.405811 0.440354 -0.573906
0.466086 0.437493 -0.352747
0.381115 0.448673 -0.425531
0.471320 0.467848 -0.506080
0.439495 0.469890 -0.533120
0.526370 0.502669 -0.267707
0.309615 0.515537 -0.448191
0.649757 0.535011 -0.568210
0.399671 0.565609 -0.775154
0.790255 0.562658 -1.001857
0.565208 0.607019 -1.049446
0.850786 0.579054 -1.091706
0.602923 0.627208 -1.158055
0.822783 0.583905 -1.127783
0.627213 0.621349 -1.157312
0.795152 0.582029 -1.027067
0.621648 0.616495 -1.060789
0.421923 0.687601 0.096009
0.275095 0.693035 -0.096229
0.584804 0.762762 -0.169265
0.364685 0.793006 -0.704379
0.496529 0.854480 0.246590
0.351260 0.890748 -0.319786
0.453708 0.870163 0.281619
0.339816 0.895338 -0.277798
0.592396 0.892165 0.182128
0.375878 0.954751 -0.395444
0.458327 0.464049 -0.533144
0.456954 0.445855 -0.509179
0.465587 0.444441 -0.509825
0.473117 0.443007 -0.509833
0.429711 0.447308 -0.523830
0.418544 0.448166 -0.524331
0.407190 0.449748 -0.524468
0.468216 0.446521 -0.340532
0.382924 0.457231 -0.400474
0.472169 0.477102 -0.462588
0.440031 0.478498 -0.484485
0.528939 0.509338 -0.260914
0.312668 0.521585 -0.440874
0.647481 0.546646 -0.544098
0.410522 0.575820 -0.722831
0.785251 0.577229 -0.971187
0.579952 0.619590 -0.949599
0.844843 0.597239 -1.059275
0.616258 0.641242 -1.047176
0.815652 0.600634 -1.100864
0.645516 0.636218 -1.044990
0.789028 0.597668 -0.997828
0.638877 0.631466 -0.958969
0.422021 0.694842 0.095019
0.275322 0.700902 -0.095209
0.587778 0.765106 -0.258114
0.364451 0.795405 -0.644382
0.492382 0.855074 0.098148
0.354225 0.890453 -0.253682
0.445672 0.870446 0.130111
0.339912 0.894764 -0.209880
0.577750 0.894201 0.050241
0.377218 0.953909 -0.325325
0.460409 0.470562 -0.478929
0.459651 0.452848 -0.456394
0.468585 0.451166 -0.457038
0.476268 0.449968 -0.457074
0.433245 0.454405 -0.473267
0.422393 0.454812 -0.473763
0.411748 0.455716 -0.473894
0.470080 0.453389 -0.302486
0.386196 0.462353 -0.370541
0.474299 0.483217 -0.413252
0.443075 0.484433 -0.437757
0.529002 0.512852 -0.231070
0.312728 0.530424 -0.416845
0.645579 0.553016 -0.490616
0.423172 0.586421 -0.648369
0.779060 0.584356 -0.875491
0.590082 0.629353 -0.816640
0.837347 0.605912 -0.953517
0.625269 0.650645 -0.904026
0.812670 0.610424 -0.988628
0.655622 0.645367 -0.905068
0.785470 0.606495 -0.898092
0.649348 0.640649 -0.826014
0.419914 0.695609 0.093827
0.274319 0.703743 -0.094000
0.590896 0.764745 -0.250732
0.364274 0.799351 -0.622572
0.490644 0.855122 0.085462
0.355341 0.892471 -0.250653
0.442030 0.870524 0.116605
0.340156 0.895751 -0.207180
0.569993 0.895867 0.056283
0.377385 0.953692 -0.311002
0.461269 0.475273 -0.503524
0.461066 0.456745 -0.480317
0.469393 0.455084 -0.480976
0.477116 0.454014 -0.481007
0.434263 0.458838 -0.497547
0.423343 0.459247 -0.498042
0.412929 0.460092 -0.498175
0.470632 0.457036 -0.315341
0.385991 0.466142 -0.390166
0.475577 0.488054 -0.436201
0.443443 0.489270 -0.461326
0.529240 0.517376 -0.235012
0.311553 0.532228 -0.428247
0.643910 0.557524 -0.490762
0.423402 0.591250 -0.670237
0.778671 0.588652 -0.884458
0.594399 0.635069 -0.842022
0.835238 0.612120 -0.965515
0.628607 0.656900 -0.933100
0.812772 0.618248 -1.005978
0.658149 0.651238 -0.934900
0.786231 0.613481 -0.910046
0.650149 0.646076 -0.852060
0.419351 0.696374 0.094313
0.273661 0.706411 -0.094486
0.591673 0.765989 -0.210146
0.363654 0.803835 -0.602433
0.490284 0.855049 0.161113
0.355309 0.894053 -0.212019
0.441519 0.870372 0.195702
0.339413 0.896115 -0.168099
0.571576 0.895784 0.136871
0.377355 0.953724 -0.234804
0.461715 0.476649 -0.515309
0.462214 0.458169 -0.514459
0.470246 0.456792 -0.514988
0.477890 0.455727 -0.514997
0.434213 0.460871 -0.529307
0.423004 0.461803 -0.529661
0.412421 0.462813 -0.529621
0.472285 0.457593 -0.365268
0.385376 0.468653 -0.435460
0.476646 0.490277 -0.467727
0.443300 0.491812 -0.487024
0.529461 0.518126 -0.263682
0.310964 0.535858 -0.466983
0.643435 0.558921 -0.495256
0.432897 0.595465 -0.701324
0.780170 0.591137 -0.889582
0.598599 0.639885 -0.874732
0.832921 0.614385 -0.972217
0.634966 0.659590 -0.968498
0.813553 0.620485 -1.016444
0.661799 0.654518 -0.971727
0.787938 0.615472 -0.917222
0.654201 0.649823 -0.885886
0.416732 0.694736 0.095997
0.270699 0.706578 -0.096141
0.591760 0.766341 -0.198057
0.362849 0.804613 -0.598904
0.490336 0.854071 0.185555
0.355094 0.894543 -0.193924
0.441790 0.869115 0.221720
0.339407 0.896541 -0.140139
0.572914 0.895202 0.164297
0.377273 0.953641 -0.184866
0.461609 0.474764 -0.538792
0.461990 0.457451 -0.520971
0.470056 0.456020 -0.521584
0.477545 0.454291 -0.521601
0.434067 0.459380 -0.537324
0.422770 0.460724 -0.537764
0.412177 0.462068 -0.537835
0.472066 0.456222 -0.362283
0.384942 0.467978 -0.428487
0.476792 0.488118 -0.473742
0.442164 0.489956 -0.496601
0.529608 0.516730 -0.263056
0.310616 0.533024 -0.466384
0.643672 0.558462 -0.484139
0.426838 0.592740 -0.682649
0.783483 0.589620 -0.871348
0.591470 0.638964 -0.844302
0.837503 0.610983 -0.949648
0.632150 0.660332 -0.934976
0.818287 0.615454 -0.993471
0.656634 0.653335 -0.937554
0.792630 0.611096 -0.898205
0.646861 0.647345 -0.854779
0.414983 0.696196 0.097818
0.268353 0.706088 -0.097951
0.590469 0.768293 -0.196178
0.362958 0.804305 -0.595784
0.490326 0.854155 0.179120
0.354937 0.897891 -0.192580
0.441855 0.869352 0.214130
0.338605 0.900583 -0.146138
0.580417 0.895149 0.157027
0.377251 0.954396 -0.207268
0.461504 0.470296 -0.533750
0.461820 0.451761 -0.511218
0.469855 0.450072 -0.511860
0.477466 0.448855 -0.511897
0.433313 0.455395 -0.527233
0.422259 0.456338 -0.527701
0.410744 0.457989 -0.527816
0.471797 0.451541 -0.355893
0.384419 0.464994 -0.416092
0.476592 0.482893 -0.466448
0.440977 0.486451 -0.489388
0.529960 0.515153 -0.261539
0.310374 0.529405 -0.466228
0.643837 0.554640 -0.484224
0.416670 0.588821 -0.698239
0.783663 0.584090 -0.875172
0.584074 0.633115 -0.886274
0.838548 0.605569 -0.954218
0.623157 0.655479 -0.980406
0.821632 0.608826 -0.997571
0.648630 0.648831 -0.981856
0.795033 0.603917 -0.902136
0.639652 0.642661 -0.896849
0.414890 0.694462 0.098573
0.267361 0.703508 -0.098694
0.590228 0.768891 -0.208211
0.364981 0.802679 -0.595151
0.489742 0.854737 0.150283
0.354857 0.899624 -0.237393
0.441452 0.870081 0.182747
0.338341 0.901812 -0.196458
0.582353 0.895017 0.117063
0.377300 0.955355 -0.271299
0.458378 0.464292 -0.575679
0.457497 0.445773 -0.553272
0.465930 0.444509 -0.553915
0.473607 0.443181 -0.553945
0.427542 0.450197 -0.566822
0.415182 0.451490 -0.567289
0.405100 0.452701 -0.567426
0.471412 0.446179 -0.387167
0.381974 0.460462 -0.443576
0.474812 0.476611 -0.506952
0.436092 0.481141 -0.526915
0.531888 0.513775 -0.271173
0.310119 0.524788 -0.492724
0.644193 0.549794 -0.503616
0.411855 0.583264 -0.711929
0.784816 0.579262 -0.898343
0.574369 0.628048 -0.938802
0.838689 0.599227 -0.976750
0.615977 0.650425 -1.038820
0.825070 0.603569 -1.022857
0.638567 0.644595 -1.042515
0.795610 0.599036 -0.926156
0.628959 0.638598 -0.951179
0.415400 0.692213 0.103618
0.267638 0.700972 -0.103720
0.588159 0.768455 -0.198463
0.370185 0.802543 -0.614138
0.490841 0.854880 0.198032
0.354295 0.899778 -0.244467
0.443229 0.870917 0.232678
0.335748 0.902297 -0.203118
0.589174 0.894540 0.152379
0.377375 0.955539 -0.296681
0.455344 0.459287 -0.535730
0.455428 0.440787 -0.513460
0.463852 0.439462 -0.514122
0.471695 0.438223 -0.514158
0.426514 0.444489 -0.526725
0.413870 0.445642 -0.527213
0.402909 0.446988 -0.527355
0.467077 0.441662 -0.358880
0.377941 0.454800 -0.409310
0.471468 0.471983 -0.469581
0.432081 0.475562 -0.489364
0.531607 0.508682 -0.239786
0.310315 0.521141 -0.471535
0.646286 0.546141 -0.459407
0.409157 0.582787 -0.695832
0.794156 0.575276 -0.845629
0.568091 0.624578 -0.897426
0.848760 0.597246 -0.920404
0.609369 0.646848 -0.994447
0.834943 0.601521 -0.969366
0.630624 0.640963 -0.999835
0.802871 0.596905 -0.874381
0.620188 0.635112 -0.910244
0.414357 0.690386 0.107010
0.267622 0.699051 -0.107138
0.584749 0.767973 -0.166074
0.373008 0.802423 -0.605614
0.491773 0.855325 0.214607
0.354262 0.899528 -0.227539
0.444060 0.871941 0.248288
0.335904 0.902233 -0.186934
0.592538 0.894436 0.165878
0.377930 0.955541 -0.284960
0.450709 0.451652 -0.518883
0.451577 0.434200 -0.496182
0.460110 0.433060 -0.496844
0.467872 0.431866 -0.496886
0.421667 0.436550 -0.509964
0.409689 0.438125 -0.510477
0.398202 0.439580 -0.510628
0.463256 0.435468 -0.338446
0.374532 0.446313 -0.393215
0.466269 0.464918 -0.451873
0.425207 0.467734 -0.472785
0.529585 0.502039 -0.221693
0.309159 0.513744 -0.462138
0.647743 0.535515 -0.446140
0.403639 0.571472 -0.707867
0.803420 0.564161 -0.823135
0.563735 0.621865 -0.929036
0.859052 0.583506 -0.896362
0.602700 0.644058 -1.029614
0.845753 0.587633 -0.944703
0.625014 0.638365 -1.034324
0.814518 0.584195 -0.851814
0.615585 0.631767 -0.942064
0.410773 0.686603 0.108471
0.264887 0.694143 -0.108610
0.578745 0.767705 -0.151166
0.372173 0.797140 -0.605668
0.492238 0.856469 0.222148
0.353916 0.899398 -0.231332
0.444628 0.872810 0.252470
0.335993 0.902112 -0.190728
0.593432 0.894421 0.171478
0.378113 0.955679 -0.290354
0.444522 0.432768 -0.559695
0.446791 0.415018 -0.536620
0.456069 0.413820 -0.537294
0.464109 0.412599 -0.537370
0.417019 0.418024 -0.552317
0.405046 0.420167 -0.552870
0.393382 0.421806 -0.553061
0.459383 0.416974 -0.364564
0.367683 0.431262 -0.431106
0.461867 0.447252 -0.487494
0.421540 0.448536 -0.511099
0.525423 0.485995 -0.223312
0.305712 0.504284 -0.487566
0.648156 0.519717 -0.385932
0.391110 0.558350 -0.767192
0.811103 0.547613 -0.681833
0.546793 0.609171 -1.027153
0.864972 0.562705 -0.740521
0.583754 0.630918 -1.135337
0.856966 0.568693 -0.797416
0.607018 0.624635 -1.138498
0.828533 0.568217 -0.711671
0.595198 0.618841 -1.040966
0.406666 0.673339 0.110416
0.263581 0.681532 -0.110562
0.577117 0.765583 -0.109473
0.370853 0.793714 -0.601809
0.492957 0.856585 0.279063
0.353839 0.897232 -0.177381
0.446153 0.872800 0.311867
0.336062 0.900432 -0.130273
0.594112 0.894239 0.241132
0.378049 0.955413 -0.204508
0.441330 0.414312 -0.534834
0.443834 0.395665 -0.504056
0.453318 0.394580 -0.504746
0.461259 0.393627 -0.504807
0.412621 0.399096 -0.524824
0.399899 0.400179 -0.525396
0.388170 0.401549 -0.525566
0.457024 0.397792 -0.308591
0.361459 0.410869 -0.400518
0.459306 0.429357 -0.455367
0.418829 0.431266 -0.485836
0.517284 0.472239 -0.152971
0.301524 0.491482 -0.460855
0.648179 0.503808 -0.220078
0.369725 0.540800 -0.759301
0.818379 0.530181 -0.450243
0.509814 0.592769 -1.016353
0.874293 0.545264 -0.492050
0.546048 0.614879 -1.122306
0.869822 0.550905 -0.554114
0.569040 0.606826 -1.125678
0.843472 0.550340 -0.480777
0.556065 0.601553 -1.030032
0.406455 0.663672 0.116572
0.263224 0.672713 -0.116763
0.570572 0.763667 -0.096479
0.368062 0.792401 -0.533054
0.493393 0.856607 0.291833
0.353747 0.893308 -0.080292
0.447402 0.872610 0.324611
0.337160 0.897408 -0.031228
0.595586 0.894226 0.248859
0.378020 0.954069 -0.108468
0.437124 0.396785 -0.506168
0.437873 0.379852 -0.476698
0.446838 0.378806 -0.477391
0.454494 0.377587 -0.477458
0.407827 0.382288 -0.494455
0.395921 0.383461 -0.495033
0.383318 0.384778 -0.495214
0.451026 0.382433 -0.286554
0.358171 0.392428 -0.364574
0.453424 0.411930 -0.428432
0.412801 0.413830 -0.455172
0.514356 0.459555 -0.150354
0.295216 0.474652 -0.413363
0.652946 0.485404 -0.245987
0.364632 0.530701 -0.734397
0.830926 0.515786 -0.492933
0.473644 0.581809 -1.044678
0.889874 0.527529 -0.539374
0.506065 0.605158 -1.154058
0.887822 0.533395 -0.599447
0.528356 0.596323 -1.162405
0.860147 0.534325 -0.523369
0.519752 0.591026 -1.062188
0.407063 0.653585 0.115382
0.263553 0.659609 -0.115589
0.562445 0.759953 -0.055851
0.366188 0.788214 -0.499724
0.493297 0.856562 0.331068
0.353417 0.892654 -0.075481
0.447475 0.872611 0.363266
0.339161 0.896815 -0.030063
0.595464 0.894253 0.283929
0.378005 0.953820 -0.117344
0.431570 0.377420 -0.590471
0.432111 0.360244 -0.557583
0.440723 0.358738 -0.558359
0.447259 0.357859 -0.558466
0.402205 0.363913 -0.579335
0.389935 0.364785 -0.579934
0.377752 0.366049 -0.580155
0.444244 0.362222 -0.338419
0.353150 0.374173 -0.437910
0.448805 0.392511 -0.501336
0.406971 0.396548 -0.533847
0.506595 0.439989 -0.173260
0.288888 0.462157 -0.456506
0.653663 0.468887 -0.215548
0.368154 0.538714 -0.756241
0.849284 0.500470 -0.400771
0.479802 0.582264 -1.047699
0.910064 0.510654 -0.431320
0.502266 0.602383 -1.150401
0.909627 0.515475 -0.499015
0.517332 0.593318 -1.161348
0.882857 0.517101 -0.432406
0.508397 0.588838 -1.065798
0.406686 0.645102 0.119560
0.263743 0.649014 -0.119723
0.553810 0.757235 0.004844
0.363396 0.780409 -0.506409
0.494260 0.856579 0.406879
0.353367 0.891335 -0.110327
0.449952 0.873301 0.439234
0.341611 0.895888 -0.065803
0.595465 0.894382 0.343353
0.377521 0.953643 -0.158031
0.429563 0.355146 -0.582175
0.429458 0.338980 -0.549487
0.437407 0.338371 -0.550243
0.444009 0.337584 -0.550332
0.400741 0.342430 -0.570738
0.387930 0.344485 -0.571327
0.376375 0.346000 -0.571546
0.439629 0.342721 -0.331910
0.350773 0.355646 -0.433942
0.446840 0.371570 -0.496149
0.406880 0.375273 -0.528112
0.499943 0.423668 -0.171539
0.280240 0.441576 -0.454905
0.656293 0.452062 -0.181257
0.348352 0.533524 -0.772508
0.866150 0.482894 -0.334039
0.415070 0.568756 -1.100439
0.922424 0.493907 -0.356811
0.423003 0.591478 -1.198914
0.923447 0.497449 -0.427206
0.437352 0.584361 -1.218362
0.900925 0.498292 -0.366725
0.434263 0.576263 -1.122801
0.405569 0.635781 0.119062
0.265455 0.641245 -0.119230
0.544074 0.751160 0.005693
0.361792 0.774600 -0.494470
0.494225 0.856974 0.379517
0.353358 0.888655 -0.068847
0.450325 0.874668 0.407863
0.344199 0.892840 -0.025964
0.595605 0.894476 0.299821
0.376189 0.953039 -0.144750
0.425561 0.333860 -0.561059
0.424593 0.318564 -0.523010
0.431611 0.318032 -0.523885
0.438075 0.317328 -0.524032
0.398676 0.320265 -0.549855
0.386367 0.322568 -0.550513
0.374579 0.324699 -0.550818
0.430192 0.323834 -0.305700
0.346661 0.334786 -0.423787
0.441955 0.349949 -0.472952
0.405283 0.353861 -0.512195
0.494451 0.405447 -0.152304
0.270842 0.428333 -0.429681
0.664835 0.437228 -0.123017
0.308873 0.521976 -0.770740
0.877266 0.465053 -0.235855
0.352405 0.564566 -1.105402
0.932650 0.477952 -0.247940
0.357921 0.587508 -1.200071
0.935233 0.480889 -0.319718
0.368331 0.575882 -1.222419
0.913794 0.480459 -0.268072
0.368811 0.567710 -1.129354
0.408961 0.628420 0.118687
0.270365 0.636572 -0.118873
0.536680 0.751067 0.036879
0.359812 0.774076 -0.419613
0.493811 0.856930 0.395874
0.353376 0.888316 -0.004315
0.450366 0.874622 0.421248
0.345805 0.893116 0.034702
0.595608 0.894466 0.291879
0.376177 0.953046 -0.111146
0.422286 0.312242 -0.583813
0.420029 0.296676 -0.540085
0.427058 0.295820 -0.540929
0.433991 0.294743 -0.541018
0.395008 0.298037 -0.566643
0.383161 0.299713 -0.567330
0.372311 0.302059 -0.567686
0.427137 0.301206 -0.310302
0.344029 0.312907 -0.425124
0.437492 0.327932 -0.489715
0.403227 0.332095 -0.528951
0.492622 0.386264 -0.152594
0.262967 0.409288 -0.425357
0.673829 0.422834 -0.107951
0.258746 0.516330 -0.775456
0.894565 0.454653 -0.190429
0.277567 0.561322 -1.197274
0.948549 0.464194 -0.197421
0.267595 0.588766 -1.303316
0.949234 0.468848 -0.274404
0.305857 0.577558 -1.327983
0.927928 0.469632 -0.224222
0.312323 0.570675 -1.223585
0.418117 0.615460 0.114950
0.275554 0.620768 -0.115178
0.528207 0.746505 0.109407
0.359848 0.768639 -0.457985
0.493872 0.856667 0.543656
0.354440 0.887574 -0.006124
0.450360 0.873704 0.574384
0.352351 0.892358 0.036326
0.595864 0.894360 0.410147
0.376730 0.953059 -0.134416
0.418011 0.293406 -0.589444
0.414748 0.276917 -0.542024
0.422244 0.275895 -0.542859
0.430624 0.274537 -0.542902
0.389402 0.279082 -0.569355
0.377209 0.280827 -0.570048
0.367084 0.283598 -0.570375
0.425323 0.280385 -0.298008
0.340062 0.293310 -0.424112
0.433483 0.307923 -0.491890
0.399119 0.312870 -0.532367
0.494311 0.367971 -0.125237
0.259329 0.387998 -0.427162
0.678001 0.411034 -0.081657
0.227284 0.488999 -0.804992
0.896207 0.442946 -0.172976
0.224424 0.545281 -1.265934
0.958431 0.454962 -0.181844
0.208830 0.585295 -1.380618
0.955380 0.460276 -0.262898
0.250501 0.574921 -1.407975
0.930727 0.461470 -0.209019
0.261890 0.563239 -1.294576
0.426309 0.609483 0.119214
0.278507 0.613049 -0.119463
0.520295 0.744369 0.249448
0.359616 0.764553 -0.451472
0.491722 0.856656 0.703555
0.354409 0.887776 -0.019778
0.448242 0.873719 0.735041
0.353533 0.892394 0.019434
0.596211 0.894240 0.586261
0.376912 0.953702 -0.144839
0.413339 0.274080 -0.506952
0.409988 0.256956 -0.453360
0.418512 0.255942 -0.454175
0.427315 0.254823 -0.454148
0.383195 0.259583 -0.480655
0.370580 0.261560 -0.481420
0.359960 0.264239 -0.481765
0.423485 0.261231 -0.199329
0.334145 0.273752 -0.321046
0.429917 0.289475 -0.408360
0.393574 0.294344 -0.448750
0.495957 0.353184 -0.037905
0.257859 0.369543 -0.342447
0.684868 0.402004 -0.024856
0.199252 0.464463 -0.662038
0.893630 0.436520 -0.155082
0.172126 0.546460 -1.088728
0.955186 0.451707 -0.166285
0.158414 0.588723 -1.191837
0.954040 0.454953 -0.248174
0.201386 0.579539 -1.248888
0.929078 0.454519 -0.192767
0.214432 0.568196 -1.127513
0.437217 0.603490 0.119314
0.283660 0.608946 -0.119611
0.516423 0.741780 0.284736
0.359477 0.762047 -0.366599
0.489096 0.856648 0.714546
0.354285 0.887936 0.039803
0.447913 0.873819 0.743730
0.353411 0.892521 0.075014
0.593943 0.893552 0.597942
0.377140 0.954553 -0.110846
0.408132 0.256039 -0.469676
0.405843 0.238948 -0.416613
0.414612 0.238181 -0.417431
0.423746 0.237424 -0.417414
0.378933 0.241274 -0.443133
0.367803 0.242771 -0.443947
0.355373 0.245020 -0.444366
0.419755 0.242720 -0.161788
0.327896 0.254903 -0.281227
0.424103 0.272288 -0.371311
0.386883 0.275833 -0.410966
0.496542 0.337895 -0.009369
0.251897 0.351407 -0.305673
0.690541 0.396290 -0.031440
0.178535 0.443114 -0.579112
0.894951 0.436074 -0.199785
0.136549 0.540871 -0.934057
0.955929 0.451756 -0.214903
0.115669 0.583638 -1.027135
0.959085 0.455748 -0.296055
0.156553 0.579691 -1.070974
0.934218 0.454669 -0.238648
0.172603 0.567349 -0.965834
0.448543 0.597761 0.119077
0.290350 0.604020 -0.119357
0.508123 0.739869 0.422836
0.357418 0.759907 -0.193114
0.487511 0.854478 0.892330
0.351595 0.888062 0.192307
0.448297 0.873083 0.925535
0.353227 0.893912 0.224083
0.591909 0.892319 0.767047
0.377111 0.954897 0.009520
0.401534 0.241315 -0.494086
0.402128 0.223583 -0.445834
0.412101 0.223029 -0.446691
0.421539 0.222875 -0.446713
0.372266 0.225875 -0.471986
0.362061 0.227488 -0.472770
0.349334 0.229442 -0.473148
0.417098 0.228045 -0.199700
0.322632 0.239563 -0.319966
0.418010 0.258666 -0.399236
0.377551 0.261585 -0.438030
0.495246 0.326155 -0.053325
0.243912 0.340625 -0.332139
0.688242 0.389764 -0.069204
0.168081 0.439823 -0.593134
0.892216 0.435873 -0.241318
0.108794 0.545042 -0.927097
0.952634 0.453957 -0.257064
0.074771 0.586171 -1.016223
0.953254 0.458510 -0.343176
0.110962 0.580833 -1.065849
0.928097 0.456844 -0.281951
0.134932 0.570969 -0.961457
0.453707 0.591687 0.115279
0.292711 0.596729 -0.115808
0.503553 0.736439 0.477326
0.351165 0.755025 -0.067077
0.487417 0.853445 0.938115
0.349186 0.888832 0.286708
0.451833 0.872760 0.969907
0.352958 0.896928 0.313195
0.592755 0.892217 0.828088
0.376955 0.956701 0.108553
0.400944 0.231083 -0.590190
0.403839 0.215199 -0.536583
0.413483 0.215368 -0.537582
0.422173 0.215363 -0.537616
0.369085 0.215490 -0.566327
0.356507 0.216914 -0.567208
0.344815 0.218700 -0.567697
0.416599 0.221424 -0.247258
0.319826 0.229864 -0.391652
0.416887 0.248529 -0.481923
0.374879 0.253141 -0.526399
0.496141 0.316031 -0.080732
0.237957 0.331754 -0.352070
0.687011 0.387623 -0.153928
0.163212 0.436990 -0.623080
0.890688 0.444082 -0.426161
0.091995 0.545437 -1.005805
0.950869 0.462693 -0.459144
0.057741 0.588205 -1.101624
0.948809 0.466225 -0.551719
0.087125 0.584006 -1.176578
0.923995 0.464133 -0.472499
0.111671 0.572986 -1.053892
0.456970 0.584138 0.113019
0.294533 0.588535 -0.113652
0.488243 0.732168 0.532430
0.346082 0.745861 -0.052529
0.485016 0.852532 1.037982
0.346566 0.885193 0.331236
0.451814 0.872535 1.072946
0.352795 0.895212 0.359725
0.593019 0.892055 0.910107
0.374277 0.956920 0.134942
0.401216 0.223169 -0.728236
0.404865 0.207397 -0.665599
0.413980 0.207347 -0.666636
0.422629 0.207030 -0.666640
0.369144 0.208123 -0.697543
0.355224 0.209546 -0.698369
0.343865 0.210820 -0.698826
0.415624 0.213452 -0.327685
0.318555 0.222888 -0.477451
0.416397 0.241227 -0.599361
0.374254 0.244605 -0.647040
0.496619 0.311652 -0.132267
0.232842 0.329259 -0.396107
0.685768 0.389492 -0.234208
0.156362 0.441433 -0.664461
0.886123 0.449630 -0.637506
0.069951 0.547396 -1.123006
0.942680 0.468227 -0.706336
0.045208 0.588945 -1.242118
0.938332 0.471112 -0.803427
0.068814 0.588392 -1.311743
0.913134 0.471071 -0.688657
0.089291 0.573277 -1.169034
0.459951 0.581955 0.112967
0.295531 0.586468 -0.113609
0.479270 0.733178 0.551513
0.340563 0.745474 -0.035896
0.481995 0.852438 1.204924
0.345991 0.881356 0.442108
0.451861 0.872352 1.252604
0.354204 0.891950 0.476870
0.591516 0.892016 1.027851
0.370978 0.956911 0.184368
0.401216 0.217647 -0.750315
0.405058 0.202061 -0.685333
0.414189 0.201965 -0.686394
0.423076 0.201505 -0.686376
0.369549 0.202784 -0.717930
0.355911 0.204112 -0.718729
0.344095 0.205353 -0.719175
0.415121 0.208172 -0.338994
0.317923 0.216537 -0.489478
0.416968 0.235359 -0.617230
0.374702 0.239093 -0.665868
0.497132 0.307456 -0.139373
0.227372 0.328762 -0.409248
0.682245 0.392094 -0.250766
0.155892 0.443599 -0.666368
0.861820 0.450273 -0.698957
0.066138 0.549331 -1.118031
0.907639 0.481940 -0.779831
0.050348 0.590177 -1.237990
0.902411 0.483437 -0.875919
0.065775 0.591821 -1.307307
0.880142 0.476680 -0.750742
0.082286 0.575641 -1.162540
0.464895 0.581371 0.115636
0.297676 0.585465 -0.116294
0.479945 0.731254 0.588061
0.336869 0.747069 -0.028493
0.476199 0.850888 1.271685
0.344269 0.881021 0.448619
0.450148 0.871871 1.321144
0.354103 0.892081 0.482382
0.590417 0.891072 1.082026
0.369544 0.956899 0.171507
0.399643 0.218210 -0.752563
0.404177 0.200786 -0.687484
0.414271 0.200502 -0.688536
0.423591 0.200110 -0.688474
0.368831 0.201609 -0.719526
0.355808 0.202455 -0.720339
0.343267 0.203401 -0.720798
0.415983 0.206151 -0.343612
0.317726 0.214469 -0.491200
0.416280 0.234547 -0.620303
0.374655 0.237883 -0.668178
0.495919 0.306562 -0.139265
0.223744 0.328908 -0.414638
0.665741 0.393414 -0.232729
0.151311 0.450573 -0.655367
0.823954 0.465737 -0.641156
0.072154 0.551456 -1.059900
0.865545 0.497971 -0.717160
0.057647 0.599355 -1.183078
0.859718 0.502761 -0.811961
0.074115 0.601384 -1.298139
0.837424 0.495136 -0.690795
0.089520 0.585836 -1.108741
0.465456 0.580232 0.117733
0.300520 0.584546 -0.118415
0.474641 0.730005 0.569752
0.336197 0.748138 -0.027811
0.473965 0.850294 1.208551
0.343513 0.881500 0.444514
0.449276 0.871065 1.253112
0.352961 0.892348 0.477884
0.590208 0.890423 1.004765
0.368319 0.957658 0.161513
0.398966 0.214840 -0.753198
0.403651 0.198321 -0.688206
0.414650 0.198203 -0.689245
0.423911 0.197532 -0.689153
0.368142 0.199273 -0.719671
0.355886 0.200319 -0.720497
0.343073 0.201416 -0.720962
0.416275 0.204455 -0.346060
0.317984 0.213841 -0.489954
0.416888 0.231465 -0.621485
0.375174 0.234393 -0.668314
0.495995 0.309034 -0.139114
0.223008 0.329379 -0.414384
0.645653 0.397060 -0.228184
0.152126 0.452005 -0.588767
0.784492 0.481030 -0.635053
0.082102 0.562206 -0.926636
0.819612 0.513811 -0.715772
0.065613 0.609036 -1.038530
0.811758 0.517032 -0.813051
0.081671 0.611784 -1.119065
0.791973 0.508003 -0.685298
0.098146 0.598018 -0.969580
0.466004 0.581340 0.117354
0.302839 0.583982 -0.118060
0.469505 0.729325 0.549763
0.336948 0.748151 0.016527
0.472203 0.850060 1.180478
0.343562 0.881665 0.523141
0.447256 0.870985 1.224406
0.352878 0.892378 0.560423
0.586551 0.890231 0.977184
0.368233 0.957811 0.255653
0.398738 0.215128 -0.773520
0.402394 0.198569 -0.708791
0.413850 0.198619 -0.709861
0.422826 0.198108 -0.709775
0.367466 0.199298 -0.740584
0.355762 0.200310 -0.741400
0.342955 0.201506 -0.741846
0.413995 0.205063 -0.367156
0.317763 0.215174 -0.511956
0.417006 0.231145 -0.642120
0.376026 0.234865 -0.689287
0.496168 0.313151 -0.156151
0.222748 0.331179 -0.418382
0.626656 0.399157 -0.225155
0.151466 0.454999 -0.586463
0.745748 0.498887 -0.622186
0.094993 0.572360 -0.931782
0.781140 0.533337 -0.704594
0.087399 0.617170 -1.044627
0.771861 0.536521 -0.802238
0.098711 0.618507 -1.119918
0.750664 0.527211 -0.671408
0.111811 0.605832 -0.973916
0.466426 0.582806 0.115980
0.303357 0.583833 -0.116675
0.469052 0.729848 0.525720
0.337071 0.749059 -0.017854
0.471684 0.849930 1.196103
0.343099 0.881928 0.463468
0.445451 0.871054 1.244262
0.352744 0.892777 0.498255
0.586475 0.889132 1.012699
0.368240 0.958557 0.200653
0.399344 0.215837 -0.732941
0.402776 0.198906 -0.674349
0.414070 0.198856 -0.675290
0.422587 0.198223 -0.675258
0.368121 0.199845 -0.702155
0.356433 0.201024 -0.702942
0.343492 0.202421 -0.703359
0.413231 0.206018 -0.357776
0.318389 0.215665 -0.495532
0.417459 0.232417 -0.615101
0.376503 0.235495 -0.654250
0.496370 0.315060 -0.120887
0.222460 0.334009 -0.415189
0.605734 0.407537 -0.013758
0.157171 0.456939 -0.556002
0.711928 0.516216 -0.267122
0.111304 0.576399 -0.872511
0.736907 0.547850 -0.317762
0.102168 0.618594 -0.980748
0.734016 0.551805 -0.423313
0.119020 0.619691 -1.049327
0.718717 0.542572 -0.314238
0.131973 0.607715 -0.910802
0.467420 0.584430 0.115500
0.306685 0.586301 -0.116190
0.468744 0.729641 0.570654
0.336027 0.749669 0.028813
0.470914 0.849572 1.240859
0.343061 0.882728 0.520671
0.444675 0.871051 1.289790
0.352665 0.893796 0.557674
0.585441 0.888489 1.085505
0.368150 0.958712 0.284439
0.399429 0.215427 -0.724480
0.402996 0.198704 -0.668510
0.414193 0.198501 -0.669724
0.422569 0.197874 -0.669605
0.368554 0.199743 -0.697812
0.356563 0.200823 -0.698377
0.344058 0.202200 -0.698611
0.413098 0.205980 -0.353945
0.318474 0.216165 -0.486258
0.417502 0.232748 -0.606559
0.376895 0.235320 -0.649576
0.496547 0.315762 -0.116051
0.222943 0.336010 -0.413654
0.584718 0.419651 0.023336
0.162551 0.461529 -0.505937
0.673889 0.529332 -0.166353
0.120230 0.588722 -0.743403
0.689704 0.562433 -0.203678
0.110192 0.626767 -0.836432
0.688958 0.565445 -0.306169
0.126480 0.627935 -0.900778
0.676443 0.556247 -0.209930
0.140374 0.616303 -0.777200
0.467976 0.585610 0.112385
0.306992 0.588027 -0.113063
0.470577 0.729033 0.550233
0.333757 0.749768 0.055467
0.471675 0.849555 1.169933
0.343025 0.883141 0.533935
0.445409 0.871168 1.214464
0.352541 0.893958 0.570868
0.585934 0.888393 1.023602
0.368178 0.958994 0.323062
0.400041 0.216430 -0.659556
0.403363 0.199285 -0.612216
0.414250 0.198699 -0.613406
0.422711 0.198246 -0.613338
0.369137 0.200304 -0.644878
0.356782 0.201042 -0.645711
0.344234 0.202585 -0.646139
0.413119 0.206433 -0.345583
0.318732 0.216645 -0.483191
0.417681 0.234252 -0.552772
0.376975 0.236283 -0.600640
0.497743 0.316323 -0.116404
0.222702 0.337674 -0.398810
0.565561 0.429454 0.002186
0.166037 0.463695 -0.467654
0.642359 0.538921 -0.187661
0.138315 0.592629 -0.687205
0.651018 0.574692 -0.229545
0.145337 0.629534 -0.773885
0.647932 0.577480 -0.323283
0.166893 0.628630 -0.833344
0.635495 0.567699 -0.227103
0.174648 0.616661 -0.717824
0.469349 0.584750 0.102086
0.308744 0.588369 -0.102729
0.471625 0.727227 0.519207
0.333334 0.750217 0.044636
0.471856 0.849375 1.155768
0.343147 0.883759 0.478530
0.445052 0.871203 1.207848
0.352750 0.894918 0.512066
0.586004 0.888335 0.972673
0.368480 0.959279 0.273036
0.400698 0.216378 -0.618693
0.403526 0.199177 -0.572063
0.414387 0.198427 -0.573184
0.422831 0.197997 -0.573129
0.369497 0.200298 -0.606239
0.356833 0.200956 -0.607155
0.344379 0.202578 -0.607625
0.412989 0.206010 -0.313799
0.318945 0.216773 -0.465929
0.417822 0.234413 -0.512187
0.377044 0.236253 -0.562291
0.499973 0.314804 -0.103891
0.223187 0.336304 -0.382701
0.553360 0.432107 0.052215
0.168048 0.464057 -0.429305
0.605360 0.544122 -0.118733
0.166133 0.593575 -0.615008
0.610898 0.579041 -0.157850
0.171555 0.631139 -0.695682
0.609122 0.581906 -0.247052
0.200942 0.629347 -0.751800
0.598971 0.571608 -0.155034
0.209380 0.616755 -0.642370
0.471057 0.582151 0.102383
0.310913 0.588044 -0.103010
0.472870 0.726048 0.501131
0.333563 0.750470 0.013187
0.472002 0.849296 1.097689
0.342918 0.884453 0.449093
0.445126 0.871227 1.143383
0.352122 0.895608 0.483193
0.587373 0.888357 0.960379
0.370041 0.959318 0.248197
0.402127 0.216781 -0.551109
0.404026 0.199376 -0.504095
0.414485 0.198613 -0.505178
0.423210 0.198347 -0.505120
0.370476 0.200472 -0.537335
0.357478 0.201056 -0.538253
0.344893 0.202973 -0.538732
0.413132 0.206718 -0.248897
0.319087 0.217696 -0.398930
0.418209 0.234605 -0.446847
0.377675 0.236458 -0.495814
0.501875 0.314029 -0.074913
0.223350 0.334169 -0.322521
0.541706 0.434809 0.068926
0.173419 0.464320 -0.369712
0.579290 0.549075 -0.105921
0.186749 0.590955 -0.550105
0.582626 0.587705 -0.145886
0.196101 0.629746 -0.627120
0.574363 0.589800 -0.228889
0.227123 0.627051 -0.680823
0.565723 0.577081 -0.139480
0.233988 0.614392 -0.576256
0.473146 0.582620 0.095561
0.313800 0.588302 -0.096169
0.473217 0.726455 0.498678
0.331184 0.751153 0.009912
0.472119 0.849302 1.087516
0.342083 0.886145 0.441235
0.445222 0.871311 1.133838
0.352063 0.896508 0.469105
0.587218 0.888366 0.956749
0.369867 0.959533 0.235077
0.403457 0.217159 -0.488050
0.405106 0.199295 -0.443998
0.415589 0.198407 -0.445026
0.425326 0.198389 -0.444943
0.371518 0.200686 -0.471671
0.358210 0.201302 -0.472636
0.345447 0.203427 -0.473136
0.415872 0.206793 -0.206272
0.319721 0.218060 -0.330644
0.419940 0.234952 -0.390785
0.379256 0.236506 -0.432224
0.505917 0.314316 -0.053004
0.226388 0.334436 -0.263630
0.533234 0.439458 0.107779
0.187499 0.465388 -0.281819
0.557050 0.555157 0.014914
0.208079 0.591194 -0.409005
0.558254 0.588965 -0.006199
0.220374 0.629546 -0.468919
0.543662 0.591965 -0.077843
0.247879 0.625839 -0.516334
0.535099 0.580448 -0.010910
0.255135 0.613191 -0.430624
0.475894 0.582974 0.083407
0.319488 0.588523 -0.084030
0.473603 0.726761 0.440961
0.331420 0.751904 0.006796
0.471913 0.848967 0.937125
0.341536 0.886051 0.407889
0.445161 0.870903 0.973496
0.351488 0.895326 0.436577
0.586028 0.888548 0.845935
0.369712 0.959455 0.236214
0.404376 0.217751 -0.518802
0.406301 0.199396 -0.473650
0.416791 0.198396 -0.474624
0.427421 0.198435 -0.474513
0.372639 0.201112 -0.497987
0.359109 0.201828 -0.499025
0.346254 0.204020 -0.499593
0.419498 0.206664 -0.225140
0.320970 0.218037 -0.333808
0.421740 0.235444 -0.417631
0.380947 0.236710 -0.454523
0.509962 0.314049 -0.057425
0.230703 0.334609 -0.265717
0.523532 0.437154 0.089163
0.206749 0.466205 -0.261980
0.520090 0.546455 0.007645
0.220620 0.590634 -0.377001
0.513742 0.577545 -0.007267
0.228264 0.629161 -0.434936
0.512544 0.580726 -0.075318
0.255381 0.625106 -0.481732
0.508124 0.570330 -0.016310
0.262980 0.612414 -0.397584
0.479940 0.580850 0.075900
0.324629 0.587447 -0.076538
0.473771 0.727015 0.338967
0.331620 0.751499 0.005942
0.471970 0.848764 0.804236
0.341348 0.885461 0.337745
0.445214 0.870665 0.837443
0.351479 0.893804 0.365367
0.585718 0.889190 0.686575
0.367620 0.959450 0.165628
0.406748 0.218226 -0.527990
0.408385 0.199463 -0.486614
0.418871 0.198483 -0.487596
0.429923 0.198535 -0.487493
0.375221 0.201307 -0.511629
0.363089 0.201930 -0.512691
0.348939 0.203950 -0.513281
0.421675 0.206594 -0.240242
0.323134 0.217084 -0.355944
0.424423 0.235787 -0.428101
0.383671 0.236777 -0.465914
0.513040 0.312871 -0.067058
0.233817 0.333796 -0.285900
0.518028 0.435880 0.067351
0.220357 0.466281 -0.268454
0.500935 0.541410 -0.006663
0.223596 0.590014 -0.343128
0.493876 0.572486 -0.019547
0.233600 0.629113 -0.392576
0.491914 0.575306 -0.083543
0.257587 0.624963 -0.440017
0.489261 0.565416 -0.028887
0.263534 0.612232 -0.363022
0.482544 0.580549 0.076396
0.328247 0.587002 -0.077019
0.473993 0.726742 0.372304
0.331755 0.751020 -0.000533
0.471862 0.847801 0.847755
0.340859 0.885473 0.324286
0.444716 0.870077 0.881688
0.351029 0.893042 0.350607
0.585577 0.889249 0.734658
0.367172 0.959598 0.147365
0.409939 0.218510 -0.476463
0.410678 0.199562 -0.438805
0.421022 0.198644 -0.439806
0.431890 0.198596 -0.439729
0.378222 0.201606 -0.460513
0.367586 0.202258 -0.461571
0.352568 0.204134 -0.462157
0.421884 0.206885 -0.217731
0.324691 0.216832 -0.315357
0.427473 0.235941 -0.384497
0.386812 0.236896 -0.418087
0.514625 0.312404 -0.071508
0.236105 0.333523 -0.237016
0.526308 0.435276 0.078247
0.223364 0.466218 -0.214052
0.520903 0.543159 0.042655
0.219692 0.589370 -0.287933
0.515461 0.574104 0.034587
0.229650 0.628514 -0.330167
0.511194 0.577310 -0.027725
0.253135 0.624557 -0.381652
0.506595 0.567285 0.022479
0.258875 0.611944 -0.309877
0.484218 0.580729 0.065132
0.328772 0.586953 -0.065752
0.474203 0.726859 0.346204
0.331855 0.751490 -0.005501
0.472596 0.847615 0.812250
0.340633 0.885972 0.309621
0.445541 0.869806 0.846072
0.350612 0.893199 0.335581
0.585517 0.889248 0.715903
0.366938 0.959736 0.146476
0.412220 0.218824 -0.453853
0.412876 0.199771 -0.412767
0.423632 0.198863 -0.413787
0.434215 0.198717 -0.413720
0.380304 0.201940 -0.437707
0.370284 0.202613 -0.438726
0.354691 0.204393 -0.439282
0.422430 0.207081 -0.185260
0.325365 0.216601 -0.296175
0.429537 0.236151 -0.359644
0.388699 0.237149 -0.397531
0.516103 0.312808 -0.050072
0.237498 0.333683 -0.220026
0.531909 0.437780 0.112418
0.220709 0.466247 -0.225467
0.537123 0.549105 0.059759
0.215614 0.589202 -0.340750
0.537422 0.580095 0.047543
0.223575 0.628161 -0.391815
0.525804 0.583076 -0.018885
0.248939 0.624369 -0.443548
0.518555 0.572510 0.037263
0.255878 0.611861 -0.363883
0.486447 0.581294 0.064745
0.329389 0.586987 -0.065364
0.475151 0.726770 0.366424
0.331942 0.751776 -0.013173
0.472659 0.847001 0.861421
0.340549 0.886164 0.288116
0.445581 0.869044 0.897772
0.350584 0.893261 0.313192
0.584333 0.889113 0.762749
0.366879 0.960645 0.128992
0.412844 0.219137 -0.446731
0.413932 0.200108 -0.405580
0.425175 0.199190 -0.406631
0.435997 0.198977 -0.406555
0.381187 0.202362 -0.433511
0.371144 0.203074 -0.434478
0.355444 0.204807 -0.434976
0.424724 0.207349 -0.177816
0.325844 0.216860 -0.302606
0.430235 0.236368 -0.352712
0.389548 0.237450 -0.394693
0.516857 0.313174 -0.043595
0.238369 0.333116 -0.231004
0.536654 0.440075 0.095519
0.218982 0.466056 -0.257525
0.554441 0.553712 -0.015568
0.211942 0.588974 -0.391615
0.556158 0.586451 -0.039507
0.218797 0.627921 -0.449043
0.541175 0.588774 -0.110394
0.245030 0.623674 -0.500606
0.533545 0.576521 -0.041933
0.253027 0.611095 -0.415410
0.488133 0.583176 0.067571
0.330598 0.587788 -0.068186
0.477132 0.726814 0.436830
0.331980 0.752026 -0.003054
0.473100 0.846359 0.899395
0.340478 0.886077 0.301955
0.446076 0.868152 0.930072
0.350562 0.892810 0.330769
0.583940 0.889008 0.831423
0.366780 0.961587 0.171138
0.413219 0.219376 -0.446879
0.414678 0.200439 -0.404446
0.426090 0.199539 -0.405506
0.437121 0.199289 -0.405424
0.381828 0.202682 -0.433589
0.371608 0.203405 -0.434533
0.355944 0.205132 -0.435006
0.426206 0.207665 -0.171561
0.326061 0.217227 -0.303072
0.430511 0.236586 -0.351092
0.389905 0.237712 -0.394862
0.517236 0.313276 -0.035286
0.238497 0.332604 -0.234025
0.538261 0.441527 0.090762
0.213120 0.465222 -0.273615
0.564005 0.557971 -0.043229
0.210100 0.588498 -0.419650
0.567233 0.593946 -0.066918
0.215937 0.627882 -0.481297
0.553699 0.595019 -0.140396
0.242931 0.622892 -0.531708
0.545811 0.581949 -0.071139
0.251276 0.609978 -0.443392
0.489151 0.584937 0.069134
0.331100 0.589117 -0.069739
0.478087 0.727815 0.468655
0.331279 0.752622 0.006939
0.473624 0.846370 0.948572
0.340380 0.886363 0.316368
0.446990 0.867905 0.981235
0.349848 0.893498 0.342208
0.583946 0.889008 0.870441
0.366772 0.961580 0.191136
0.413989 0.219554 -0.446473
0.415657 0.200690 -0.404214
0.427175 0.199801 -0.405278
0.438174 0.199545 -0.405201
0.382684 0.202863 -0.433730
0.372426 0.203548 -0.434658
0.356691 0.205344 -0.435114
0.427003 0.207883 -0.173193
0.326378 0.217488 -0.306620
0.431203 0.236773 -0.351749
0.390788 0.237903 -0.396052
0.517379 0.313742 -0.036872
0.238766 0.332344 -0.243483
0.538979 0.440832 0.080610
0.206369 0.463810 -0.289233
0.567513 0.555094 -0.044482
0.209017 0.588346 -0.438499
0.572312 0.591290 -0.077734
0.215371 0.627814 -0.500941
0.555832 0.592237 -0.150062
0.241199 0.622753 -0.552316
0.552639 0.579666 -0.072629
0.249480 0.609858 -0.462960
0.488559 0.585003 0.071034
0.330614 0.589492 -0.071658
0.478130 0.728148 0.487810
0.330884 0.752882 0.003251
0.473774 0.846378 0.966984
0.339951 0.886968 0.303634
0.447182 0.867835 0.999709
0.347829 0.894729 0.327496
0.583945 0.889016 0.884320
0.366792 0.961873 0.152991
0.414448 0.219705 -0.446740
0.416765 0.200880 -0.404520
0.428803 0.200000 -0.405567
0.439627 0.199730 -0.405496
0.383280 0.202976 -0.431949
0.372866 0.203590 -0.432894
0.357132 0.205472 -0.433362
0.429089 0.208050 -0.175749
0.326854 0.217669 -0.300936
0.431708 0.236919 -0.353490
0.391375 0.238090 -0.395185
0.518309 0.315036 -0.038890
0.239456 0.331879 -0.242260
0.547084 0.441058 0.086166
0.202341 0.462719 -0.295066
0.591060 0.554325 -0.021353
0.208082 0.588064 -0.450343
0.590803 0.588785 -0.044776
0.210629 0.627573 -0.513974
0.586262 0.590260 -0.120541
0.237840 0.622870 -0.565557
0.580949 0.578390 -0.050007
0.247462 0.609870 -0.475060
0.488180 0.585129 0.071849
0.330255 0.589671 -0.072469
0.478465 0.728147 0.477582
0.330569 0.753731 -0.010961
0.474073 0.846361 0.964957
0.339444 0.887835 0.270166
0.447703 0.867685 0.998811
0.346394 0.896352 0.292015
0.583878 0.889002 0.873657
0.366980 0.962327 0.105969
0.414693 0.219819 -0.458659
0.417465 0.200998 -0.416091
0.429882 0.200132 -0.417134
0.440705 0.199866 -0.417065
0.383595 0.203072 -0.443327
0.372932 0.203851 -0.444278
0.357336 0.205550 -0.444755
0.431195 0.208150 -0.183478
0.327235 0.217737 -0.308806
0.432090 0.237030 -0.364418
0.391743 0.238121 -0.405886
0.519698 0.316019 -0.041669
0.240092 0.331804 -0.244250
0.556625 0.442002 0.087624
0.199749 0.461958 -0.318520
0.613440 0.554360 0.009957
0.205424 0.587867 -0.489971
0.616393 0.587109 -0.004411
0.204053 0.627852 -0.553150
0.616300 0.588882 -0.084513
0.230770 0.623651 -0.603034
0.606476 0.578260 -0.019645
0.241179 0.610357 -0.515160
0.488041 0.585169 0.072648
0.330085 0.589741 -0.073272
0.478504 0.728154 0.473376
0.330558 0.754455 -0.031281
0.474352 0.846333 0.953800
0.338932 0.888526 0.239321
0.448094 0.867360 0.984954
0.344811 0.897369 0.260013
0.583652 0.889007 0.870043
0.367098 0.962923 0.072086
0.415166 0.219924 -0.489858
0.418270 0.201196 -0.445104
0.430935 0.200285 -0.446167
0.441688 0.199936 -0.446090
0.384111 0.203455 -0.474401
0.373200 0.204375 -0.475338
0.357692 0.205828 -0.475804
0.432682 0.208259 -0.202101
0.327608 0.217796 -0.336492
0.432580 0.237108 -0.391821
0.392244 0.238516 -0.436132
0.519966 0.316898 -0.045677
0.240413 0.331901 -0.279817
0.564446 0.442087 0.083909
0.198745 0.461984 -0.366600
0.633667 0.553393 -0.012890
0.204177 0.589257 -0.556671
0.643143 0.586066 -0.032125
0.196420 0.628753 -0.626258
0.643409 0.587913 -0.112271
0.220385 0.625785 -0.678315
0.630046 0.577722 -0.043347
0.232359 0.612300 -0.583603
0.487916 0.585198 0.079095
0.329945 0.589893 -0.079705
0.478543 0.728166 0.511228
0.331021 0.754568 -0.031586
0.474451 0.846337 1.012288
0.338624 0.888832 0.256192
0.448386 0.867226 1.047088
0.343500 0.897942 0.278127
0.583536 0.889015 0.923824
0.367294 0.963523 0.078131
0.415738 0.220143 -0.508787
0.419108 0.201509 -0.462269
0.431891 0.200540 -0.463338
0.442519 0.200099 -0.463275
0.384791 0.203973 -0.491953
0.373734 0.205004 -0.492883
0.358195 0.206249 -0.493357
0.433700 0.208491 -0.212849
0.328023 0.218018 -0.349400
0.433243 0.237287 -0.408864
0.392927 0.238996 -0.453709
0.520146 0.317411 -0.051114
0.240804 0.331959 -0.297309
0.570330 0.442654 0.081967
0.198909 0.462520 -0.398475
0.654599 0.552767 -0.022531
0.202384 0.590642 -0.610342
0.669790 0.585654 -0.042037
0.190799 0.629946 -0.684335
0.671128 0.587368 -0.124025
0.213171 0.627271 -0.738132
0.658524 0.577131 -0.053778
0.225610 0.613677 -0.638885
0.487660 0.585291 0.082956
0.329716 0.590346 -0.083561
0.478575 0.728239 0.514102
0.332068 0.755051 -0.037063
0.474489 0.846377 1.027883
0.338495 0.888932 0.259554
0.448552 0.867201 1.064354
0.342894 0.898004 0.281894
0.583571 0.889048 0.937175
0.367364 0.963784 0.075346
0.416269 0.220248 -0.519340
0.419875 0.201697 -0.471802
0.432655 0.200692 -0.472877
0.443102 0.200189 -0.472830
0.385375 0.204267 -0.500994
0.374175 0.205335 -0.501927
0.358626 0.206466 -0.502410
0.434427 0.208614 -0.218709
0.328609 0.218178 -0.353610
0.433751 0.237354 -0.418422
0.393766 0.239293 -0.462631
0.520349 0.317631 -0.054598
0.241291 0.332023 -0.301293
0.574528 0.442553 0.084359
0.200305 0.463876 -0.411171
0.668531 0.552281 -0.002311
0.200797 0.591698 -0.642426
0.686332 0.583600 -0.016548
0.187755 0.631158 -0.719301
0.689699 0.585829 -0.106902
0.208915 0.628822 -0.773808
0.678044 0.576707 -0.037107
0.221045 0.615084 -0.671910
0.487519 0.585656 0.084437
0.329552 0.590890 -0.085045
0.478593 0.728474 0.512039
0.332509 0.756171 -0.038435
0.474529 0.846424 1.053736
0.338343 0.888989 0.267089
0.448754 0.867142 1.093689
0.342524 0.897993 0.290265
0.583580 0.889033 0.970616
0.367371 0.964128 0.083508
0.416769 0.220856 -0.522629
0.420336 0.202328 -0.474049
0.433038 0.201256 -0.475118
0.443480 0.200614 -0.475069
0.386039 0.204942 -0.503777
0.374902 0.206053 -0.504711
0.359178 0.207074 -0.505205
0.434675 0.208926 -0.218655
0.329085 0.218797 -0.354653
0.434326 0.237867 -0.420578
0.394750 0.240164 -0.465448
0.520689 0.317760 -0.054346
0.241610 0.332042 -0.305659
0.577581 0.442404 0.093389
0.201387 0.463935 -0.430668
0.678434 0.552159 0.016553
0.200489 0.591584 -0.667315
0.696736 0.582229 0.005583
0.186858 0.631271 -0.745531
0.701916 0.584685 -0.087461
0.207887 0.629179 -0.797297
0.690358 0.576562 -0.019404
0.220311 0.615525 -0.695859
0.487604 0.585883 0.086547
0.329393 0.591229 -0.087167
0.478612 0.728726 0.515481
0.333103 0.756634 -0.041035
0.474556 0.846452 1.061054
0.338280 0.889042 0.264091
0.448818 0.867078 1.101325
0.342403 0.897984 0.287105
0.583573 0.889030 0.980618
0.367375 0.964444 0.080395
0.417405 0.221519 -0.521610
0.420886 0.203201 -0.470620
0.433473 0.202065 -0.471702
0.443851 0.201282 -0.471665
0.387078 0.205815 -0.501283
0.376175 0.206906 -0.502199
0.360166 0.207810 -0.502689
0.434782 0.209435 -0.211077
0.330112 0.219236 -0.350408
0.434824 0.238434 -0.417898
0.396168 0.240674 -0.464237
0.520801 0.317847 -0.050603
0.242169 0.332321 -0.303941
0.581800 0.442493 0.095530
0.202626 0.464671 -0.421965
0.686790 0.551838 0.007455
0.200593 0.592040 -0.656289
0.705674 0.582054 -0.006554
0.187054 0.631685 -0.733211
0.708920 0.584499 -0.098000
0.208585 0.629940 -0.785360
0.697162 0.576215 -0.028216
0.220857 0.616340 -0.684991
0.487735 0.587007 0.087384
0.329405 0.591848 -0.088007
0.478666 0.729503 0.510776
0.334041 0.756783 -0.042163
0.474584 0.846491 1.062940
0.338227 0.889042 0.266054
0.448929 0.867027 1.104278
0.342402 0.897950 0.288120
0.583466 0.889029 0.982552
0.367381 0.964606 0.084209
0.418115 0.222164 -0.520037
0.421334 0.203888 -0.470427
0.433735 0.202698 -0.471513
0.444076 0.201813 -0.471482
0.387994 0.206515 -0.500281
0.377293 0.207575 -0.501202
0.361068 0.208400 -0.501691
0.434739 0.209891 -0.208868
0.330595 0.219714 -0.350173
0.435320 0.239122 -0.417719
0.397215 0.241167 -0.462779
0.520800 0.317865 -0.047097
0.242546 0.332570 -0.301537
0.583585 0.442416 0.107717
0.202605 0.464775 -0.421722
0.689976 0.551614 0.027682
0.201025 0.591907 -0.656610
0.709675 0.581405 0.015983
0.188357 0.631588 -0.733753
0.713521 0.583980 -0.077167
0.210570 0.629912 -0.783361
0.701650 0.576151 -0.008511
0.224002 0.616267 -0.684154
0.487954 0.587732 0.087867
0.329539 0.592368 -0.088490
0.478911 0.729950 0.507799
0.334217 0.757019 -0.039290
0.474739 0.846498 1.062818
0.338207 0.888826 0.289935
0.449181 0.866857 1.104633
0.342449 0.897096 0.315384
0.583472 0.889021 0.983224
0.367294 0.964615 0.112986
0.418476 0.222747 -0.518420
0.421523 0.204306 -0.469466
0.433820 0.203063 -0.470544
0.444192 0.202086 -0.470506
0.388227 0.206994 -0.499263
0.377456 0.208110 -0.500189
0.361215 0.208890 -0.500681
0.434714 0.210108 -0.209638
0.330698 0.220291 -0.350327
0.435735 0.239636 -0.416619
0.397676 0.241802 -0.461537
0.520817 0.317889 -0.047452
0.242782 0.333160 -0.302005
0.584722 0.442378 0.103852
0.202763 0.465898 -0.418020
0.690914 0.551416 0.022047
0.202248 0.592982 -0.639105
0.709762 0.580935 0.010730
0.191351 0.633024 -0.713782
0.713923 0.583583 -0.081207
0.215738 0.631434 -0.763795
0.702469 0.576097 -0.013548
0.229557 0.617457 -0.666272
0.487957 0.588538 0.087997
0.329605 0.592807 -0.088622
0.479364 0.730184 0.506352
0.334885 0.757274 -0.038965
0.474869 0.846449 1.053007
0.338116 0.888742 0.293780
0.449398 0.866630 1.093723
0.342436 0.896507 0.319967
0.583472 0.888919 0.973236
0.367134 0.964760 0.121414
0.418955 0.223209 -0.513004
0.421777 0.204646 -0.463955
0.433960 0.203352 -0.465015
0.444347 0.202309 -0.464964
0.388592 0.207411 -0.494041
0.377838 0.208569 -0.494973
0.361555 0.209339 -0.495463
0.434693 0.210274 -0.206234
0.330934 0.220743 -0.346055
0.436276 0.239994 -0.411371
0.398372 0.242285 -0.456567
0.520817 0.317904 -0.044205
0.243336 0.333675 -0.301166
0.584326 0.442305 0.101434
0.202965 0.466582 -0.412977
0.687323 0.550840 0.017340
0.203622 0.593009 -0.630859
0.705896 0.580144 0.007192
0.196119 0.633021 -0.704720
0.710071 0.582872 -0.087859
0.224924 0.631251 -0.757778
0.698720 0.575629 -0.019926
0.237513 0.617317 -0.658972
0.487935 0.588956 0.088155
0.329756 0.593005 -0.088781
0.479973 0.730244 0.503952
0.336411 0.757298 -0.038814
0.474917 0.846406 1.038947
0.337869 0.888676 0.292737
0.449421 0.866498 1.078658
0.341850 0.896271 0.319018
0.583460 0.888883 0.964031
0.367137 0.964769 0.121172
0.419197 0.223745 -0.512491
0.421889 0.204978 -0.463729
0.434031 0.203654 -0.464789
0.444477 0.202549 -0.464739
0.388726 0.207756 -0.493716
0.377938 0.208952 -0.494648
0.361689 0.209701 -0.495137
0.434790 0.210425 -0.203912
0.331098 0.221144 -0.345093
0.436665 0.240438 -0.410969
0.398697 0.242920 -0.456293
0.520810 0.317927 -0.037275
0.244235 0.334087 -0.296471
0.583842 0.442169 0.091483
0.205117 0.467542 -0.393819
0.682890 0.549553 -0.069374
0.210377 0.594340 -0.599249
0.700681 0.579577 -0.096545
0.209948 0.633780 -0.674194
0.704120 0.582164 -0.186106
0.240569 0.631631 -0.726880
0.692581 0.574569 -0.106302
0.249978 0.617703 -0.626596
0.488473 0.588893 0.089190
0.331359 0.593010 -0.089805
0.480854 0.729771 0.494810
0.338681 0.757169 -0.042125
0.474956 0.846328 1.029410
0.337759 0.888685 0.292691
0.449445 0.866457 1.068828
0.341459 0.896253 0.318942
0.583430 0.888881 0.945701
0.367438 0.964787 0.120790
0.419366 0.224140 -0.530035
0.421920 0.205236 -0.480226
0.434027 0.203893 -0.481277
0.444477 0.202741 -0.481196
0.388812 0.208044 -0.512735
0.377973 0.209276 -0.513667
0.361770 0.209987 -0.514144
0.434777 0.210600 -0.211729
0.331236 0.221487 -0.361022
0.436896 0.240727 -0.423295
0.399010 0.243416 -0.471422
0.520824 0.317944 -0.036554
0.245109 0.334586 -0.306711
0.583562 0.442114 0.091346
0.207372 0.469934 -0.395431
0.680396 0.549285 -0.077382
0.219174 0.596636 -0.599170
0.697398 0.579526 -0.105566
0.222137 0.635388 -0.673929
0.700432 0.582098 -0.195422
0.253493 0.632536 -0.726410
0.688982 0.574371 -0.114417
0.262190 0.618411 -0.626000
0.490325 0.588895 0.092782
0.334195 0.593393 -0.093379
0.482186 0.729102 0.499672
0.339375 0.757170 -0.028403
0.475027 0.846243 1.039703
0.337842 0.889064 0.333518
0.449478 0.866400 1.079304
0.341554 0.896354 0.362081
0.583294 0.888887 0.946377
0.367964 0.964784 0.153947
0.419394 0.224317 -0.528937
0.421920 0.205323 -0.478441
0.433957 0.203975 -0.479494
0.444464 0.202794 -0.479416
0.388835 0.208168 -0.510452
0.377971 0.209426 -0.511383
0.361789 0.210120 -0.511862
0.434790 0.210663 -0.213323
0.331265 0.221724 -0.359551
0.437003 0.240849 -0.422181
0.399086 0.243576 -0.469846
0.520993 0.317963 -0.037895
0.245970 0.334984 -0.305165
0.581468 0.442432 0.076403
0.210076 0.473018 -0.379094
0.672364 0.549507 -0.094911
0.226192 0.599178 -0.557613
0.686625 0.581897 -0.124370
0.228405 0.637794 -0.629098
0.686723 0.583979 -0.210560
0.260542 0.634399 -0.678678
0.672671 0.575430 -0.130149
0.270650 0.619636 -0.582425
0.492755 0.588862 0.092684
0.337044 0.593976 -0.093282
0.483829 0.728854 0.485651
0.340437 0.757231 -0.024456
0.475553 0.846227 1.000375
0.338117 0.888899 0.336315
0.450452 0.865989 1.037376
0.341865 0.896069 0.365064
0.583303 0.888926 0.896783
0.368073 0.964175 0.162085
0.419512 0.224585 -0.517640
0.421930 0.205418 -0.472452
0.433930 0.204056 -0.473494
0.444460 0.202844 -0.473416
0.388892 0.208350 -0.503194
0.377975 0.209653 -0.504137
0.361817 0.210350 -0.504637
0.434839 0.210738 -0.216663
0.331340 0.222191 -0.358524
0.437364 0.240978 -0.417597
0.399390 0.243859 -0.463470
0.521284 0.317989 -0.053419
0.247530 0.335289 -0.304236
0.578280 0.442583 0.040710
0.213299 0.474041 -0.361676
0.659445 0.549984 -0.122847
0.233487 0.599661 -0.506909
0.668276 0.584478 -0.151737
0.232934 0.638269 -0.569643
0.666425 0.585520 -0.231780
0.265150 0.634455 -0.618829
0.651512 0.576388 -0.155124
0.276779 0.619648 -0.530518
0.495554 0.586528 0.091797
0.340172 0.593747 -0.092390
0.485513 0.727249 0.473712
0.341178 0.754863 -0.052670
0.475799 0.845966 0.934778
0.338127 0.888290 0.247213
0.451115 0.865550 0.966082
0.342338 0.895431 0.270433
0.583235 0.888923 0.828457
0.368066 0.964095 0.070862
0.419539 0.224683 -0.515185
0.421944 0.205463 -0.471498
0.433924 0.204100 -0.472549
0.444493 0.202877 -0.472463
0.388900 0.208409 -0.502068
0.377932 0.209736 -0.503015
0.361824 0.210432 -0.503516
0.435178 0.210781 -0.217535
0.331503 0.222350 -0.357939
0.437431 0.241086 -0.416107
0.399414 0.243924 -0.461699
0.521300 0.317974 -0.054256
0.248586 0.335473 -0.303547
0.573299 0.442909 0.048120
0.216614 0.474645 -0.360572
0.644958 0.551217 -0.107897
0.239002 0.600173 -0.518532
0.654848 0.587142 -0.137563
0.238110 0.638720 -0.585602
0.650693 0.587958 -0.219538
0.272010 0.634330 -0.635388
0.635145 0.578218 -0.140938
0.283411 0.619579 -0.542930
0.496573 0.585418 0.091775
0.340831 0.593623 -0.092369
0.486812 0.727184 0.474704
0.341711 0.753548 -0.037512
0.475990 0.846551 0.931825
0.338037 0.888339 0.251314
0.451187 0.866694 0.961905
0.342317 0.896135 0.272284
0.584658 0.889208 0.811786
0.368156 0.964087 0.084220
0.419544 0.224761 -0.495533
0.421947 0.205497 -0.454061
0.433918 0.204135 -0.455126
0.444513 0.202899 -0.455035
0.388903 0.208456 -0.484420
0.377882 0.209806 -0.485372
0.361829 0.210508 -0.485868
0.435392 0.210797 -0.213561
0.331671 0.222470 -0.352821
0.437436 0.241170 -0.399234
0.399413 0.243963 -0.444493
0.521304 0.317849 -0.053370
0.250319 0.335509 -0.300203
0.569253 0.443938 0.050599
0.220594 0.474940 -0.352829
0.634046 0.553413 -0.095999
0.245859 0.600259 -0.500069
0.642449 0.589179 -0.123135
0.241861 0.638648 -0.564558
0.638960 0.589414 -0.206976
0.279075 0.634104 -0.612426
0.624489 0.579489 -0.129859
0.290739 0.619522 -0.523207
0.497823 0.585006 0.091611
0.341330 0.593639 -0.092205
0.487713 0.727093 0.481922
0.341745 0.753272 -0.021072
0.476007 0.847066 0.932830
0.338033 0.888342 0.267868
0.451198 0.867943 0.961766
0.342561 0.896320 0.288057
0.585605 0.889507 0.817735
0.368166 0.964068 0.106076
0.419613 0.224871 -0.440536
0.422049 0.205545 -0.401039
0.434056 0.204182 -0.402094
0.444742 0.202944 -0.402009
0.388929 0.208493 -0.431170
0.377866 0.209847 -0.432136
0.361852 0.210545 -0.432634
0.436109 0.210815 -0.179760
0.331919 0.222506 -0.316788
0.437558 0.241324 -0.349401
0.399434 0.244018 -0.394282
0.521345 0.317767 -0.037727
0.251627 0.335539 -0.273002
0.564983 0.445027 0.073062
0.223353 0.475749 -0.325348
0.623983 0.556672 -0.050639
0.250421 0.600665 -0.449563
0.629024 0.593272 -0.072812
0.243933 0.638860 -0.506209
0.625449 0.593190 -0.147548
0.283746 0.634027 -0.550840
0.613556 0.582601 -0.079388
0.295458 0.619498 -0.470417
0.498277 0.585048 0.089011
0.341748 0.593858 -0.089632
0.487973 0.727157 0.481396
0.341739 0.753581 -0.019958
0.476030 0.847876 0.899738
0.338042 0.888635 0.272418
0.451209 0.869227 0.926311
0.343355 0.896574 0.294715
0.586813 0.889742 0.798418
0.367953 0.964441 0.112893
0.419753 0.225090 -0.430028
0.422172 0.205690 -0.389369
0.434154 0.204322 -0.390428
0.444902 0.203066 -0.390341
0.388975 0.208642 -0.420830
0.377858 0.210007 -0.421794
0.361880 0.210685 -0.422289
0.436471 0.210896 -0.166385
0.332078 0.222599 -0.308824
0.437778 0.241505 -0.337747
0.399523 0.244163 -0.384383
0.521337 0.317646 -0.027771
0.252458 0.335613 -0.266459
0.560813 0.445349 0.081797
0.225424 0.475702 -0.313489
0.610627 0.557553 -0.045290
0.255207 0.600561 -0.422302
0.615020 0.594907 -0.068446
0.246625 0.638817 -0.476760
0.609334 0.594833 -0.140361
0.287580 0.633962 -0.521375
0.599229 0.583296 -0.072852
0.299523 0.619434 -0.442437
0.499287 0.585064 0.088709
0.343158 0.594157 -0.089336
0.488233 0.727168 0.498046
0.342140 0.753631 -0.020560
0.476062 0.848224 0.920785
0.338038 0.889165 0.265087
0.451292 0.869865 0.949421
0.343634 0.897347 0.287700
0.588877 0.889832 0.822213
0.367967 0.965149 0.113029
0.420071 0.225271 -0.433255
0.422578 0.205802 -0.392364
0.434638 0.204422 -0.393429
0.445336 0.203158 -0.393346
0.389156 0.208769 -0.424040
0.377929 0.210137 -0.425001
0.362005 0.210800 -0.425502
0.437185 0.210944 -0.167141
0.332283 0.222635 -0.310603
0.438460 0.241626 -0.340072
0.399721 0.244329 -0.387050
0.521505 0.317307 -0.027625
0.252918 0.335623 -0.266123
0.559812 0.445693 0.077836
0.226020 0.475601 -0.306348
0.603730 0.559396 -0.069463
0.257509 0.600487 -0.404487
0.606559 0.597997 -0.097474
0.249998 0.638754 -0.457211
0.597435 0.596590 -0.163191
0.289418 0.633801 -0.503040
0.588437 0.584048 -0.095172
0.301271 0.619275 -0.424739
0.501061 0.585084 0.088735
0.343908 0.594387 -0.089363
0.488097 0.727147 0.516326
0.343448 0.753665 -0.024234
0.475777 0.848049 0.931190
0.338054 0.889844 0.253436
0.451224 0.869827 0.961575
0.343687 0.898077 0.275993
0.588919 0.889804 0.827937
0.369067 0.965625 0.103267
0.420610 0.225502 -0.443465
0.423197 0.205969 -0.401776
0.435330 0.204576 -0.402837
0.445838 0.203306 -0.402751
0.389450 0.208944 -0.433392
0.378104 0.210309 -0.434349
0.362246 0.210945 -0.434847
0.437565 0.211051 -0.172346
0.332580 0.222683 -0.311019
0.439221 0.241818 -0.348784
0.400025 0.244542 -0.395777
0.521653 0.317307 -0.028848
0.253204 0.335602 -0.268965
0.558239 0.446343 0.072259
0.225944 0.475558 -0.316120
0.599242 0.560509 -0.088569
0.258681 0.600405 -0.423548
0.599859 0.599377 -0.118857
0.252228 0.638705 -0.478832
0.588158 0.597422 -0.185707
0.290311 0.633778 -0.524843
0.580057 0.584676 -0.115136
0.302213 0.619227 -0.444100
0.501882 0.585005 0.089856
0.344987 0.594410 -0.090478
0.487680 0.726992 0.520998
0.344317 0.753703 -0.024309
0.474825 0.847910 0.931681
0.338192 0.890300 0.254272
0.450330 0.869775 0.959348
0.343693 0.898307 0.276510
0.588845 0.889550 0.830464
0.369394 0.965393 0.098382
0.420966 0.225656 -0.446210
0.423695 0.206113 -0.404549
0.435958 0.204735 -0.405604
0.446342 0.203482 -0.405509
0.389596 0.209048 -0.436252
0.378146 0.210420 -0.437212
0.362401 0.211047 -0.437711
0.437993 0.211176 -0.174138
0.332795 0.222760 -0.314661
0.439682 0.241931 -0.351109
0.400161 0.244703 -0.398183
0.521749 0.317308 -0.029183
0.253381 0.335591 -0.269881
0.557307 0.446313 0.068380
0.225619 0.475611 -0.314236
0.597265 0.560153 -0.094736
0.257752 0.600367 -0.422636
0.596030 0.598408 -0.125595
0.253380 0.638668 -0.478029
0.583035 0.596839 -0.192545
0.290369 0.633547 -0.523339
0.575704 0.584406 -0.121368
0.301831 0.619093 -0.442917
0.502472 0.584443 0.089834
0.345791 0.594412 -0.090457
0.487697 0.726577 0.517181
0.345232 0.753733 -0.021885
0.474543 0.847664 0.918777
0.338293 0.890311 0.258354
0.449700 0.869546 0.944370
0.343875 0.898279 0.281026
0.588821 0.889297 0.810755
0.369490 0.965263 0.098573
0.421244 0.225819 -0.446082
0.423997 0.206285 -0.404370
0.436273 0.204915 -0.405419
0.446634 0.203667 -0.405315
0.389739 0.209215 -0.436513
0.378217 0.210598 -0.437473
0.362581 0.211222 -0.437973
0.438256 0.211311 -0.173699
0.332948 0.222882 -0.316699
0.440031 0.242046 -0.350825
0.400355 0.244924 -0.398442
0.521798 0.317252 -0.028172
0.253497 0.335594 -0.270693
0.556994 0.446020 0.068494
0.225425 0.475621 -0.313892
0.595985 0.559895 -0.090994
0.256725 0.600356 -0.419403
0.593877 0.597793 -0.120609
0.252819 0.638636 -0.474023
0.580620 0.596550 -0.190512
0.289259 0.633344 -0.518885
0.573510 0.584339 -0.118613
0.301014 0.618966 -0.439355
0.503086 0.583882 0.089893
0.346920 0.594394 -0.090514
0.487797 0.726186 0.514880
0.346162 0.753757 -0.022022
0.474531 0.847583 0.915598
0.338460 0.890311 0.257147
0.449632 0.869510 0.941025
0.344203 0.898228 0.279428
0.588795 0.889240 0.806653
0.369644 0.965284 0.092837
0.421652 0.225998 -0.447240
0.424485 0.206560 -0.405327
0.436890 0.205232 -0.406388
0.447188 0.204012 -0.406297
0.390199 0.209399 -0.437869
0.378745 0.210749 -0.438825
0.363017 0.211356 -0.439317
0.438842 0.211542 -0.174156
0.333253 0.222896 -0.317993
0.440418 0.242195 -0.351465
0.400729 0.245028 -0.399651
0.522045 0.317282 -0.031310
0.253680 0.335598 -0.271265
0.556714 0.446007 0.058915
0.225214 0.475594 -0.312568
0.597433 0.559691 -0.096044
0.255772 0.600179 -0.422560
0.594297 0.597326 -0.125415
0.251906 0.638368 -0.477890
0.583103 0.596452 -0.194241
0.288088 0.632668 -0.524569
0.576695 0.584144 -0.123148
0.299903 0.618502 -0.443567
0.503341 0.582583 0.089751
0.347839 0.593962 -0.090367
0.488010 0.725634 0.510191
0.346940 0.753636 -0.045279
0.474554 0.847550 0.905105
0.338706 0.890329 0.215545
0.449636 0.869483 0.929905
0.344398 0.898224 0.235261
0.588774 0.889240 0.789806
0.370307 0.965336 0.034349
0.421869 0.226447 -0.459448
0.424839 0.207087 -0.419354
0.437323 0.205764 -0.420404
0.447605 0.204503 -0.420318
0.390623 0.209860 -0.450391
0.379256 0.211149 -0.451359
0.363364 0.211677 -0.451870
0.439277 0.211791 -0.194062
0.333333 0.223020 -0.332675
0.440570 0.242716 -0.366135
0.401097 0.245353 -0.412275
0.522707 0.317328 -0.052602
0.253661 0.335950 -0.281220
0.556371 0.445999 0.039887
0.224409 0.475678 -0.314441
0.597985 0.559311 -0.102078
0.255131 0.600778 -0.430385
0.594662 0.596211 -0.129858
0.250883 0.638626 -0.487500
0.586094 0.595282 -0.199011
0.287883 0.633063 -0.533960
0.579865 0.582990 -0.129094
0.299110 0.619006 -0.451518
0.503331 0.581630 0.088696
0.347860 0.593494 -0.089304
0.488147 0.725580 0.504241
0.346327 0.753630 -0.044676
0.474562 0.847499 0.901445
0.338735 0.890377 0.212475
0.449669 0.869469 0.926502
0.344480 0.898233 0.231391
0.588670 0.889205 0.786074
0.371455 0.966134 0.028562
0.422063 0.226519 -0.459609
0.425084 0.207376 -0.419908
0.437632 0.206135 -0.420958
0.447892 0.204915 -0.420874
0.390965 0.210007 -0.450556
0.379696 0.211248 -0.451525
0.363717 0.211765 -0.452036
0.439635 0.212121 -0.195031
0.333846 0.223040 -0.332622
0.440678 0.242784 -0.366729
0.401308 0.245365 -0.412393
0.523035 0.317378 -0.053061
0.253842 0.335925 -0.279826
0.556475 0.445755 0.032528
0.224070 0.475650 -0.308617
0.599694 0.555729 -0.131543
0.251629 0.600756 -0.419277
0.596763 0.592943 -0.163793
0.250668 0.638612 -0.473702
0.589332 0.590143 -0.232683
0.286686 0.633226 -0.524143
0.582409 0.577796 -0.159074
0.297190 0.619136 -0.441919
0.503392 0.580853 0.088365
0.347814 0.592568 -0.088973
0.488192 0.725390 0.496422
0.346289 0.753342 -0.055218
0.474574 0.847480 0.897153
0.338780 0.890389 0.200492
0.449688 0.869443 0.922294
0.344546 0.898225 0.219230
0.588652 0.889156 0.781179
0.371940 0.966531 0.016024
0.422307 0.226657 -0.483965
0.425378 0.207654 -0.443865
0.438021 0.206471 -0.444920
0.448209 0.205264 -0.444831
0.391281 0.210135 -0.475648
0.380083 0.211322 -0.476616
0.364037 0.211813 -0.477125
0.440015 0.212330 -0.213709
0.334303 0.223036 -0.357113
0.440758 0.242893 -0.388637
0.401446 0.245372 -0.435737
0.523354 0.317469 -0.058808
0.253892 0.335957 -0.304668
0.556548 0.445097 0.029261
0.223128 0.475639 -0.336017
0.600789 0.553531 -0.134062
0.246352 0.601391 -0.441175
0.598640 0.590681 -0.164702
0.248476 0.638893 -0.496166
0.590198 0.588128 -0.236214
0.284698 0.633843 -0.547605
0.582877 0.575934 -0.162764
0.294641 0.619685 -0.464121
0.503072 0.580708 0.090639
0.347657 0.592154 -0.091229
0.488025 0.725204 0.505665
0.346072 0.752959 -0.056675
0.474450 0.847324 0.897779
0.338907 0.890565 0.190365
0.449411 0.869377 0.925607
0.344818 0.898221 0.207832
0.588150 0.889116 0.788824
0.372040 0.966864 0.001167
0.422596 0.226911 -0.481993
0.426349 0.208006 -0.441467
0.439612 0.206864 -0.442521
0.449226 0.205724 -0.442431
0.391968 0.210263 -0.473052
0.381071 0.211352 -0.474019
0.364858 0.211829 -0.474527
0.441397 0.212539 -0.210835
0.335067 0.222853 -0.353673
0.440932 0.243213 -0.386616
0.401460 0.245434 -0.433478
0.523543 0.317529 -0.057290
0.253922 0.336010 -0.301835
0.556614 0.444576 0.031544
0.223007 0.475628 -0.332008
0.603551 0.553144 -0.127807
0.241164 0.601387 -0.435634
0.602424 0.590283 -0.157397
0.243525 0.638885 -0.490038
0.594963 0.588136 -0.228751
0.279530 0.633964 -0.541699
0.587042 0.576021 -0.156240
0.290264 0.619822 -0.458738
0.502898 0.580696 0.090621
0.347482 0.591862 -0.091211
0.487999 0.725414 0.502084
0.346213 0.752950 -0.054562
0.474430 0.848163 0.900881
0.339335 0.890622 0.194302
0.449361 0.870069 0.927690
0.345673 0.898218 0.211786
0.588163 0.889724 0.791725
0.372223 0.966868 0.007874
0.422970 0.227246 -0.478221
0.426923 0.208298 -0.439587
0.440364 0.207188 -0.440644
0.449718 0.206050 -0.440576
0.392483 0.210409 -0.470383
0.381715 0.211425 -0.471338
0.365407 0.211869 -0.471829
0.441631 0.212721 -0.209277
0.335441 0.222800 -0.351932
0.441195 0.243659 -0.385422
0.401544 0.245563 -0.431281
0.523709 0.317533 -0.061367
0.253810 0.336269 -0.297809
0.557068 0.443980 0.029205
0.222759 0.475763 -0.322870
0.612582 0.551242 -0.127548
0.237766 0.601426 -0.428611
0.614847 0.588135 -0.157141
0.239125 0.638878 -0.481174
0.610076 0.586936 -0.229512
0.276236 0.634042 -0.534309
0.600433 0.575157 -0.156393
0.286934 0.619980 -0.452464
0.502644 0.580477 0.088898
0.347043 0.591296 -0.089491
0.487915 0.725416 0.479052
0.345842 0.752862 -0.057354
0.474387 0.848155 0.878886
0.339473 0.890624 0.196664
0.449116 0.870061 0.904282
0.345978 0.898153 0.215170
0.588154 0.889826 0.771857
0.372351 0.967225 0.018372
0.423271 0.227493 -0.481507
0.427417 0.208507 -0.441798
0.440921 0.207398 -0.442853
0.450111 0.206264 -0.442789
0.393035 0.210556 -0.473134
0.382358 0.211515 -0.474087
0.366041 0.211932 -0.474579
0.441730 0.212843 -0.210895
0.335555 0.222799 -0.354290
0.441427 0.244027 -0.387444
0.401671 0.245691 -0.433947
0.523864 0.317551 -0.062250
0.253753 0.336450 -0.297710
0.558047 0.443696 0.026003
0.222620 0.475489 -0.326451
0.619258 0.549460 -0.138248
0.234920 0.600942 -0.433154
0.623589 0.585792 -0.168291
0.236394 0.638298 -0.485034
0.620811 0.585142 -0.242745
0.272795 0.633958 -0.539647
0.610198 0.573689 -0.168358
0.282985 0.619946 -0.457618
0.502537 0.580463 0.088772
0.346930 0.591071 -0.089361
0.487823 0.725361 0.475670
0.345742 0.752753 -0.075283
0.474319 0.848144 0.881352
0.339661 0.890709 0.165434
0.448804 0.870032 0.907016
0.346196 0.898170 0.182642
0.587961 0.890095 0.775694
0.372530 0.967238 -0.013810
